#pragma once
// Generated by RENOVICE_TOOLCHAIN/injection/build_automatic_damage_runtime.ps1.
namespace renovice::injection {
inline constexpr unsigned char automatic_damage_runtime_bytecode[]{
    0x09, 0x03, 0x87, 0x02, 0x06, 0x6e, 0x75, 0x6d, 0x62, 0x65, 0x72, 0x07, 0x62, 0x6f, 0x6f, 0x6c,
    0x65, 0x61, 0x6e, 0x06, 0x68, 0x65, 0x61, 0x6c, 0x74, 0x68, 0x08, 0x68, 0x65, 0x61, 0x6c, 0x74,
    0x68, 0x4f, 0x6b, 0x09, 0x6d, 0x61, 0x78, 0x48, 0x65, 0x61, 0x6c, 0x74, 0x68, 0x0b, 0x6d, 0x61,
    0x78, 0x48, 0x65, 0x61, 0x6c, 0x74, 0x68, 0x4f, 0x6b, 0x06, 0x73, 0x68, 0x69, 0x65, 0x6c, 0x64,
    0x08, 0x73, 0x68, 0x69, 0x65, 0x6c, 0x64, 0x4f, 0x6b, 0x09, 0x6d, 0x61, 0x78, 0x53, 0x68, 0x69,
    0x65, 0x6c, 0x64, 0x0b, 0x6d, 0x61, 0x78, 0x53, 0x68, 0x69, 0x65, 0x6c, 0x64, 0x4f, 0x6b, 0x09,
    0x6f, 0x76, 0x65, 0x72, 0x67, 0x75, 0x61, 0x72, 0x64, 0x0b, 0x6f, 0x76, 0x65, 0x72, 0x67, 0x75,
    0x61, 0x72, 0x64, 0x4f, 0x6b, 0x06, 0x61, 0x72, 0x6d, 0x6f, 0x75, 0x72, 0x08, 0x61, 0x72, 0x6d,
    0x6f, 0x75, 0x72, 0x4f, 0x6b, 0x06, 0x6b, 0x69, 0x6c, 0x6c, 0x65, 0x64, 0x08, 0x6b, 0x69, 0x6c,
    0x6c, 0x65, 0x64, 0x4f, 0x6b, 0x04, 0x64, 0x65, 0x61, 0x64, 0x06, 0x64, 0x65, 0x61, 0x64, 0x4f,
    0x6b, 0x0e, 0x72, 0x61, 0x67, 0x64, 0x6f, 0x6c, 0x6c, 0x50, 0x72, 0x65, 0x73, 0x65, 0x6e, 0x74,
    0x09, 0x72, 0x61, 0x67, 0x64, 0x6f, 0x6c, 0x6c, 0x4f, 0x6b, 0x01, 0x3a, 0x04, 0x6e, 0x6f, 0x6e,
    0x65, 0x01, 0x2c, 0x0e, 0x72, 0x61, 0x6e, 0x67, 0x65, 0x3d, 0x30, 0x2d, 0x31, 0x39, 0x3b, 0x6f,
    0x6b, 0x3d, 0x08, 0x3b, 0x66, 0x61, 0x69, 0x6c, 0x65, 0x64, 0x3d, 0x15, 0x3b, 0x6e, 0x6f, 0x6e,
    0x7a, 0x65, 0x72, 0x6f, 0x3d, 0x69, 0x6e, 0x64, 0x65, 0x78, 0x3a, 0x63, 0x6f, 0x75, 0x6e, 0x74,
    0x3d, 0x0b, 0x75, 0x6e, 0x61, 0x76, 0x61, 0x69, 0x6c, 0x61, 0x62, 0x6c, 0x65, 0x22, 0x3b, 0x6e,
    0x6f, 0x6e, 0x7a, 0x65, 0x72, 0x6f, 0x3d, 0x69, 0x6e, 0x64, 0x65, 0x78, 0x3a, 0x66, 0x72, 0x61,
    0x63, 0x74, 0x69, 0x6f, 0x6e, 0x3a, 0x72, 0x65, 0x71, 0x75, 0x65, 0x73, 0x74, 0x65, 0x64, 0x3d,
    0x05, 0x74, 0x61, 0x62, 0x6c, 0x65, 0x06, 0x74, 0x61, 0x72, 0x67, 0x65, 0x74, 0x0d, 0x64, 0x61,
    0x6d, 0x61, 0x67, 0x65, 0x43, 0x6f, 0x6e, 0x74, 0x72, 0x6f, 0x6c, 0x0a, 0x64, 0x61, 0x6d, 0x61,
    0x67, 0x65, 0x44, 0x61, 0x74, 0x61, 0x0c, 0x72, 0x65, 0x71, 0x75, 0x65, 0x73, 0x74, 0x65, 0x64,
    0x52, 0x61, 0x77, 0x02, 0x69, 0x64, 0x05, 0x74, 0x72, 0x61, 0x63, 0x65, 0x07, 0x63, 0x6f, 0x6e,
    0x74, 0x65, 0x78, 0x74, 0x06, 0x62, 0x65, 0x66, 0x6f, 0x72, 0x65, 0x0c, 0x73, 0x74, 0x61, 0x74,
    0x75, 0x73, 0x42, 0x65, 0x66, 0x6f, 0x72, 0x65, 0x0f, 0x42, 0x41, 0x54, 0x54, 0x4c, 0x45, 0x5f,
    0x54, 0x58, 0x5f, 0x42, 0x45, 0x47, 0x49, 0x4e, 0x05, 0x6c, 0x61, 0x62, 0x65, 0x6c, 0x09, 0x70,
    0x72, 0x6f, 0x74, 0x6f, 0x74, 0x79, 0x70, 0x65, 0x0b, 0x69, 0x6e, 0x73, 0x74, 0x72, 0x75, 0x63,
    0x74, 0x69, 0x6f, 0x6e, 0x06, 0x73, 0x6f, 0x75, 0x72, 0x63, 0x65, 0x0b, 0x73, 0x6f, 0x75, 0x72,
    0x63, 0x65, 0x4b, 0x6e, 0x6f, 0x77, 0x6e, 0x0d, 0x73, 0x6f, 0x75, 0x72, 0x63, 0x65, 0x41, 0x62,
    0x69, 0x6c, 0x69, 0x74, 0x79, 0x12, 0x73, 0x6f, 0x75, 0x72, 0x63, 0x65, 0x41, 0x62, 0x69, 0x6c,
    0x69, 0x74, 0x79, 0x4b, 0x6e, 0x6f, 0x77, 0x6e, 0x05, 0x62, 0x61, 0x74, 0x63, 0x68, 0x07, 0x62,
    0x61, 0x74, 0x63, 0x68, 0x49, 0x64, 0x0d, 0x74, 0x61, 0x72, 0x67, 0x65, 0x74, 0x4f, 0x72, 0x64,
    0x69, 0x6e, 0x61, 0x6c, 0x0c, 0x70, 0x65, 0x6e, 0x64, 0x69, 0x6e, 0x67, 0x44, 0x65, 0x70, 0x74,
    0x68, 0x0b, 0x63, 0x61, 0x6c, 0x63, 0x75, 0x6c, 0x61, 0x74, 0x69, 0x6f, 0x6e, 0x08, 0x6d, 0x6f,
    0x64, 0x69, 0x66, 0x69, 0x65, 0x72, 0x0c, 0x6d, 0x6f, 0x64, 0x69, 0x66, 0x69, 0x65, 0x72, 0x4e,
    0x61, 0x6d, 0x65, 0x0d, 0x6d, 0x6f, 0x64, 0x69, 0x66, 0x69, 0x65, 0x72, 0x56, 0x61, 0x6c, 0x75,
    0x65, 0x0d, 0x6d, 0x6f, 0x64, 0x69, 0x66, 0x69, 0x65, 0x72, 0x53, 0x63, 0x61, 0x6c, 0x65, 0x11,
    0x6d, 0x6f, 0x64, 0x69, 0x66, 0x69, 0x65, 0x72, 0x53, 0x63, 0x61, 0x6c, 0x65, 0x4e, 0x61, 0x6d,
    0x65, 0x12, 0x6d, 0x6f, 0x64, 0x69, 0x66, 0x69, 0x65, 0x72, 0x53, 0x63, 0x61, 0x6c, 0x65, 0x56,
    0x61, 0x6c, 0x75, 0x65, 0x0e, 0x62, 0x61, 0x73, 0x65, 0x4d, 0x75, 0x6c, 0x74, 0x69, 0x70, 0x6c,
    0x69, 0x65, 0x72, 0x0d, 0x62, 0x6f, 0x6e, 0x75, 0x73, 0x50, 0x65, 0x72, 0x53, 0x74, 0x61, 0x63,
    0x6b, 0x12, 0x42, 0x41, 0x54, 0x54, 0x4c, 0x45, 0x5f, 0x53, 0x54, 0x41, 0x54, 0x45, 0x5f, 0x42,
    0x45, 0x47, 0x49, 0x4e, 0x11, 0x42, 0x41, 0x54, 0x54, 0x4c, 0x45, 0x5f, 0x4c, 0x49, 0x46, 0x45,
    0x5f, 0x42, 0x45, 0x47, 0x49, 0x4e, 0x13, 0x42, 0x41, 0x54, 0x54, 0x4c, 0x45, 0x5f, 0x53, 0x54,
    0x41, 0x54, 0x55, 0x53, 0x5f, 0x42, 0x45, 0x47, 0x49, 0x4e, 0x13, 0x42, 0x41, 0x54, 0x54, 0x4c,
    0x45, 0x5f, 0x44, 0x41, 0x4d, 0x41, 0x47, 0x45, 0x5f, 0x49, 0x4e, 0x50, 0x55, 0x54, 0x08, 0x73,
    0x74, 0x6f, 0x63, 0x6b, 0x52, 0x61, 0x77, 0x0a, 0x6d, 0x75, 0x6c, 0x74, 0x69, 0x70, 0x6c, 0x69,
    0x65, 0x72, 0x0b, 0x6f, 0x62, 0x73, 0x65, 0x72, 0x76, 0x65, 0x64, 0x52, 0x61, 0x77, 0x0c, 0x69,
    0x6e, 0x73, 0x74, 0x61, 0x6c, 0x6c, 0x65, 0x64, 0x52, 0x61, 0x77, 0x10, 0x42, 0x41, 0x54, 0x54,
    0x4c, 0x45, 0x5f, 0x53, 0x54, 0x41, 0x54, 0x45, 0x5f, 0x45, 0x4e, 0x44, 0x0f, 0x76, 0x69, 0x73,
    0x69, 0x62, 0x6c, 0x65, 0x50, 0x6f, 0x6f, 0x6c, 0x4c, 0x6f, 0x73, 0x73, 0x0f, 0x42, 0x41, 0x54,
    0x54, 0x4c, 0x45, 0x5f, 0x4c, 0x49, 0x46, 0x45, 0x5f, 0x45, 0x4e, 0x44, 0x11, 0x42, 0x41, 0x54,
    0x54, 0x4c, 0x45, 0x5f, 0x53, 0x54, 0x41, 0x54, 0x55, 0x53, 0x5f, 0x45, 0x4e, 0x44, 0x0b, 0x42,
    0x41, 0x54, 0x54, 0x4c, 0x45, 0x5f, 0x4d, 0x41, 0x54, 0x48, 0x0b, 0x72, 0x65, 0x73, 0x74, 0x6f,
    0x72, 0x65, 0x64, 0x52, 0x61, 0x77, 0x0b, 0x72, 0x65, 0x70, 0x6f, 0x72, 0x74, 0x65, 0x64, 0x52,
    0x61, 0x77, 0x17, 0x76, 0x69, 0x73, 0x69, 0x62, 0x6c, 0x65, 0x50, 0x6f, 0x6f, 0x6c, 0x4c, 0x6f,
    0x73, 0x73, 0x43, 0x6f, 0x6d, 0x70, 0x6c, 0x65, 0x74, 0x65, 0x17, 0x72, 0x61, 0x77, 0x4d, 0x69,
    0x6e, 0x75, 0x73, 0x56, 0x69, 0x73, 0x69, 0x62, 0x6c, 0x65, 0x50, 0x6f, 0x6f, 0x6c, 0x4c, 0x6f,
    0x73, 0x73, 0x17, 0x76, 0x69, 0x73, 0x69, 0x62, 0x6c, 0x65, 0x54, 0x6f, 0x49, 0x6e, 0x73, 0x74,
    0x61, 0x6c, 0x6c, 0x65, 0x64, 0x52, 0x61, 0x74, 0x69, 0x6f, 0x07, 0x72, 0x65, 0x73, 0x75, 0x6c,
    0x74, 0x73, 0x04, 0x6e, 0x75, 0x6c, 0x6c, 0x04, 0x74, 0x72, 0x75, 0x65, 0x05, 0x66, 0x61, 0x6c,
    0x73, 0x65, 0x01, 0x5c, 0x02, 0x5c, 0x5c, 0x01, 0x22, 0x02, 0x5c, 0x22, 0x01, 0x0a, 0x02, 0x5c,
    0x6e, 0x01, 0x0d, 0x02, 0x5c, 0x72, 0x01, 0x09, 0x02, 0x5c, 0x74, 0x08, 0x66, 0x75, 0x6e, 0x63,
    0x74, 0x69, 0x6f, 0x6e, 0x06, 0x73, 0x74, 0x72, 0x69, 0x6e, 0x67, 0x02, 0x25, 0x63, 0x01, 0x7b,
    0x01, 0x7d, 0x3e, 0x7b, 0x22, 0x61, 0x76, 0x61, 0x69, 0x6c, 0x61, 0x62, 0x6c, 0x65, 0x22, 0x3a,
    0x66, 0x61, 0x6c, 0x73, 0x65, 0x2c, 0x22, 0x72, 0x65, 0x61, 0x73, 0x6f, 0x6e, 0x22, 0x3a, 0x22,
    0x67, 0x65, 0x74, 0x74, 0x65, 0x72, 0x2d, 0x75, 0x6e, 0x61, 0x76, 0x61, 0x69, 0x6c, 0x61, 0x62,
    0x6c, 0x65, 0x2d, 0x6f, 0x72, 0x2d, 0x6e, 0x6f, 0x74, 0x2d, 0x74, 0x61, 0x62, 0x6c, 0x65, 0x22,
    0x7d, 0x37, 0x7b, 0x22, 0x61, 0x76, 0x61, 0x69, 0x6c, 0x61, 0x62, 0x6c, 0x65, 0x22, 0x3a, 0x74,
    0x72, 0x75, 0x65, 0x2c, 0x22, 0x6f, 0x72, 0x69, 0x67, 0x69, 0x6e, 0x22, 0x3a, 0x22, 0x41, 0x76,
    0x61, 0x74, 0x61, 0x72, 0x2e, 0x47, 0x65, 0x74, 0x53, 0x63, 0x72, 0x69, 0x70, 0x74, 0x42, 0x6c,
    0x61, 0x63, 0x6b, 0x62, 0x6f, 0x61, 0x72, 0x64, 0x22, 0x3f, 0x2c, 0x22, 0x53, 0x63, 0x6f, 0x70,
    0x65, 0x22, 0x3a, 0x22, 0x73, 0x63, 0x72, 0x69, 0x70, 0x74, 0x2d, 0x73, 0x74, 0x61, 0x74, 0x65,
    0x2d, 0x6e, 0x75, 0x6d, 0x65, 0x72, 0x69, 0x63, 0x2d, 0x61, 0x6e, 0x64, 0x2d, 0x62, 0x6f, 0x6f,
    0x6c, 0x65, 0x61, 0x6e, 0x2d, 0x66, 0x69, 0x65, 0x6c, 0x64, 0x73, 0x2d, 0x6f, 0x6e, 0x6c, 0x79,
    0x22, 0x2c, 0x22, 0x44, 0x61, 0x74, 0x61, 0x22, 0x3a, 0x0d, 0x2c, 0x22, 0x54, 0x72, 0x75, 0x6e,
    0x63, 0x61, 0x74, 0x65, 0x64, 0x22, 0x3a, 0x0b, 0x2c, 0x22, 0x4f, 0x6d, 0x69, 0x74, 0x74, 0x65,
    0x64, 0x22, 0x3a, 0x0b, 0x61, 0x62, 0x69, 0x6c, 0x69, 0x74, 0x79, 0x54, 0x79, 0x70, 0x65, 0x08,
    0x62, 0x75, 0x66, 0x66, 0x54, 0x79, 0x70, 0x65, 0x08, 0x62, 0x75, 0x66, 0x66, 0x44, 0x61, 0x74,
    0x61, 0x0d, 0x62, 0x75, 0x66, 0x66, 0x44, 0x61, 0x74, 0x61, 0x45, 0x78, 0x74, 0x72, 0x61, 0x0a,
    0x69, 0x6e, 0x73, 0x74, 0x69, 0x67, 0x61, 0x74, 0x6f, 0x72, 0x0b, 0x61, 0x75, 0x67, 0x6d, 0x65,
    0x6e, 0x74, 0x54, 0x79, 0x70, 0x65, 0x07, 0x61, 0x64, 0x64, 0x42, 0x75, 0x66, 0x66, 0x08, 0x69,
    0x73, 0x44, 0x65, 0x62, 0x75, 0x66, 0x66, 0x0e, 0x65, 0x66, 0x66, 0x65, 0x63, 0x74, 0x49, 0x73,
    0x50, 0x61, 0x75, 0x73, 0x65, 0x64, 0x08, 0x74, 0x69, 0x6e, 0x74, 0x49, 0x63, 0x6f, 0x6e, 0x08,
    0x61, 0x66, 0x66, 0x65, 0x63, 0x74, 0x65, 0x64, 0x07, 0x4f, 0x72, 0x64, 0x69, 0x6e, 0x61, 0x6c,
    0x0b, 0x41, 0x62, 0x69, 0x6c, 0x69, 0x74, 0x79, 0x54, 0x79, 0x70, 0x65, 0x13, 0x41, 0x62, 0x69,
    0x6c, 0x69, 0x74, 0x79, 0x54, 0x79, 0x70, 0x65, 0x49, 0x64, 0x65, 0x6e, 0x74, 0x69, 0x74, 0x79,
    0x07, 0x4e, 0x61, 0x6d, 0x65, 0x54, 0x61, 0x67, 0x0d, 0x4e, 0x61, 0x6d, 0x65, 0x41, 0x76, 0x61,
    0x69, 0x6c, 0x61, 0x62, 0x6c, 0x65, 0x0a, 0x49, 0x6e, 0x73, 0x74, 0x69, 0x67, 0x61, 0x74, 0x6f,
    0x72, 0x0b, 0x41, 0x75, 0x67, 0x6d, 0x65, 0x6e, 0x74, 0x54, 0x79, 0x70, 0x65, 0x08, 0x42, 0x75,
    0x66, 0x66, 0x54, 0x79, 0x70, 0x65, 0x08, 0x42, 0x75, 0x66, 0x66, 0x44, 0x61, 0x74, 0x61, 0x0d,
    0x42, 0x75, 0x66, 0x66, 0x44, 0x61, 0x74, 0x61, 0x45, 0x78, 0x74, 0x72, 0x61, 0x07, 0x41, 0x64,
    0x64, 0x42, 0x75, 0x66, 0x66, 0x08, 0x49, 0x73, 0x44, 0x65, 0x62, 0x75, 0x66, 0x66, 0x0e, 0x45,
    0x66, 0x66, 0x65, 0x63, 0x74, 0x49, 0x73, 0x50, 0x61, 0x75, 0x73, 0x65, 0x64, 0x08, 0x54, 0x69,
    0x6e, 0x74, 0x49, 0x63, 0x6f, 0x6e, 0x0b, 0x49, 0x73, 0x54, 0x69, 0x6d, 0x65, 0x72, 0x42, 0x75,
    0x66, 0x66, 0x0a, 0x48, 0x75, 0x64, 0x50, 0x65, 0x72, 0x63, 0x65, 0x6e, 0x74, 0x0f, 0x48, 0x75,
    0x64, 0x4e, 0x75, 0x6d, 0x65, 0x72, 0x69, 0x63, 0x56, 0x61, 0x6c, 0x75, 0x65, 0x0d, 0x48, 0x75,
    0x64, 0x4d, 0x75, 0x6c, 0x74, 0x69, 0x70, 0x6c, 0x69, 0x65, 0x72, 0x0c, 0x54, 0x69, 0x6d, 0x65,
    0x72, 0x53, 0x65, 0x63, 0x6f, 0x6e, 0x64, 0x73, 0x0d, 0x54, 0x69, 0x6d, 0x65, 0x72, 0x49, 0x6e,
    0x66, 0x69, 0x6e, 0x69, 0x74, 0x65, 0x0a, 0x53, 0x74, 0x61, 0x63, 0x6b, 0x43, 0x6f, 0x75, 0x6e,
    0x74, 0x10, 0x53, 0x74, 0x61, 0x63, 0x6b, 0x43, 0x6f, 0x75, 0x6e, 0x74, 0x52, 0x65, 0x61, 0x73,
    0x6f, 0x6e, 0x2b, 0x48, 0x55, 0x44, 0x2d, 0x63, 0x6f, 0x75, 0x6e, 0x74, 0x2d, 0x69, 0x73, 0x2d,
    0x6e, 0x6f, 0x74, 0x2d, 0x70, 0x72, 0x6f, 0x76, 0x65, 0x6e, 0x2d, 0x75, 0x70, 0x67, 0x72, 0x61,
    0x64, 0x65, 0x2d, 0x73, 0x74, 0x61, 0x63, 0x6b, 0x2d, 0x63, 0x6f, 0x75, 0x6e, 0x74, 0x0c, 0x22,
    0x41, 0x66, 0x66, 0x65, 0x63, 0x74, 0x65, 0x64, 0x22, 0x3a, 0x5b, 0x01, 0x5d, 0x11, 0x41, 0x66,
    0x66, 0x65, 0x63, 0x74, 0x65, 0x64, 0x41, 0x76, 0x61, 0x69, 0x6c, 0x61, 0x62, 0x6c, 0x65, 0x11,
    0x41, 0x66, 0x66, 0x65, 0x63, 0x74, 0x65, 0x64, 0x54, 0x72, 0x75, 0x6e, 0x63, 0x61, 0x74, 0x65,
    0x64, 0x16, 0x65, 0x72, 0x72, 0x6f, 0x72, 0x2d, 0x74, 0x65, 0x78, 0x74, 0x2d, 0x75, 0x6e, 0x61,
    0x76, 0x61, 0x69, 0x6c, 0x61, 0x62, 0x6c, 0x65, 0x01, 0x20, 0x03, 0x6e, 0x69, 0x6c, 0x0d, 0x67,
    0x65, 0x74, 0x74, 0x65, 0x72, 0x2d, 0x66, 0x61, 0x69, 0x6c, 0x65, 0x64, 0x17, 0x75, 0x6e, 0x73,
    0x75, 0x70, 0x70, 0x6f, 0x72, 0x74, 0x65, 0x64, 0x2d, 0x72, 0x65, 0x74, 0x75, 0x72, 0x6e, 0x2d,
    0x74, 0x79, 0x70, 0x65, 0x01, 0x1e, 0x01, 0x1f, 0x17, 0x7b, 0x22, 0x53, 0x63, 0x68, 0x65, 0x6d,
    0x61, 0x22, 0x3a, 0x31, 0x2c, 0x22, 0x53, 0x6e, 0x61, 0x70, 0x73, 0x68, 0x6f, 0x74, 0x22, 0x3a,
    0x2e, 0x2c, 0x22, 0x4d, 0x65, 0x74, 0x68, 0x6f, 0x64, 0x22, 0x3a, 0x22, 0x47, 0x65, 0x74, 0x42,
    0x75, 0x66, 0x66, 0x4e, 0x6f, 0x74, 0x69, 0x66, 0x69, 0x63, 0x61, 0x74, 0x69, 0x6f, 0x6e, 0x73,
    0x22, 0x2c, 0x22, 0x4f, 0x62, 0x73, 0x65, 0x72, 0x76, 0x65, 0x64, 0x41, 0x74, 0x22, 0x3a, 0x0c,
    0x2c, 0x22, 0x52, 0x65, 0x63, 0x65, 0x69, 0x76, 0x65, 0x72, 0x22, 0x3a, 0x10, 0x2c, 0x22, 0x52,
    0x65, 0x63, 0x65, 0x69, 0x76, 0x65, 0x72, 0x54, 0x79, 0x70, 0x65, 0x22, 0x3a, 0x0d, 0x2c, 0x22,
    0x41, 0x76, 0x61, 0x69, 0x6c, 0x61, 0x62, 0x6c, 0x65, 0x22, 0x3a, 0x0a, 0x2c, 0x22, 0x52, 0x65,
    0x61, 0x73, 0x6f, 0x6e, 0x22, 0x3a, 0x13, 0x2c, 0x22, 0x47, 0x65, 0x74, 0x74, 0x65, 0x72, 0x53,
    0x75, 0x63, 0x63, 0x65, 0x65, 0x64, 0x65, 0x64, 0x22, 0x3a, 0x0e, 0x2c, 0x22, 0x52, 0x65, 0x74,
    0x75, 0x72, 0x6e, 0x54, 0x79, 0x70, 0x65, 0x22, 0x3a, 0x0f, 0x2c, 0x22, 0x47, 0x65, 0x74, 0x74,
    0x65, 0x72, 0x45, 0x72, 0x72, 0x6f, 0x72, 0x22, 0x3a, 0x13, 0x2c, 0x22, 0x45, 0x6d, 0x70, 0x74,
    0x79, 0x4e, 0x61, 0x74, 0x69, 0x76, 0x65, 0x4c, 0x69, 0x73, 0x74, 0x22, 0x3a, 0x0f, 0x2c, 0x22,
    0x4e, 0x61, 0x74, 0x69, 0x76, 0x65, 0x43, 0x6f, 0x75, 0x6e, 0x74, 0x22, 0x3a, 0x11, 0x2c, 0x22,
    0x43, 0x61, 0x70, 0x74, 0x75, 0x72, 0x65, 0x64, 0x43, 0x6f, 0x75, 0x6e, 0x74, 0x22, 0x3a, 0x09,
    0x2c, 0x22, 0x43, 0x68, 0x75, 0x6e, 0x6b, 0x22, 0x3a, 0x0a, 0x2c, 0x22, 0x43, 0x68, 0x75, 0x6e,
    0x6b, 0x73, 0x22, 0x3a, 0x2c, 0x2c, 0x22, 0x43, 0x6f, 0x6d, 0x70, 0x6c, 0x65, 0x74, 0x65, 0x43,
    0x6f, 0x6e, 0x74, 0x72, 0x69, 0x62, 0x75, 0x74, 0x6f, 0x72, 0x4c, 0x69, 0x73, 0x74, 0x22, 0x3a,
    0x66, 0x61, 0x6c, 0x73, 0x65, 0x2c, 0x22, 0x52, 0x65, 0x63, 0x6f, 0x72, 0x64, 0x73, 0x22, 0x3a,
    0x5b, 0x02, 0x5d, 0x7d, 0x09, 0x42, 0x55, 0x46, 0x46, 0x5f, 0x4c, 0x49, 0x53, 0x54, 0x0a, 0x3a,
    0x7b, 0x22, 0x76, 0x61, 0x6c, 0x75, 0x65, 0x22, 0x3a, 0x0d, 0x2c, 0x22, 0x61, 0x76, 0x61, 0x69,
    0x6c, 0x61, 0x62, 0x6c, 0x65, 0x22, 0x3a, 0x0a, 0x2c, 0x22, 0x6f, 0x72, 0x69, 0x67, 0x69, 0x6e,
    0x22, 0x3a, 0x0a, 0x2c, 0x22, 0x72, 0x65, 0x61, 0x73, 0x6f, 0x6e, 0x22, 0x3a, 0x1c, 0x67, 0x65,
    0x74, 0x74, 0x65, 0x72, 0x2d, 0x75, 0x6e, 0x61, 0x76, 0x61, 0x69, 0x6c, 0x61, 0x62, 0x6c, 0x65,
    0x2d, 0x6f, 0x72, 0x2d, 0x66, 0x61, 0x69, 0x6c, 0x65, 0x64, 0x01, 0x78, 0x01, 0x79, 0x01, 0x7a,
    0x10, 0x41, 0x76, 0x61, 0x74, 0x61, 0x72, 0x2e, 0x47, 0x65, 0x74, 0x48, 0x65, 0x61, 0x6c, 0x74,
    0x68, 0x13, 0x41, 0x76, 0x61, 0x74, 0x61, 0x72, 0x2e, 0x47, 0x65, 0x74, 0x4d, 0x61, 0x78, 0x48,
    0x65, 0x61, 0x6c, 0x74, 0x68, 0x17, 0x44, 0x61, 0x6d, 0x61, 0x67, 0x65, 0x43, 0x6f, 0x6e, 0x74,
    0x72, 0x6f, 0x6c, 0x2e, 0x47, 0x65, 0x74, 0x53, 0x68, 0x69, 0x65, 0x6c, 0x64, 0x1a, 0x44, 0x61,
    0x6d, 0x61, 0x67, 0x65, 0x43, 0x6f, 0x6e, 0x74, 0x72, 0x6f, 0x6c, 0x2e, 0x47, 0x65, 0x74, 0x4d,
    0x61, 0x78, 0x53, 0x68, 0x69, 0x65, 0x6c, 0x64, 0x20, 0x44, 0x61, 0x6d, 0x61, 0x67, 0x65, 0x43,
    0x6f, 0x6e, 0x74, 0x72, 0x6f, 0x6c, 0x2e, 0x47, 0x65, 0x74, 0x4f, 0x76, 0x65, 0x72, 0x67, 0x75,
    0x61, 0x72, 0x64, 0x41, 0x6d, 0x6f, 0x75, 0x6e, 0x74, 0x05, 0x61, 0x72, 0x6d, 0x6f, 0x72, 0x1d,
    0x44, 0x61, 0x6d, 0x61, 0x67, 0x65, 0x43, 0x6f, 0x6e, 0x74, 0x72, 0x6f, 0x6c, 0x2e, 0x47, 0x65,
    0x74, 0x41, 0x72, 0x6d, 0x6f, 0x75, 0x72, 0x52, 0x61, 0x74, 0x69, 0x6e, 0x67, 0x06, 0x65, 0x6e,
    0x65, 0x72, 0x67, 0x79, 0x16, 0x50, 0x6f, 0x77, 0x65, 0x72, 0x53, 0x75, 0x69, 0x74, 0x2e, 0x47,
    0x65, 0x74, 0x43, 0x75, 0x72, 0x45, 0x6e, 0x65, 0x72, 0x67, 0x79, 0x09, 0x6d, 0x61, 0x78, 0x45,
    0x6e, 0x65, 0x72, 0x67, 0x79, 0x16, 0x50, 0x6f, 0x77, 0x65, 0x72, 0x53, 0x75, 0x69, 0x74, 0x2e,
    0x47, 0x65, 0x74, 0x4d, 0x61, 0x78, 0x45, 0x6e, 0x65, 0x72, 0x67, 0x79, 0x08, 0x73, 0x74, 0x72,
    0x65, 0x6e, 0x67, 0x74, 0x68, 0x3f, 0x49, 0x6e, 0x76, 0x65, 0x6e, 0x74, 0x6f, 0x72, 0x79, 0x43,
    0x6f, 0x6e, 0x74, 0x72, 0x6f, 0x6c, 0x2e, 0x4d, 0x6f, 0x64, 0x69, 0x66, 0x79, 0x56, 0x61, 0x6c,
    0x75, 0x65, 0x28, 0x75, 0x6e, 0x69, 0x74, 0x3d, 0x31, 0x2c, 0x6f, 0x70, 0x65, 0x72, 0x61, 0x74,
    0x69, 0x6f, 0x6e, 0x3d, 0x31, 0x30, 0x2c, 0x73, 0x75, 0x69, 0x74, 0x54, 0x79, 0x70, 0x65, 0x2c,
    0x73, 0x75, 0x69, 0x74, 0x29, 0x05, 0x72, 0x61, 0x6e, 0x67, 0x65, 0x4a, 0x49, 0x6e, 0x76, 0x65,
    0x6e, 0x74, 0x6f, 0x72, 0x79, 0x43, 0x6f, 0x6e, 0x74, 0x72, 0x6f, 0x6c, 0x2e, 0x47, 0x65, 0x74,
    0x55, 0x70, 0x67, 0x72, 0x61, 0x64, 0x65, 0x4d, 0x6f, 0x64, 0x69, 0x66, 0x69, 0x65, 0x64, 0x56,
    0x61, 0x6c, 0x75, 0x65, 0x28, 0x75, 0x6e, 0x69, 0x74, 0x3d, 0x31, 0x2c, 0x6f, 0x70, 0x65, 0x72,
    0x61, 0x74, 0x69, 0x6f, 0x6e, 0x3d, 0x39, 0x2c, 0x73, 0x75, 0x69, 0x74, 0x54, 0x79, 0x70, 0x65,
    0x2c, 0x73, 0x75, 0x69, 0x74, 0x29, 0x08, 0x64, 0x75, 0x72, 0x61, 0x74, 0x69, 0x6f, 0x6e, 0x4a,
    0x49, 0x6e, 0x76, 0x65, 0x6e, 0x74, 0x6f, 0x72, 0x79, 0x43, 0x6f, 0x6e, 0x74, 0x72, 0x6f, 0x6c,
    0x2e, 0x47, 0x65, 0x74, 0x55, 0x70, 0x67, 0x72, 0x61, 0x64, 0x65, 0x4d, 0x6f, 0x64, 0x69, 0x66,
    0x69, 0x65, 0x64, 0x56, 0x61, 0x6c, 0x75, 0x65, 0x28, 0x75, 0x6e, 0x69, 0x74, 0x3d, 0x31, 0x2c,
    0x6f, 0x70, 0x65, 0x72, 0x61, 0x74, 0x69, 0x6f, 0x6e, 0x3d, 0x33, 0x2c, 0x73, 0x75, 0x69, 0x74,
    0x54, 0x79, 0x70, 0x65, 0x2c, 0x73, 0x75, 0x69, 0x74, 0x29, 0x17, 0x65, 0x66, 0x66, 0x69, 0x63,
    0x69, 0x65, 0x6e, 0x63, 0x79, 0x55, 0x70, 0x67, 0x72, 0x61, 0x64, 0x65, 0x46, 0x61, 0x63, 0x74,
    0x6f, 0x72, 0x4a, 0x49, 0x6e, 0x76, 0x65, 0x6e, 0x74, 0x6f, 0x72, 0x79, 0x43, 0x6f, 0x6e, 0x74,
    0x72, 0x6f, 0x6c, 0x2e, 0x47, 0x65, 0x74, 0x55, 0x70, 0x67, 0x72, 0x61, 0x64, 0x65, 0x4d, 0x6f,
    0x64, 0x69, 0x66, 0x69, 0x65, 0x64, 0x56, 0x61, 0x6c, 0x75, 0x65, 0x28, 0x75, 0x6e, 0x69, 0x74,
    0x3d, 0x31, 0x2c, 0x6f, 0x70, 0x65, 0x72, 0x61, 0x74, 0x69, 0x6f, 0x6e, 0x3d, 0x34, 0x2c, 0x73,
    0x75, 0x69, 0x74, 0x54, 0x79, 0x70, 0x65, 0x2c, 0x73, 0x75, 0x69, 0x74, 0x29, 0x11, 0x65, 0x66,
    0x66, 0x69, 0x63, 0x69, 0x65, 0x6e, 0x63, 0x79, 0x50, 0x65, 0x72, 0x63, 0x65, 0x6e, 0x74, 0x44,
    0x31, 0x30, 0x30, 0x20, 0x2a, 0x20, 0x6f, 0x62, 0x73, 0x65, 0x72, 0x76, 0x65, 0x64, 0x20, 0x65,
    0x66, 0x66, 0x69, 0x63, 0x69, 0x65, 0x6e, 0x63, 0x79, 0x55, 0x70, 0x67, 0x72, 0x61, 0x64, 0x65,
    0x46, 0x61, 0x63, 0x74, 0x6f, 0x72, 0x3b, 0x20, 0x75, 0x6e, 0x63, 0x6c, 0x61, 0x6d, 0x70, 0x65,
    0x64, 0x20, 0x75, 0x70, 0x67, 0x72, 0x61, 0x64, 0x65, 0x20, 0x70, 0x65, 0x72, 0x63, 0x65, 0x6e,
    0x74, 0x61, 0x67, 0x65, 0x09, 0x76, 0x65, 0x6c, 0x6f, 0x63, 0x69, 0x74, 0x79, 0x58, 0x14, 0x41,
    0x76, 0x61, 0x74, 0x61, 0x72, 0x2e, 0x47, 0x65, 0x74, 0x56, 0x65, 0x6c, 0x6f, 0x63, 0x69, 0x74,
    0x79, 0x2e, 0x78, 0x09, 0x76, 0x65, 0x6c, 0x6f, 0x63, 0x69, 0x74, 0x79, 0x59, 0x14, 0x41, 0x76,
    0x61, 0x74, 0x61, 0x72, 0x2e, 0x47, 0x65, 0x74, 0x56, 0x65, 0x6c, 0x6f, 0x63, 0x69, 0x74, 0x79,
    0x2e, 0x79, 0x09, 0x76, 0x65, 0x6c, 0x6f, 0x63, 0x69, 0x74, 0x79, 0x5a, 0x14, 0x41, 0x76, 0x61,
    0x74, 0x61, 0x72, 0x2e, 0x47, 0x65, 0x74, 0x56, 0x65, 0x6c, 0x6f, 0x63, 0x69, 0x74, 0x79, 0x2e,
    0x7a, 0x0a, 0x2c, 0x22, 0x4d, 0x65, 0x74, 0x68, 0x6f, 0x64, 0x22, 0x3a, 0x0a, 0x2c, 0x22, 0x43,
    0x61, 0x73, 0x74, 0x65, 0x72, 0x22, 0x3a, 0x0f, 0x2c, 0x22, 0x43, 0x61, 0x73, 0x74, 0x65, 0x72,
    0x4b, 0x6e, 0x6f, 0x77, 0x6e, 0x22, 0x3a, 0x0c, 0x2c, 0x22, 0x53, 0x75, 0x69, 0x74, 0x54, 0x79,
    0x70, 0x65, 0x22, 0x3a, 0x1c, 0x2c, 0x22, 0x53, 0x6f, 0x75, 0x72, 0x63, 0x65, 0x41, 0x73, 0x73,
    0x69, 0x67, 0x6e, 0x6d, 0x65, 0x6e, 0x74, 0x53, 0x6e, 0x61, 0x70, 0x73, 0x68, 0x6f, 0x74, 0x22,
    0x3a, 0x39, 0x2c, 0x22, 0x53, 0x74, 0x61, 0x67, 0x65, 0x22, 0x3a, 0x22, 0x64, 0x69, 0x73, 0x70,
    0x61, 0x74, 0x63, 0x68, 0x2d, 0x6f, 0x72, 0x2d, 0x63, 0x61, 0x6c, 0x63, 0x75, 0x6c, 0x61, 0x74,
    0x69, 0x6f, 0x6e, 0x22, 0x2c, 0x22, 0x49, 0x73, 0x43, 0x61, 0x73, 0x74, 0x53, 0x6e, 0x61, 0x70,
    0x73, 0x68, 0x6f, 0x74, 0x22, 0x3a, 0x66, 0x61, 0x6c, 0x73, 0x65, 0x52, 0x2c, 0x22, 0x42, 0x61,
    0x73, 0x65, 0x22, 0x3a, 0x7b, 0x22, 0x61, 0x76, 0x61, 0x69, 0x6c, 0x61, 0x62, 0x6c, 0x65, 0x22,
    0x3a, 0x66, 0x61, 0x6c, 0x73, 0x65, 0x2c, 0x22, 0x72, 0x65, 0x61, 0x73, 0x6f, 0x6e, 0x22, 0x3a,
    0x22, 0x72, 0x61, 0x6e, 0x6b, 0x2d, 0x61, 0x77, 0x61, 0x72, 0x65, 0x2d, 0x75, 0x6e, 0x6d, 0x6f,
    0x64, 0x69, 0x66, 0x69, 0x65, 0x64, 0x2d, 0x62, 0x61, 0x73, 0x65, 0x6c, 0x69, 0x6e, 0x65, 0x2d,
    0x6e, 0x6f, 0x74, 0x2d, 0x76, 0x65, 0x72, 0x69, 0x66, 0x69, 0x65, 0x64, 0x22, 0x7d, 0x64, 0x2c,
    0x22, 0x4c, 0x6f, 0x61, 0x64, 0x6f, 0x75, 0x74, 0x22, 0x3a, 0x7b, 0x22, 0x61, 0x76, 0x61, 0x69,
    0x6c, 0x61, 0x62, 0x6c, 0x65, 0x22, 0x3a, 0x66, 0x61, 0x6c, 0x73, 0x65, 0x2c, 0x22, 0x72, 0x65,
    0x61, 0x73, 0x6f, 0x6e, 0x22, 0x3a, 0x22, 0x70, 0x65, 0x72, 0x6d, 0x61, 0x6e, 0x65, 0x6e, 0x74,
    0x2d, 0x76, 0x65, 0x72, 0x73, 0x75, 0x73, 0x2d, 0x74, 0x65, 0x6d, 0x70, 0x6f, 0x72, 0x61, 0x72,
    0x79, 0x2d, 0x75, 0x70, 0x67, 0x72, 0x61, 0x64, 0x65, 0x2d, 0x73, 0x65, 0x70, 0x61, 0x72, 0x61,
    0x74, 0x69, 0x6f, 0x6e, 0x2d, 0x6e, 0x6f, 0x74, 0x2d, 0x76, 0x65, 0x72, 0x69, 0x66, 0x69, 0x65,
    0x64, 0x22, 0x7d, 0x6d, 0x2c, 0x22, 0x43, 0x6f, 0x6e, 0x74, 0x72, 0x69, 0x62, 0x75, 0x74, 0x6f,
    0x72, 0x42, 0x72, 0x65, 0x61, 0x6b, 0x64, 0x6f, 0x77, 0x6e, 0x22, 0x3a, 0x7b, 0x22, 0x61, 0x76,
    0x61, 0x69, 0x6c, 0x61, 0x62, 0x6c, 0x65, 0x22, 0x3a, 0x66, 0x61, 0x6c, 0x73, 0x65, 0x2c, 0x22,
    0x72, 0x65, 0x61, 0x73, 0x6f, 0x6e, 0x22, 0x3a, 0x22, 0x69, 0x6e, 0x64, 0x69, 0x76, 0x69, 0x64,
    0x75, 0x61, 0x6c, 0x2d, 0x6d, 0x6f, 0x64, 0x2d, 0x73, 0x68, 0x61, 0x72, 0x64, 0x2d, 0x61, 0x6e,
    0x64, 0x2d, 0x62, 0x75, 0x66, 0x66, 0x2d, 0x61, 0x74, 0x74, 0x72, 0x69, 0x62, 0x75, 0x74, 0x69,
    0x6f, 0x6e, 0x2d, 0x6e, 0x6f, 0x74, 0x2d, 0x76, 0x65, 0x72, 0x69, 0x66, 0x69, 0x65, 0x64, 0x22,
    0x7d, 0x14, 0x2c, 0x22, 0x53, 0x63, 0x72, 0x69, 0x70, 0x74, 0x42, 0x6c, 0x61, 0x63, 0x6b, 0x62,
    0x6f, 0x61, 0x72, 0x64, 0x22, 0x3a, 0x09, 0x2c, 0x22, 0x4c, 0x69, 0x76, 0x65, 0x22, 0x3a, 0x7b,
    0x12, 0x7d, 0x2c, 0x22, 0x53, 0x74, 0x61, 0x74, 0x75, 0x73, 0x50, 0x72, 0x6f, 0x66, 0x69, 0x6c,
    0x65, 0x22, 0x3a, 0x0c, 0x43, 0x41, 0x53, 0x54, 0x45, 0x52, 0x5f, 0x53, 0x54, 0x41, 0x54, 0x53,
    0x16, 0x63, 0x61, 0x73, 0x74, 0x65, 0x72, 0x2d, 0x63, 0x6f, 0x6d, 0x62, 0x61, 0x74, 0x2d, 0x62,
    0x6f, 0x75, 0x6e, 0x64, 0x61, 0x72, 0x79, 0x14, 0x47, 0x65, 0x74, 0x42, 0x75, 0x66, 0x66, 0x4e,
    0x6f, 0x74, 0x69, 0x66, 0x69, 0x63, 0x61, 0x74, 0x69, 0x6f, 0x6e, 0x73, 0x0c, 0x47, 0x65, 0x74,
    0x48, 0x75, 0x64, 0x53, 0x74, 0x61, 0x74, 0x75, 0x73, 0x06, 0x6d, 0x65, 0x74, 0x68, 0x6f, 0x64,
    0x08, 0x72, 0x65, 0x63, 0x65, 0x69, 0x76, 0x65, 0x72, 0x09, 0x53, 0x65, 0x74, 0x53, 0x6f, 0x75,
    0x72, 0x63, 0x65, 0x08, 0x44, 0x61, 0x6d, 0x61, 0x67, 0x65, 0x44, 0x44, 0x0c, 0x52, 0x61, 0x64,
    0x69, 0x61, 0x6c, 0x44, 0x61, 0x6d, 0x61, 0x67, 0x65, 0x06, 0x63, 0x61, 0x73, 0x74, 0x65, 0x72,
    0x0a, 0x61, 0x73, 0x73, 0x69, 0x67, 0x6e, 0x6d, 0x65, 0x6e, 0x74, 0x0b, 0x4d, 0x6f, 0x64, 0x69,
    0x66, 0x79, 0x56, 0x61, 0x6c, 0x75, 0x65, 0x17, 0x47, 0x65, 0x74, 0x55, 0x70, 0x67, 0x72, 0x61,
    0x64, 0x65, 0x4d, 0x6f, 0x64, 0x69, 0x66, 0x69, 0x65, 0x64, 0x56, 0x61, 0x6c, 0x75, 0x65, 0x06,
    0x70, 0x61, 0x63, 0x6b, 0x65, 0x74, 0x0b, 0x62, 0x65, 0x66, 0x6f, 0x72, 0x65, 0x56, 0x61, 0x6c,
    0x75, 0x65, 0x09, 0x6f, 0x70, 0x65, 0x72, 0x61, 0x74, 0x69, 0x6f, 0x6e, 0x0b, 0x76, 0x61, 0x6c,
    0x75, 0x65, 0x4f, 0x62, 0x6a, 0x65, 0x63, 0x74, 0x1a, 0x73, 0x74, 0x6f, 0x63, 0x6b, 0x2d, 0x6e,
    0x61, 0x74, 0x69, 0x76, 0x65, 0x2d, 0x67, 0x65, 0x74, 0x74, 0x65, 0x72, 0x2d, 0x72, 0x65, 0x74,
    0x75, 0x72, 0x6e, 0x24, 0x2c, 0x22, 0x4d, 0x65, 0x74, 0x68, 0x6f, 0x64, 0x22, 0x3a, 0x22, 0x47,
    0x65, 0x74, 0x48, 0x75, 0x64, 0x53, 0x74, 0x61, 0x74, 0x75, 0x73, 0x22, 0x2c, 0x22, 0x52, 0x65,
    0x63, 0x65, 0x69, 0x76, 0x65, 0x72, 0x22, 0x3a, 0x3f, 0x2c, 0x22, 0x4f, 0x62, 0x73, 0x65, 0x72,
    0x76, 0x65, 0x64, 0x41, 0x74, 0x22, 0x3a, 0x22, 0x73, 0x74, 0x6f, 0x63, 0x6b, 0x2d, 0x68, 0x75,
    0x64, 0x2d, 0x6f, 0x77, 0x6e, 0x65, 0x72, 0x2d, 0x67, 0x65, 0x74, 0x74, 0x65, 0x72, 0x2d, 0x72,
    0x65, 0x74, 0x75, 0x72, 0x6e, 0x22, 0x2c, 0x22, 0x4f, 0x77, 0x6e, 0x65, 0x72, 0x41, 0x76, 0x61,
    0x69, 0x6c, 0x61, 0x62, 0x6c, 0x65, 0x22, 0x3a, 0x09, 0x2c, 0x22, 0x4f, 0x77, 0x6e, 0x65, 0x72,
    0x22, 0x3a, 0x13, 0x2c, 0x22, 0x4f, 0x77, 0x6e, 0x65, 0x72, 0x52, 0x65, 0x74, 0x75, 0x72, 0x6e,
    0x54, 0x79, 0x70, 0x65, 0x22, 0x3a, 0x18, 0x2c, 0x22, 0x51, 0x75, 0x65, 0x75, 0x65, 0x47, 0x65,
    0x74, 0x74, 0x65, 0x72, 0x41, 0x74, 0x74, 0x65, 0x6d, 0x70, 0x74, 0x65, 0x64, 0x22, 0x3a, 0x0a,
    0x42, 0x55, 0x46, 0x46, 0x5f, 0x4f, 0x57, 0x4e, 0x45, 0x52, 0x1d, 0x73, 0x74, 0x6f, 0x63, 0x6b,
    0x2d, 0x68, 0x75, 0x64, 0x2d, 0x6f, 0x77, 0x6e, 0x65, 0x72, 0x2d, 0x67, 0x65, 0x74, 0x74, 0x65,
    0x72, 0x2d, 0x72, 0x65, 0x74, 0x75, 0x72, 0x6e, 0x0d, 0x2c, 0x22, 0x4f, 0x70, 0x65, 0x72, 0x61,
    0x74, 0x69, 0x6f, 0x6e, 0x22, 0x3a, 0x0a, 0x2c, 0x22, 0x42, 0x65, 0x66, 0x6f, 0x72, 0x65, 0x22,
    0x3a, 0x09, 0x2c, 0x22, 0x41, 0x66, 0x74, 0x65, 0x72, 0x22, 0x3a, 0x14, 0x2c, 0x22, 0x43, 0x61,
    0x6c, 0x63, 0x75, 0x6c, 0x61, 0x74, 0x69, 0x6f, 0x6e, 0x4b, 0x6e, 0x6f, 0x77, 0x6e, 0x22, 0x3a,
    0x34, 0x2c, 0x22, 0x53, 0x74, 0x61, 0x67, 0x65, 0x22, 0x3a, 0x22, 0x73, 0x74, 0x6f, 0x63, 0x6b,
    0x2d, 0x63, 0x61, 0x6c, 0x63, 0x75, 0x6c, 0x61, 0x74, 0x69, 0x6f, 0x6e, 0x22, 0x2c, 0x22, 0x49,
    0x73, 0x43, 0x61, 0x73, 0x74, 0x53, 0x6e, 0x61, 0x70, 0x73, 0x68, 0x6f, 0x74, 0x22, 0x3a, 0x66,
    0x61, 0x6c, 0x73, 0x65, 0x7d, 0x12, 0x43, 0x41, 0x53, 0x54, 0x45, 0x52, 0x5f, 0x43, 0x41, 0x4c,
    0x43, 0x55, 0x4c, 0x41, 0x54, 0x49, 0x4f, 0x4e, 0x10, 0x41, 0x55, 0x54, 0x4f, 0x5f, 0x44, 0x41,
    0x4d, 0x41, 0x47, 0x45, 0x5f, 0x53, 0x4b, 0x49, 0x50, 0x06, 0x72, 0x65, 0x61, 0x73, 0x6f, 0x6e,
    0x18, 0x6d, 0x69, 0x73, 0x73, 0x69, 0x6e, 0x67, 0x2d, 0x74, 0x61, 0x72, 0x67, 0x65, 0x74, 0x2d,
    0x6f, 0x72, 0x2d, 0x70, 0x61, 0x63, 0x6b, 0x65, 0x74, 0x16, 0x64, 0x61, 0x6d, 0x61, 0x67, 0x65,
    0x2d, 0x74, 0x79, 0x70, 0x65, 0x2d, 0x75, 0x6e, 0x72, 0x65, 0x61, 0x64, 0x61, 0x62, 0x6c, 0x65,
    0x0a, 0x64, 0x61, 0x6d, 0x61, 0x67, 0x65, 0x54, 0x79, 0x70, 0x65, 0x1a, 0x64, 0x61, 0x6d, 0x61,
    0x67, 0x65, 0x2d, 0x63, 0x6f, 0x6e, 0x74, 0x72, 0x6f, 0x6c, 0x2d, 0x75, 0x6e, 0x61, 0x76, 0x61,
    0x69, 0x6c, 0x61, 0x62, 0x6c, 0x65, 0x17, 0x41, 0x55, 0x54, 0x4f, 0x5f, 0x53, 0x43, 0x52, 0x49,
    0x50, 0x54, 0x45, 0x44, 0x5f, 0x44, 0x41, 0x4d, 0x41, 0x47, 0x45, 0x5f, 0x44, 0x44, 0x23, 0x6f,
    0x62, 0x73, 0x65, 0x72, 0x76, 0x65, 0x64, 0x2d, 0x44, 0x61, 0x6d, 0x61, 0x67, 0x65, 0x44, 0x61,
    0x74, 0x61, 0x2d, 0x62, 0x65, 0x66, 0x6f, 0x72, 0x65, 0x2d, 0x44, 0x61, 0x6d, 0x61, 0x67, 0x65,
    0x44, 0x44, 0x13, 0x62, 0x61, 0x74, 0x74, 0x6c, 0x65, 0x2d, 0x62, 0x65, 0x67, 0x69, 0x6e, 0x2d,
    0x66, 0x61, 0x69, 0x6c, 0x65, 0x64, 0x0b, 0x74, 0x72, 0x61, 0x6e, 0x73, 0x61, 0x63, 0x74, 0x69,
    0x6f, 0x6e, 0x14, 0x41, 0x55, 0x54, 0x4f, 0x5f, 0x44, 0x41, 0x4d, 0x41, 0x47, 0x45, 0x5f, 0x49,
    0x44, 0x45, 0x4e, 0x54, 0x49, 0x54, 0x59, 0x0a, 0x74, 0x61, 0x72, 0x67, 0x65, 0x74, 0x54, 0x79,
    0x70, 0x65, 0x0e, 0x73, 0x6f, 0x75, 0x72, 0x63, 0x65, 0x49, 0x64, 0x65, 0x6e, 0x74, 0x69, 0x74,
    0x79, 0x0d, 0x63, 0x61, 0x6c, 0x6c, 0x65, 0x72, 0x2d, 0x6d, 0x6f, 0x64, 0x75, 0x6c, 0x65, 0x06,
    0x5f, 0x5f, 0x6d, 0x6f, 0x64, 0x65, 0x01, 0x6b, 0x08, 0x61, 0x63, 0x74, 0x69, 0x76, 0x61, 0x74,
    0x65, 0x07, 0x63, 0x6c, 0x65, 0x61, 0x6e, 0x75, 0x70, 0x05, 0x61, 0x66, 0x74, 0x65, 0x72, 0x05,
    0x72, 0x65, 0x73, 0x65, 0x74, 0x0c, 0x63, 0x61, 0x73, 0x74, 0x65, 0x72, 0x42, 0x65, 0x66, 0x6f,
    0x72, 0x65, 0x0b, 0x63, 0x61, 0x73, 0x74, 0x65, 0x72, 0x41, 0x66, 0x74, 0x65, 0x72, 0x00, 0x60,
    0x07, 0x01, 0x00, 0x00, 0x00, 0x00, 0x14, 0x46, 0x01, 0x01, 0x00, 0x00, 0x00, 0x00, 0x40, 0x14,
    0x02, 0x00, 0x00, 0x54, 0x01, 0x02, 0x03, 0x18, 0x01, 0x0c, 0x00, 0x19, 0x28, 0x02, 0x03, 0x14,
    0x04, 0x02, 0x00, 0x46, 0x03, 0x03, 0x00, 0x00, 0x00, 0x20, 0x40, 0x54, 0x03, 0x02, 0x02, 0x4e,
    0x05, 0x04, 0x00, 0x14, 0x06, 0x03, 0x00, 0x27, 0x06, 0x04, 0x00, 0x05, 0x00, 0x00, 0x00, 0x14,
    0x03, 0x02, 0x00, 0x04, 0x04, 0x01, 0x00, 0x29, 0x03, 0x03, 0x00, 0x0d, 0x03, 0x00, 0x00, 0x04,
    0x04, 0x00, 0x00, 0x29, 0x03, 0x03, 0x00, 0x05, 0x01, 0x73, 0xa6, 0x69, 0xd5, 0x04, 0x00, 0x00,
    0x00, 0x40, 0x01, 0x9f, 0xdc, 0x7c, 0x6b, 0x04, 0x00, 0x00, 0x20, 0x40, 0x03, 0x01, 0x00, 0x00,
    0x00, 0x00, 0x00, 0x07, 0x01, 0x00, 0x00, 0x00, 0x00, 0x14, 0x46, 0x01, 0x01, 0x00, 0x00, 0x00,
    0x00, 0x40, 0x14, 0x02, 0x00, 0x00, 0x54, 0x01, 0x02, 0x03, 0x18, 0x01, 0x0c, 0x00, 0x19, 0x28,
    0x02, 0x03, 0x14, 0x04, 0x02, 0x00, 0x46, 0x03, 0x03, 0x00, 0x00, 0x00, 0x20, 0x40, 0x54, 0x03,
    0x02, 0x02, 0x4e, 0x05, 0x04, 0x00, 0x14, 0x06, 0x03, 0x00, 0x27, 0x06, 0x04, 0x00, 0x05, 0x00,
    0x00, 0x00, 0x14, 0x03, 0x02, 0x00, 0x04, 0x04, 0x01, 0x00, 0x29, 0x03, 0x03, 0x00, 0x0d, 0x03,
    0x00, 0x00, 0x04, 0x04, 0x00, 0x00, 0x29, 0x03, 0x03, 0x00, 0x05, 0x01, 0x73, 0xa6, 0x69, 0xd5,
    0x04, 0x00, 0x00, 0x00, 0x40, 0x01, 0x9f, 0xdc, 0x7c, 0x6b, 0x04, 0x00, 0x00, 0x20, 0x40, 0x03,
    0x02, 0x00, 0x00, 0x00, 0x00, 0x00, 0x09, 0x01, 0x00, 0x00, 0x00, 0x00, 0x23, 0x46, 0x01, 0x01,
    0x00, 0x00, 0x00, 0x00, 0x40, 0x14, 0x02, 0x00, 0x00, 0x54, 0x01, 0x02, 0x03, 0x4b, 0x01, 0x03,
    0x00, 0x0d, 0x03, 0x00, 0x00, 0x04, 0x04, 0x00, 0x00, 0x29, 0x03, 0x03, 0x00, 0x3a, 0x02, 0x04,
    0x00, 0x00, 0x00, 0x00, 0x80, 0x04, 0x03, 0x00, 0x00, 0x04, 0x04, 0x01, 0x00, 0x29, 0x03, 0x03,
    0x00, 0x46, 0x03, 0x01, 0x00, 0x00, 0x00, 0x00, 0x40, 0x46, 0x04, 0x03, 0x00, 0x00, 0x00, 0x20,
    0x40, 0x14, 0x05, 0x02, 0x00, 0x54, 0x03, 0x03, 0x03, 0x18, 0x03, 0x09, 0x00, 0x19, 0x28, 0x04,
    0x03, 0x14, 0x06, 0x04, 0x00, 0x46, 0x05, 0x05, 0x00, 0x00, 0x00, 0x40, 0x40, 0x54, 0x05, 0x02,
    0x02, 0x4e, 0x07, 0x06, 0x00, 0x14, 0x08, 0x05, 0x00, 0x37, 0x08, 0x04, 0x00, 0x07, 0x00, 0x00,
    0x00, 0x0d, 0x05, 0x00, 0x00, 0x04, 0x06, 0x00, 0x00, 0x29, 0x05, 0x03, 0x00, 0x50, 0x05, 0x04,
    0x00, 0x04, 0x06, 0x01, 0x00, 0x29, 0x05, 0x03, 0x00, 0x07, 0x01, 0x73, 0xa6, 0x69, 0xd5, 0x04,
    0x00, 0x00, 0x00, 0x40, 0x01, 0xce, 0x50, 0xaf, 0x9c, 0x04, 0x00, 0x00, 0x20, 0x40, 0x01, 0x9f,
    0xdc, 0x7c, 0x6b, 0x04, 0x00, 0x00, 0x40, 0x40, 0x03, 0x02, 0x00, 0x00, 0x00, 0x00, 0x00, 0x02,
    0x00, 0x01, 0x00, 0x00, 0x00, 0x05, 0x13, 0x00, 0x00, 0x00, 0x2d, 0x00, 0x00, 0x00, 0x00, 0x00,
    0x00, 0x00, 0x54, 0x00, 0x02, 0x00, 0x29, 0x00, 0x00, 0x00, 0x01, 0x01, 0x8a, 0x18, 0xe5, 0x1d,
    0x00, 0x00, 0x00, 0x00, 0x00, 0x02, 0x00, 0x01, 0x00, 0x00, 0x00, 0x05, 0x13, 0x00, 0x00, 0x00,
    0x2d, 0x00, 0x00, 0x00, 0x00, 0x00, 0x00, 0x00, 0x54, 0x00, 0x02, 0x00, 0x29, 0x00, 0x00, 0x00,
    0x01, 0x01, 0xb9, 0xf0, 0xd4, 0x7e, 0x00, 0x00, 0x00, 0x00, 0x00, 0x02, 0x00, 0x01, 0x00, 0x00,
    0x00, 0x05, 0x13, 0x00, 0x00, 0x00, 0x2d, 0x00, 0x00, 0x00, 0x00, 0x00, 0x00, 0x00, 0x54, 0x00,
    0x02, 0x00, 0x29, 0x00, 0x00, 0x00, 0x01, 0x01, 0x29, 0x0f, 0xfb, 0x28, 0x00, 0x00, 0x00, 0x00,
    0x00, 0x02, 0x00, 0x01, 0x00, 0x00, 0x00, 0x05, 0x13, 0x00, 0x00, 0x00, 0x2d, 0x00, 0x00, 0x00,
    0x00, 0x00, 0x00, 0x00, 0x54, 0x00, 0x02, 0x00, 0x29, 0x00, 0x00, 0x00, 0x01, 0x01, 0x64, 0x8e,
    0xab, 0x5f, 0x00, 0x00, 0x00, 0x00, 0x00, 0x02, 0x00, 0x01, 0x00, 0x00, 0x00, 0x05, 0x13, 0x00,
    0x00, 0x00, 0x2d, 0x00, 0x00, 0x00, 0x00, 0x00, 0x00, 0x00, 0x54, 0x00, 0x02, 0x00, 0x29, 0x00,
    0x00, 0x00, 0x01, 0x01, 0x96, 0xbc, 0x23, 0x91, 0x00, 0x00, 0x00, 0x00, 0x00, 0x02, 0x00, 0x01,
    0x00, 0x00, 0x00, 0x05, 0x13, 0x00, 0x00, 0x00, 0x2d, 0x00, 0x00, 0x00, 0x00, 0x00, 0x00, 0x00,
    0x54, 0x00, 0x02, 0x00, 0x29, 0x00, 0x00, 0x00, 0x01, 0x01, 0x41, 0x89, 0x3a, 0xd1, 0x00, 0x00,
    0x00, 0x00, 0x00, 0x02, 0x00, 0x01, 0x00, 0x00, 0x00, 0x05, 0x13, 0x00, 0x00, 0x00, 0x2d, 0x00,
    0x00, 0x00, 0x00, 0x00, 0x00, 0x00, 0x54, 0x00, 0x02, 0x00, 0x29, 0x00, 0x00, 0x00, 0x01, 0x01,
    0x7d, 0x56, 0xf6, 0x94, 0x00, 0x00, 0x00, 0x00, 0x00, 0x02, 0x00, 0x01, 0x00, 0x00, 0x00, 0x05,
    0x13, 0x00, 0x00, 0x00, 0x2d, 0x00, 0x00, 0x00, 0x00, 0x00, 0x00, 0x00, 0x54, 0x00, 0x02, 0x00,
    0x29, 0x00, 0x00, 0x00, 0x01, 0x01, 0x6f, 0xcc, 0x79, 0xd3, 0x00, 0x00, 0x00, 0x00, 0x00, 0x02,
    0x00, 0x01, 0x00, 0x00, 0x00, 0x05, 0x13, 0x00, 0x00, 0x00, 0x2d, 0x00, 0x00, 0x00, 0x00, 0x00,
    0x00, 0x00, 0x54, 0x00, 0x02, 0x00, 0x29, 0x00, 0x00, 0x00, 0x01, 0x01, 0x65, 0xa7, 0x72, 0xe3,
    0x00, 0x00, 0x00, 0x00, 0x00, 0x15, 0x02, 0x03, 0x00, 0x00, 0x00, 0x4a, 0x13, 0x02, 0x00, 0x00,
    0x16, 0x03, 0x00, 0x00, 0x35, 0x00, 0x00, 0x00, 0x54, 0x02, 0x02, 0x03, 0x13, 0x04, 0x00, 0x00,
    0x16, 0x05, 0x01, 0x00, 0x35, 0x00, 0x00, 0x00, 0x54, 0x04, 0x02, 0x03, 0x13, 0x06, 0x00, 0x00,
    0x16, 0x07, 0x02, 0x00, 0x35, 0x00, 0x01, 0x00, 0x54, 0x06, 0x02, 0x03, 0x13, 0x08, 0x00, 0x00,
    0x16, 0x09, 0x03, 0x00, 0x35, 0x00, 0x01, 0x00, 0x54, 0x08, 0x02, 0x03, 0x13, 0x0a, 0x00, 0x00,
    0x16, 0x0b, 0x04, 0x00, 0x35, 0x00, 0x01, 0x00, 0x54, 0x0a, 0x02, 0x03, 0x13, 0x0c, 0x00, 0x00,
    0x16, 0x0d, 0x05, 0x00, 0x35, 0x00, 0x01, 0x00, 0x54, 0x0c, 0x02, 0x03, 0x13, 0x0e, 0x01, 0x00,
    0x16, 0x0f, 0x06, 0x00, 0x35, 0x00, 0x00, 0x00, 0x54, 0x0e, 0x02, 0x03, 0x13, 0x10, 0x01, 0x00,
    0x16, 0x11, 0x07, 0x00, 0x35, 0x00, 0x00, 0x00, 0x54, 0x10, 0x02, 0x03, 0x13, 0x12, 0x02, 0x00,
    0x16, 0x13, 0x08, 0x00, 0x35, 0x00, 0x00, 0x00, 0x54, 0x12, 0x02, 0x03, 0x4f, 0x14, 0x12, 0x00,
    0x15, 0x02, 0x14, 0x7a, 0x00, 0x00, 0x00, 0x00, 0x15, 0x03, 0x14, 0xc0, 0x01, 0x00, 0x00, 0x00,
    0x15, 0x04, 0x14, 0x7e, 0x02, 0x00, 0x00, 0x00, 0x15, 0x05, 0x14, 0xe6, 0x03, 0x00, 0x00, 0x00,
    0x15, 0x06, 0x14, 0x44, 0x04, 0x00, 0x00, 0x00, 0x15, 0x07, 0x14, 0x93, 0x05, 0x00, 0x00, 0x00,
    0x15, 0x08, 0x14, 0xb6, 0x06, 0x00, 0x00, 0x00, 0x15, 0x09, 0x14, 0xdf, 0x07, 0x00, 0x00, 0x00,
    0x15, 0x0a, 0x14, 0x28, 0x08, 0x00, 0x00, 0x00, 0x15, 0x0b, 0x14, 0x22, 0x09, 0x00, 0x00, 0x00,
    0x15, 0x0c, 0x14, 0xf2, 0x0a, 0x00, 0x00, 0x00, 0x15, 0x0d, 0x14, 0x4e, 0x0b, 0x00, 0x00, 0x00,
    0x15, 0x0e, 0x14, 0xaf, 0x0c, 0x00, 0x00, 0x00, 0x15, 0x0f, 0x14, 0xa0, 0x0d, 0x00, 0x00, 0x00,
    0x15, 0x10, 0x14, 0x6f, 0x0e, 0x00, 0x00, 0x00, 0x15, 0x11, 0x14, 0x5b, 0x0f, 0x00, 0x00, 0x00,
    0x15, 0x12, 0x14, 0x34, 0x10, 0x00, 0x00, 0x00, 0x15, 0x13, 0x14, 0xa5, 0x11, 0x00, 0x00, 0x00,
    0x29, 0x14, 0x02, 0x00, 0x13, 0x03, 0x03, 0x03, 0x04, 0x03, 0x05, 0x03, 0x06, 0x03, 0x07, 0x03,
    0x08, 0x03, 0x09, 0x03, 0x0a, 0x03, 0x0b, 0x03, 0x0c, 0x03, 0x0d, 0x03, 0x0e, 0x03, 0x0f, 0x03,
    0x10, 0x03, 0x11, 0x03, 0x12, 0x03, 0x13, 0x03, 0x14, 0x05, 0x12, 0x00, 0x01, 0x02, 0x03, 0x04,
    0x05, 0x06, 0x07, 0x08, 0x09, 0x0a, 0x0b, 0x0c, 0x0d, 0x0e, 0x0f, 0x10, 0x11, 0x09, 0x03, 0x04,
    0x05, 0x06, 0x07, 0x08, 0x09, 0x0a, 0x0b, 0x00, 0x00, 0x00, 0x00, 0x03, 0x00, 0x02, 0x00, 0x00,
    0x00, 0x06, 0x13, 0x00, 0x00, 0x00, 0x13, 0x02, 0x01, 0x00, 0x2d, 0x00, 0x00, 0x00, 0x00, 0x00,
    0x00, 0x00, 0x54, 0x00, 0x03, 0x00, 0x29, 0x00, 0x00, 0x00, 0x01, 0x01, 0x7d, 0xe3, 0x67, 0xff,
    0x00, 0x00, 0x00, 0x00, 0x00, 0x12, 0x01, 0x01, 0x00, 0x00, 0x00, 0x43, 0x2c, 0x01, 0x00, 0x00,
    0x00, 0x00, 0x00, 0x00, 0x12, 0x02, 0x00, 0x00, 0x12, 0x03, 0x00, 0x00, 0x12, 0x06, 0x00, 0x00,
    0x12, 0x04, 0x13, 0x00, 0x12, 0x05, 0x01, 0x00, 0x47, 0x04, 0x1e, 0x00, 0x13, 0x07, 0x00, 0x00,
    0x16, 0x08, 0x00, 0x00, 0x35, 0x00, 0x00, 0x00, 0x35, 0x00, 0x06, 0x00, 0x54, 0x07, 0x02, 0x03,
    0x18, 0x08, 0x16, 0x00, 0x38, 0x02, 0x02, 0x00, 0x4e, 0x10, 0x01, 0x00, 0x14, 0x11, 0x07, 0x00,
    0x37, 0x11, 0x13, 0x00, 0x10, 0x00, 0x00, 0x00, 0x4d, 0x0a, 0x01, 0x00, 0x38, 0x09, 0x0a, 0x00,
    0x19, 0x3f, 0x06, 0x03, 0x14, 0x0f, 0x06, 0x00, 0x46, 0x0e, 0x03, 0x00, 0x00, 0x00, 0x20, 0x40,
    0x54, 0x0e, 0x02, 0x02, 0x14, 0x0b, 0x0e, 0x00, 0x4e, 0x0c, 0x04, 0x00, 0x19, 0x3f, 0x07, 0x03,
    0x14, 0x0e, 0x07, 0x00, 0x46, 0x0d, 0x03, 0x00, 0x00, 0x00, 0x20, 0x40, 0x54, 0x0d, 0x02, 0x02,
    0x28, 0x0a, 0x0b, 0x0d, 0x2a, 0x0a, 0x01, 0x09, 0x40, 0x00, 0x01, 0x00, 0x38, 0x03, 0x03, 0x00,
    0x0a, 0x04, 0xe2, 0xff, 0x4e, 0x04, 0x05, 0x00, 0x4d, 0x05, 0x01, 0x00, 0x12, 0x06, 0x00, 0x00,
    0x1c, 0x06, 0x07, 0x00, 0x05, 0x00, 0x00, 0x00, 0x46, 0x05, 0x08, 0x00, 0x00, 0x1c, 0x60, 0x80,
    0x14, 0x06, 0x01, 0x00, 0x4e, 0x07, 0x09, 0x00, 0x54, 0x05, 0x03, 0x02, 0x14, 0x04, 0x05, 0x00,
    0x4e, 0x06, 0x0a, 0x00, 0x19, 0x3f, 0x02, 0x03, 0x14, 0x0d, 0x02, 0x00, 0x46, 0x0c, 0x03, 0x00,
    0x00, 0x00, 0x20, 0x40, 0x54, 0x0c, 0x02, 0x02, 0x14, 0x07, 0x0c, 0x00, 0x4e, 0x08, 0x0b, 0x00,
    0x19, 0x3f, 0x03, 0x03, 0x14, 0x0d, 0x03, 0x00, 0x46, 0x0c, 0x03, 0x00, 0x00, 0x00, 0x20, 0x40,
    0x54, 0x0c, 0x02, 0x02, 0x14, 0x09, 0x0c, 0x00, 0x4e, 0x0a, 0x0c, 0x00, 0x14, 0x0b, 0x04, 0x00,
    0x28, 0x05, 0x06, 0x0b, 0x29, 0x05, 0x02, 0x00, 0x0d, 0x02, 0x00, 0x00, 0x00, 0x00, 0x00, 0x00,
    0xf0, 0x3f, 0x02, 0x00, 0x00, 0x00, 0x00, 0x00, 0x00, 0x00, 0x00, 0x01, 0x43, 0xaf, 0x3d, 0x6a,
    0x04, 0x00, 0x00, 0x20, 0x40, 0x03, 0x15, 0x03, 0x16, 0x01, 0x82, 0xe1, 0x38, 0x0f, 0x01, 0xd2,
    0xb0, 0x6c, 0x8d, 0x04, 0x00, 0x1c, 0x60, 0x80, 0x03, 0x17, 0x03, 0x18, 0x03, 0x19, 0x03, 0x1a,
    0x01, 0x0d, 0x00, 0x00, 0x00, 0x00, 0x03, 0x00, 0x02, 0x00, 0x00, 0x00, 0x06, 0x13, 0x00, 0x00,
    0x00, 0x13, 0x02, 0x01, 0x00, 0x2d, 0x00, 0x00, 0x00, 0x00, 0x00, 0x00, 0x00, 0x54, 0x00, 0x03,
    0x00, 0x29, 0x00, 0x00, 0x00, 0x01, 0x01, 0x12, 0x44, 0xcc, 0xdb, 0x00, 0x00, 0x00, 0x00, 0x00,
    0x16, 0x02, 0x01, 0x00, 0x00, 0x00, 0x56, 0x2c, 0x02, 0x00, 0x00, 0x00, 0x00, 0x00, 0x00, 0x12,
    0x03, 0x00, 0x00, 0x12, 0x04, 0x00, 0x00, 0x12, 0x07, 0x00, 0x00, 0x12, 0x05, 0x13, 0x00, 0x12,
    0x06, 0x01, 0x00, 0x47, 0x05, 0x31, 0x00, 0x13, 0x08, 0x00, 0x00, 0x16, 0x09, 0x00, 0x00, 0x35,
    0x00, 0x00, 0x00, 0x35, 0x00, 0x07, 0x00, 0x54, 0x08, 0x02, 0x03, 0x18, 0x09, 0x29, 0x00, 0x38,
    0x03, 0x03, 0x00, 0x4e, 0x14, 0x01, 0x00, 0x14, 0x15, 0x08, 0x00, 0x37, 0x15, 0x26, 0x00, 0x14,
    0x00, 0x00, 0x00, 0x4e, 0x0a, 0x02, 0x00, 0x19, 0x28, 0x01, 0x03, 0x14, 0x0c, 0x01, 0x00, 0x46,
    0x0b, 0x04, 0x00, 0x00, 0x00, 0x30, 0x40, 0x54, 0x0b, 0x02, 0x02, 0x4e, 0x14, 0x05, 0x00, 0x14,
    0x15, 0x0b, 0x00, 0x27, 0x15, 0x07, 0x00, 0x14, 0x00, 0x00, 0x00, 0x22, 0x0c, 0x01, 0x08, 0x19,
    0x3f, 0x0c, 0x02, 0x46, 0x0b, 0x07, 0x00, 0x00, 0x00, 0x60, 0x40, 0x54, 0x0b, 0x02, 0x02, 0x14,
    0x0a, 0x0b, 0x00, 0x4d, 0x0c, 0x02, 0x00, 0x38, 0x0b, 0x0c, 0x00, 0x19, 0x3f, 0x07, 0x03, 0x14,
    0x13, 0x07, 0x00, 0x46, 0x12, 0x07, 0x00, 0x00, 0x00, 0x60, 0x40, 0x54, 0x12, 0x02, 0x02, 0x14,
    0x0d, 0x12, 0x00, 0x4e, 0x0e, 0x08, 0x00, 0x19, 0x3f, 0x08, 0x03, 0x14, 0x13, 0x08, 0x00, 0x46,
    0x12, 0x07, 0x00, 0x00, 0x00, 0x60, 0x40, 0x54, 0x12, 0x02, 0x02, 0x14, 0x0f, 0x12, 0x00, 0x4e,
    0x10, 0x08, 0x00, 0x14, 0x11, 0x0a, 0x00, 0x28, 0x0c, 0x0d, 0x11, 0x2a, 0x0c, 0x02, 0x0b, 0x40,
    0x00, 0x01, 0x00, 0x38, 0x04, 0x04, 0x00, 0x0a, 0x05, 0xcf, 0xff, 0x4e, 0x05, 0x09, 0x00, 0x4d,
    0x06, 0x02, 0x00, 0x12, 0x07, 0x00, 0x00, 0x1c, 0x07, 0x07, 0x00, 0x06, 0x00, 0x00, 0x00, 0x46,
    0x06, 0x0c, 0x00, 0x00, 0x2c, 0xa0, 0x80, 0x14, 0x07, 0x02, 0x00, 0x4e, 0x08, 0x0d, 0x00, 0x54,
    0x06, 0x03, 0x02, 0x14, 0x05, 0x06, 0x00, 0x4e, 0x07, 0x0e, 0x00, 0x19, 0x3f, 0x03, 0x03, 0x14,
    0x0e, 0x03, 0x00, 0x46, 0x0d, 0x07, 0x00, 0x00, 0x00, 0x60, 0x40, 0x54, 0x0d, 0x02, 0x02, 0x14,
    0x08, 0x0d, 0x00, 0x4e, 0x09, 0x0f, 0x00, 0x19, 0x3f, 0x04, 0x03, 0x14, 0x0e, 0x04, 0x00, 0x46,
    0x0d, 0x07, 0x00, 0x00, 0x00, 0x60, 0x40, 0x54, 0x0d, 0x02, 0x02, 0x14, 0x0a, 0x0d, 0x00, 0x4e,
    0x0b, 0x10, 0x00, 0x14, 0x0c, 0x05, 0x00, 0x28, 0x06, 0x07, 0x0c, 0x29, 0x06, 0x02, 0x00, 0x11,
    0x02, 0x00, 0x00, 0x00, 0x00, 0x00, 0x00, 0xf0, 0x3f, 0x02, 0x00, 0x00, 0x00, 0x00, 0x00, 0x00,
    0x00, 0x00, 0x03, 0x1b, 0x01, 0x9f, 0xdc, 0x7c, 0x6b, 0x04, 0x00, 0x00, 0x30, 0x40, 0x03, 0x01,
    0x01, 0x43, 0xaf, 0x3d, 0x6a, 0x04, 0x00, 0x00, 0x60, 0x40, 0x03, 0x15, 0x03, 0x16, 0x01, 0x82,
    0xe1, 0x38, 0x0f, 0x01, 0xd2, 0xb0, 0x6c, 0x8d, 0x04, 0x00, 0x2c, 0xa0, 0x80, 0x03, 0x17, 0x03,
    0x18, 0x03, 0x19, 0x03, 0x1c, 0x01, 0x0f, 0x00, 0x00, 0x00, 0x00, 0x06, 0x02, 0x00, 0x00, 0x00,
    0x00, 0x1a, 0x19, 0x28, 0x00, 0x03, 0x14, 0x03, 0x00, 0x00, 0x46, 0x02, 0x01, 0x00, 0x00, 0x00,
    0x00, 0x40, 0x54, 0x02, 0x02, 0x02, 0x4e, 0x04, 0x02, 0x00, 0x14, 0x05, 0x02, 0x00, 0x27, 0x05,
    0x0a, 0x00, 0x04, 0x00, 0x00, 0x00, 0x19, 0x28, 0x01, 0x03, 0x14, 0x03, 0x01, 0x00, 0x46, 0x02,
    0x01, 0x00, 0x00, 0x00, 0x00, 0x40, 0x54, 0x02, 0x02, 0x02, 0x4e, 0x04, 0x02, 0x00, 0x14, 0x05,
    0x02, 0x00, 0x37, 0x05, 0x03, 0x00, 0x04, 0x00, 0x00, 0x00, 0x0d, 0x02, 0x00, 0x00, 0x29, 0x02,
    0x02, 0x00, 0x33, 0x00, 0x03, 0x00, 0x01, 0x00, 0x00, 0x00, 0x12, 0x02, 0x00, 0x00, 0x29, 0x02,
    0x02, 0x00, 0x07, 0x02, 0x00, 0x01, 0x29, 0x02, 0x02, 0x00, 0x03, 0x01, 0x9f, 0xdc, 0x7c, 0x6b,
    0x04, 0x00, 0x00, 0x00, 0x40, 0x03, 0x01, 0x00, 0x00, 0x00, 0x00, 0x00, 0x04, 0x01, 0x00, 0x01,
    0x00, 0x00, 0x07, 0x11, 0x01, 0x00, 0x00, 0x46, 0x01, 0x01, 0x00, 0x00, 0x00, 0x00, 0x40, 0x14,
    0x02, 0x00, 0x00, 0x4c, 0x03, 0x00, 0x00, 0x54, 0x01, 0x00, 0x01, 0x29, 0x00, 0x01, 0x00, 0x02,
    0x01, 0x73, 0xa6, 0x69, 0xd5, 0x04, 0x00, 0x00, 0x00, 0x40, 0x00, 0x00, 0x00, 0x00, 0x00, 0x27,
    0x02, 0x05, 0x00, 0x00, 0x00, 0xc8, 0x01, 0x3a, 0x00, 0x03, 0x00, 0x00, 0x00, 0x00, 0x80, 0x0d,
    0x02, 0x00, 0x00, 0x29, 0x02, 0x02, 0x00, 0x19, 0x28, 0x01, 0x03, 0x14, 0x03, 0x01, 0x00, 0x46,
    0x02, 0x01, 0x00, 0x00, 0x00, 0x00, 0x40, 0x54, 0x02, 0x02, 0x02, 0x4e, 0x25, 0x02, 0x00, 0x14,
    0x26, 0x02, 0x00, 0x37, 0x26, 0x03, 0x00, 0x25, 0x00, 0x00, 0x00, 0x0d, 0x02, 0x00, 0x00, 0x29,
    0x02, 0x02, 0x00, 0x13, 0x03, 0x00, 0x00, 0x38, 0x02, 0x03, 0x03, 0x53, 0x02, 0x00, 0x00, 0x13,
    0x02, 0x01, 0x00, 0x3d, 0x03, 0x01, 0x0c, 0x04, 0x00, 0x00, 0x00, 0x3d, 0x04, 0x01, 0x36, 0x05,
    0x00, 0x00, 0x00, 0x54, 0x02, 0x03, 0x02, 0x13, 0x03, 0x02, 0x00, 0x3d, 0x04, 0x01, 0x36, 0x05,
    0x00, 0x00, 0x00, 0x54, 0x03, 0x02, 0x02, 0x13, 0x04, 0x03, 0x00, 0x3d, 0x05, 0x01, 0x3e, 0x06,
    0x00, 0x00, 0x00, 0x3d, 0x06, 0x01, 0x92, 0x07, 0x00, 0x00, 0x00, 0x54, 0x04, 0x03, 0x02, 0x4f,
    0x05, 0x0d, 0x00, 0x13, 0x06, 0x00, 0x00, 0x15, 0x06, 0x05, 0xf4, 0x08, 0x00, 0x00, 0x00, 0x15,
    0x00, 0x05, 0x4d, 0x09, 0x00, 0x00, 0x00, 0x15, 0x01, 0x05, 0xae, 0x0a, 0x00, 0x00, 0x00, 0x15,
    0x02, 0x05, 0x68, 0x0b, 0x00, 0x00, 0x00, 0x15, 0x03, 0x05, 0x8c, 0x0c, 0x00, 0x00, 0x00, 0x13,
    0x06, 0x04, 0x00, 0x14, 0x07, 0x00, 0x00, 0x4e, 0x08, 0x0e, 0x00, 0x3d, 0x09, 0x05, 0xf4, 0x08,
    0x00, 0x00, 0x00, 0x3d, 0x0a, 0x01, 0xe3, 0x0f, 0x00, 0x00, 0x00, 0x3d, 0x0b, 0x01, 0x54, 0x10,
    0x00, 0x00, 0x00, 0x3d, 0x0c, 0x01, 0xc8, 0x11, 0x00, 0x00, 0x00, 0x3d, 0x0d, 0x01, 0x0c, 0x04,
    0x00, 0x00, 0x00, 0x3d, 0x0e, 0x01, 0x3e, 0x06, 0x00, 0x00, 0x00, 0x4e, 0x0f, 0x12, 0x00, 0x3d,
    0x10, 0x01, 0x62, 0x12, 0x00, 0x00, 0x00, 0x3d, 0x12, 0x01, 0x82, 0x13, 0x00, 0x00, 0x00, 0x04,
    0x25, 0x01, 0x00, 0x14, 0x26, 0x12, 0x00, 0x37, 0x26, 0x02, 0x00, 0x25, 0x00, 0x00, 0x00, 0x04,
    0x11, 0x00, 0x01, 0x04, 0x11, 0x01, 0x00, 0x4e, 0x12, 0x14, 0x00, 0x3d, 0x13, 0x01, 0xcb, 0x14,
    0x00, 0x00, 0x00, 0x3d, 0x15, 0x01, 0x5d, 0x15, 0x00, 0x00, 0x00, 0x04, 0x25, 0x01, 0x00, 0x14,
    0x26, 0x15, 0x00, 0x37, 0x26, 0x02, 0x00, 0x25, 0x00, 0x00, 0x00, 0x04, 0x14, 0x00, 0x01, 0x04,
    0x14, 0x01, 0x00, 0x4e, 0x15, 0x16, 0x00, 0x3d, 0x16, 0x01, 0x25, 0x17, 0x00, 0x00, 0x00, 0x3d,
    0x17, 0x01, 0xb2, 0x18, 0x00, 0x00, 0x00, 0x3d, 0x18, 0x01, 0xe1, 0x19, 0x00, 0x00, 0x00, 0x4e,
    0x19, 0x1a, 0x00, 0x3d, 0x1a, 0x01, 0x89, 0x1a, 0x00, 0x00, 0x00, 0x4e, 0x1b, 0x1b, 0x00, 0x3d,
    0x1c, 0x01, 0xa0, 0x1c, 0x00, 0x00, 0x00, 0x3d, 0x1d, 0x01, 0x9e, 0x1d, 0x00, 0x00, 0x00, 0x4e,
    0x1e, 0x1e, 0x00, 0x3d, 0x1f, 0x01, 0xf0, 0x1f, 0x00, 0x00, 0x00, 0x3d, 0x20, 0x01, 0x92, 0x20,
    0x00, 0x00, 0x00, 0x4e, 0x21, 0x21, 0x00, 0x3d, 0x22, 0x01, 0xe9, 0x21, 0x00, 0x00, 0x00, 0x4e,
    0x23, 0x22, 0x00, 0x3d, 0x24, 0x01, 0x1a, 0x22, 0x00, 0x00, 0x00, 0x54, 0x06, 0x1f, 0x01, 0x13,
    0x06, 0x04, 0x00, 0x14, 0x07, 0x00, 0x00, 0x4e, 0x08, 0x23, 0x00, 0x3d, 0x09, 0x05, 0xf4, 0x08,
    0x00, 0x00, 0x00, 0x3d, 0x0a, 0x01, 0xe3, 0x0f, 0x00, 0x00, 0x00, 0x4e, 0x0b, 0x24, 0x00, 0x3d,
    0x0c, 0x02, 0x7a, 0x24, 0x00, 0x00, 0x00, 0x3d, 0x0d, 0x02, 0xc0, 0x25, 0x00, 0x00, 0x00, 0x3d,
    0x0e, 0x02, 0x7e, 0x26, 0x00, 0x00, 0x00, 0x3d, 0x0f, 0x02, 0xe6, 0x27, 0x00, 0x00, 0x00, 0x4e,
    0x10, 0x28, 0x00, 0x3d, 0x11, 0x02, 0x44, 0x28, 0x00, 0x00, 0x00, 0x3d, 0x12, 0x02, 0x93, 0x29,
    0x00, 0x00, 0x00, 0x3d, 0x13, 0x02, 0xb6, 0x2a, 0x00, 0x00, 0x00, 0x3d, 0x14, 0x02, 0xdf, 0x2b,
    0x00, 0x00, 0x00, 0x4e, 0x15, 0x2c, 0x00, 0x3d, 0x16, 0x02, 0x28, 0x2c, 0x00, 0x00, 0x00, 0x3d,
    0x17, 0x02, 0x22, 0x2d, 0x00, 0x00, 0x00, 0x4e, 0x18, 0x2e, 0x00, 0x3d, 0x19, 0x02, 0xf2, 0x2e,
    0x00, 0x00, 0x00, 0x3d, 0x1a, 0x02, 0x4e, 0x2f, 0x00, 0x00, 0x00, 0x54, 0x06, 0x15, 0x01, 0x13,
    0x06, 0x04, 0x00, 0x14, 0x07, 0x00, 0x00, 0x4e, 0x08, 0x30, 0x00, 0x3d, 0x09, 0x05, 0xf4, 0x08,
    0x00, 0x00, 0x00, 0x3d, 0x0a, 0x01, 0xe3, 0x0f, 0x00, 0x00, 0x00, 0x4e, 0x0b, 0x31, 0x00, 0x3d,
    0x0c, 0x02, 0xaf, 0x31, 0x00, 0x00, 0x00, 0x3d, 0x0d, 0x02, 0xa0, 0x32, 0x00, 0x00, 0x00, 0x4e,
    0x0e, 0x33, 0x00, 0x3d, 0x0f, 0x02, 0x6f, 0x33, 0x00, 0x00, 0x00, 0x3d, 0x10, 0x02, 0x5b, 0x34,
    0x00, 0x00, 0x00, 0x4e, 0x11, 0x35, 0x00, 0x3d, 0x12, 0x02, 0x34, 0x35, 0x00, 0x00, 0x00, 0x3d,
    0x13, 0x02, 0xa5, 0x36, 0x00, 0x00, 0x00, 0x54, 0x06, 0x0e, 0x01, 0x13, 0x06, 0x04, 0x00, 0x14,
    0x07, 0x00, 0x00, 0x4e, 0x08, 0x37, 0x00, 0x3d, 0x09, 0x05, 0xf4, 0x08, 0x00, 0x00, 0x00, 0x3d,
    0x0a, 0x01, 0xe3, 0x0f, 0x00, 0x00, 0x00, 0x14, 0x0b, 0x03, 0x00, 0x54, 0x06, 0x06, 0x01, 0x13,
    0x06, 0x04, 0x00, 0x14, 0x07, 0x00, 0x00, 0x4e, 0x08, 0x38, 0x00, 0x3d, 0x09, 0x05, 0xf4, 0x08,
    0x00, 0x00, 0x00, 0x3d, 0x0a, 0x01, 0xe3, 0x0f, 0x00, 0x00, 0x00, 0x4e, 0x0b, 0x39, 0x00, 0x3d,
    0x0c, 0x01, 0x90, 0x39, 0x00, 0x00, 0x00, 0x4e, 0x0d, 0x3a, 0x00, 0x3d, 0x0e, 0x01, 0xe6, 0x3a,
    0x00, 0x00, 0x00, 0x4e, 0x0f, 0x07, 0x00, 0x3d, 0x10, 0x01, 0x92, 0x07, 0x00, 0x00, 0x00, 0x4e,
    0x11, 0x3b, 0x00, 0x3d, 0x12, 0x01, 0x2e, 0x3b, 0x00, 0x00, 0x00, 0x14, 0x13, 0x04, 0x00, 0x54,
    0x06, 0x0e, 0x01, 0x29, 0x05, 0x02, 0x00, 0x3c, 0x01, 0x9f, 0xdc, 0x7c, 0x6b, 0x04, 0x00, 0x00,
    0x00, 0x40, 0x03, 0x1d, 0x02, 0x00, 0x00, 0x00, 0x00, 0x00, 0x00, 0xf0, 0x3f, 0x03, 0x1e, 0x03,
    0x1f, 0x03, 0x20, 0x03, 0x21, 0x03, 0x22, 0x03, 0x23, 0x03, 0x24, 0x03, 0x25, 0x03, 0x26, 0x05,
    0x05, 0x08, 0x09, 0x0a, 0x0b, 0x0c, 0x03, 0x27, 0x03, 0x28, 0x03, 0x29, 0x03, 0x2a, 0x03, 0x2b,
    0x03, 0x2c, 0x03, 0x2d, 0x03, 0x2e, 0x03, 0x2f, 0x03, 0x30, 0x03, 0x31, 0x03, 0x32, 0x03, 0x33,
    0x03, 0x34, 0x03, 0x35, 0x03, 0x36, 0x03, 0x37, 0x03, 0x38, 0x03, 0x39, 0x03, 0x3a, 0x03, 0x3b,
    0x03, 0x3c, 0x03, 0x03, 0x03, 0x04, 0x03, 0x05, 0x03, 0x06, 0x03, 0x07, 0x03, 0x08, 0x03, 0x09,
    0x03, 0x0a, 0x03, 0x0b, 0x03, 0x0c, 0x03, 0x0d, 0x03, 0x0e, 0x03, 0x3d, 0x03, 0x0f, 0x03, 0x10,
    0x03, 0x11, 0x03, 0x12, 0x03, 0x13, 0x03, 0x14, 0x03, 0x3e, 0x03, 0x3f, 0x03, 0x40, 0x03, 0x41,
    0x03, 0x42, 0x00, 0x00, 0x00, 0x00, 0x00, 0x29, 0x02, 0x04, 0x00, 0x00, 0x00, 0xf2, 0x01, 0x3a,
    0x00, 0x02, 0x00, 0x00, 0x00, 0x00, 0x80, 0x29, 0x00, 0x01, 0x00, 0x19, 0x28, 0x01, 0x03, 0x14,
    0x03, 0x01, 0x00, 0x46, 0x02, 0x01, 0x00, 0x00, 0x00, 0x00, 0x40, 0x54, 0x02, 0x02, 0x02, 0x4e,
    0x27, 0x02, 0x00, 0x14, 0x28, 0x02, 0x00, 0x37, 0x28, 0x03, 0x00, 0x27, 0x00, 0x00, 0x00, 0x2c,
    0x01, 0x00, 0x00, 0x00, 0x00, 0x00, 0x00, 0x3d, 0x02, 0x00, 0xae, 0x03, 0x00, 0x00, 0x00, 0x13,
    0x03, 0x00, 0x00, 0x3d, 0x04, 0x02, 0x0c, 0x04, 0x00, 0x00, 0x00, 0x3d, 0x05, 0x02, 0x36, 0x05,
    0x00, 0x00, 0x00, 0x54, 0x03, 0x03, 0x02, 0x13, 0x04, 0x01, 0x00, 0x3d, 0x05, 0x00, 0x68, 0x06,
    0x00, 0x00, 0x00, 0x3d, 0x05, 0x05, 0x7a, 0x07, 0x00, 0x00, 0x00, 0x3d, 0x06, 0x03, 0x7a, 0x07,
    0x00, 0x00, 0x00, 0x54, 0x04, 0x03, 0x02, 0x13, 0x05, 0x01, 0x00, 0x3d, 0x06, 0x00, 0x68, 0x06,
    0x00, 0x00, 0x00, 0x3d, 0x06, 0x06, 0x44, 0x08, 0x00, 0x00, 0x00, 0x3d, 0x07, 0x03, 0x44, 0x08,
    0x00, 0x00, 0x00, 0x54, 0x05, 0x03, 0x02, 0x13, 0x06, 0x01, 0x00, 0x3d, 0x07, 0x00, 0x68, 0x06,
    0x00, 0x00, 0x00, 0x3d, 0x07, 0x07, 0x28, 0x09, 0x00, 0x00, 0x00, 0x3d, 0x08, 0x03, 0x28, 0x09,
    0x00, 0x00, 0x00, 0x54, 0x06, 0x03, 0x02, 0x12, 0x07, 0x00, 0x00, 0x04, 0x08, 0x01, 0x00, 0x19,
    0x28, 0x04, 0x03, 0x14, 0x0a, 0x04, 0x00, 0x46, 0x09, 0x01, 0x00, 0x00, 0x00, 0x00, 0x40, 0x54,
    0x09, 0x02, 0x02, 0x4e, 0x27, 0x0a, 0x00, 0x14, 0x28, 0x09, 0x00, 0x27, 0x28, 0x03, 0x00, 0x27,
    0x00, 0x00, 0x00, 0x49, 0x07, 0x07, 0x04, 0x40, 0x00, 0x01, 0x00, 0x04, 0x08, 0x00, 0x00, 0x19,
    0x28, 0x05, 0x03, 0x14, 0x0a, 0x05, 0x00, 0x46, 0x09, 0x01, 0x00, 0x00, 0x00, 0x00, 0x40, 0x54,
    0x09, 0x02, 0x02, 0x4e, 0x27, 0x0a, 0x00, 0x14, 0x28, 0x09, 0x00, 0x27, 0x28, 0x03, 0x00, 0x27,
    0x00, 0x00, 0x00, 0x49, 0x07, 0x07, 0x05, 0x40, 0x00, 0x01, 0x00, 0x04, 0x08, 0x00, 0x00, 0x19,
    0x28, 0x06, 0x03, 0x14, 0x0a, 0x06, 0x00, 0x46, 0x09, 0x01, 0x00, 0x00, 0x00, 0x00, 0x40, 0x54,
    0x09, 0x02, 0x02, 0x4e, 0x27, 0x0a, 0x00, 0x14, 0x28, 0x09, 0x00, 0x27, 0x28, 0x03, 0x00, 0x27,
    0x00, 0x00, 0x00, 0x49, 0x07, 0x07, 0x06, 0x40, 0x00, 0x01, 0x00, 0x04, 0x08, 0x00, 0x00, 0x0d,
    0x09, 0x00, 0x00, 0x0d, 0x0a, 0x00, 0x00, 0x18, 0x08, 0x15, 0x00, 0x3d, 0x0c, 0x01, 0xbf, 0x0b,
    0x00, 0x00, 0x00, 0x19, 0x28, 0x0c, 0x02, 0x46, 0x0b, 0x01, 0x00, 0x00, 0x00, 0x00, 0x40, 0x54,
    0x0b, 0x02, 0x02, 0x4e, 0x27, 0x0a, 0x00, 0x14, 0x28, 0x0b, 0x00, 0x27, 0x28, 0x0c, 0x00, 0x27,
    0x00, 0x00, 0x00, 0x3d, 0x0b, 0x01, 0xbf, 0x0b, 0x00, 0x00, 0x00, 0x07, 0x09, 0x0b, 0x07, 0x3d,
    0x0b, 0x01, 0xbf, 0x0b, 0x00, 0x00, 0x00, 0x12, 0x0c, 0x00, 0x00, 0x1c, 0x0c, 0x04, 0x00, 0x0b,
    0x00, 0x00, 0x00, 0x3d, 0x0b, 0x01, 0xbf, 0x0b, 0x00, 0x00, 0x00, 0x1a, 0x0a, 0x07, 0x0b, 0x13,
    0x0b, 0x02, 0x00, 0x3d, 0x0c, 0x02, 0x36, 0x05, 0x00, 0x00, 0x00, 0x54, 0x0b, 0x02, 0x02, 0x13,
    0x0c, 0x03, 0x00, 0x3d, 0x0d, 0x00, 0x4d, 0x0c, 0x00, 0x00, 0x00, 0x4e, 0x0e, 0x0d, 0x00, 0x3d,
    0x0f, 0x00, 0xf4, 0x0e, 0x00, 0x00, 0x00, 0x3d, 0x10, 0x02, 0xe3, 0x0f, 0x00, 0x00, 0x00, 0x4e,
    0x11, 0x07, 0x00, 0x3d, 0x12, 0x00, 0x68, 0x06, 0x00, 0x00, 0x00, 0x3d, 0x12, 0x12, 0x7a, 0x07,
    0x00, 0x00, 0x00, 0x3d, 0x13, 0x03, 0x7a, 0x07, 0x00, 0x00, 0x00, 0x14, 0x14, 0x04, 0x00, 0x4e,
    0x15, 0x08, 0x00, 0x3d, 0x16, 0x00, 0x68, 0x06, 0x00, 0x00, 0x00, 0x3d, 0x16, 0x16, 0x44, 0x08,
    0x00, 0x00, 0x00, 0x3d, 0x17, 0x03, 0x44, 0x08, 0x00, 0x00, 0x00, 0x14, 0x18, 0x05, 0x00, 0x4e,
    0x19, 0x09, 0x00, 0x3d, 0x1a, 0x00, 0x68, 0x06, 0x00, 0x00, 0x00, 0x3d, 0x1a, 0x1a, 0x28, 0x09,
    0x00, 0x00, 0x00, 0x3d, 0x1b, 0x03, 0x28, 0x09, 0x00, 0x00, 0x00, 0x14, 0x1c, 0x06, 0x00, 0x4e,
    0x1d, 0x10, 0x00, 0x3d, 0x1e, 0x00, 0x68, 0x06, 0x00, 0x00, 0x00, 0x3d, 0x1e, 0x1e, 0xf2, 0x10,
    0x00, 0x00, 0x00, 0x3d, 0x1f, 0x03, 0xf2, 0x10, 0x00, 0x00, 0x00, 0x4e, 0x20, 0x11, 0x00, 0x14,
    0x21, 0x07, 0x00, 0x14, 0x22, 0x08, 0x00, 0x54, 0x0c, 0x17, 0x01, 0x13, 0x0c, 0x03, 0x00, 0x3d,
    0x0d, 0x00, 0x4d, 0x0c, 0x00, 0x00, 0x00, 0x4e, 0x0e, 0x12, 0x00, 0x3d, 0x0f, 0x00, 0xf4, 0x0e,
    0x00, 0x00, 0x00, 0x3d, 0x10, 0x02, 0xe3, 0x0f, 0x00, 0x00, 0x00, 0x4e, 0x11, 0x13, 0x00, 0x3d,
    0x12, 0x00, 0x68, 0x06, 0x00, 0x00, 0x00, 0x3d, 0x12, 0x12, 0xaf, 0x13, 0x00, 0x00, 0x00, 0x3d,
    0x13, 0x03, 0xaf, 0x13, 0x00, 0x00, 0x00, 0x3d, 0x14, 0x03, 0xa0, 0x14, 0x00, 0x00, 0x00, 0x4e,
    0x15, 0x15, 0x00, 0x3d, 0x16, 0x00, 0x68, 0x06, 0x00, 0x00, 0x00, 0x3d, 0x16, 0x16, 0x6f, 0x15,
    0x00, 0x00, 0x00, 0x3d, 0x17, 0x03, 0x6f, 0x15, 0x00, 0x00, 0x00, 0x3d, 0x18, 0x03, 0x5b, 0x16,
    0x00, 0x00, 0x00, 0x4e, 0x19, 0x17, 0x00, 0x3d, 0x1a, 0x00, 0x68, 0x06, 0x00, 0x00, 0x00, 0x3d,
    0x1a, 0x1a, 0x34, 0x17, 0x00, 0x00, 0x00, 0x3d, 0x1b, 0x03, 0x34, 0x17, 0x00, 0x00, 0x00, 0x3d,
    0x1c, 0x03, 0xa5, 0x18, 0x00, 0x00, 0x00, 0x54, 0x0c, 0x11, 0x01, 0x13, 0x0c, 0x03, 0x00, 0x3d,
    0x0d, 0x00, 0x4d, 0x0c, 0x00, 0x00, 0x00, 0x4e, 0x0e, 0x19, 0x00, 0x3d, 0x0f, 0x00, 0xf4, 0x0e,
    0x00, 0x00, 0x00, 0x3d, 0x10, 0x02, 0xe3, 0x0f, 0x00, 0x00, 0x00, 0x3d, 0x11, 0x00, 0x8c, 0x1a,
    0x00, 0x00, 0x00, 0x14, 0x12, 0x0b, 0x00, 0x54, 0x0c, 0x07, 0x01, 0x13, 0x0c, 0x03, 0x00, 0x3d,
    0x0d, 0x00, 0x4d, 0x0c, 0x00, 0x00, 0x00, 0x4e, 0x0e, 0x1b, 0x00, 0x3d, 0x0f, 0x00, 0xf4, 0x0e,
    0x00, 0x00, 0x00, 0x3d, 0x10, 0x02, 0xe3, 0x0f, 0x00, 0x00, 0x00, 0x4e, 0x11, 0x1c, 0x00, 0x3d,
    0x12, 0x02, 0x90, 0x1c, 0x00, 0x00, 0x00, 0x4e, 0x13, 0x1d, 0x00, 0x3d, 0x14, 0x02, 0xe6, 0x1d,
    0x00, 0x00, 0x00, 0x4e, 0x15, 0x1e, 0x00, 0x3d, 0x16, 0x02, 0x92, 0x1e, 0x00, 0x00, 0x00, 0x4e,
    0x17, 0x0b, 0x00, 0x3d, 0x18, 0x01, 0xbf, 0x0b, 0x00, 0x00, 0x00, 0x4e, 0x19, 0x1f, 0x00, 0x3d,
    0x1a, 0x01, 0x53, 0x1f, 0x00, 0x00, 0x00, 0x4e, 0x1b, 0x20, 0x00, 0x3d, 0x1c, 0x01, 0x72, 0x20,
    0x00, 0x00, 0x00, 0x4e, 0x1d, 0x11, 0x00, 0x14, 0x1e, 0x07, 0x00, 0x4e, 0x1f, 0x21, 0x00, 0x14,
    0x20, 0x08, 0x00, 0x4e, 0x21, 0x22, 0x00, 0x14, 0x22, 0x09, 0x00, 0x4e, 0x23, 0x23, 0x00, 0x14,
    0x24, 0x0a, 0x00, 0x4e, 0x25, 0x24, 0x00, 0x3d, 0x26, 0x01, 0x1f, 0x24, 0x00, 0x00, 0x00, 0x54,
    0x0c, 0x1b, 0x01, 0x29, 0x00, 0x01, 0x00, 0x25, 0x01, 0x9f, 0xdc, 0x7c, 0x6b, 0x04, 0x00, 0x00,
    0x00, 0x40, 0x03, 0x1d, 0x03, 0x24, 0x03, 0x1e, 0x03, 0x1f, 0x03, 0x25, 0x03, 0x03, 0x03, 0x07,
    0x03, 0x0b, 0x03, 0x01, 0x03, 0x43, 0x03, 0x23, 0x03, 0x44, 0x03, 0x22, 0x03, 0x28, 0x03, 0x0d,
    0x03, 0x45, 0x03, 0x46, 0x03, 0x0f, 0x03, 0x10, 0x03, 0x11, 0x03, 0x12, 0x03, 0x13, 0x03, 0x14,
    0x03, 0x47, 0x03, 0x26, 0x03, 0x48, 0x03, 0x40, 0x03, 0x41, 0x03, 0x21, 0x03, 0x49, 0x03, 0x4a,
    0x03, 0x4b, 0x03, 0x4c, 0x03, 0x4d, 0x03, 0x4e, 0x00, 0x00, 0x00, 0x00, 0x00, 0x01, 0x00, 0x01,
    0x00, 0x00, 0x00, 0x03, 0x12, 0x00, 0x00, 0x00, 0x53, 0x00, 0x00, 0x00, 0x29, 0x00, 0x01, 0x00,
    0x00, 0x00, 0x00, 0x00, 0x00, 0x00, 0x08, 0x01, 0x00, 0x00, 0x00, 0x00, 0x57, 0x3a, 0x00, 0x03,
    0x00, 0x00, 0x00, 0x00, 0x80, 0x4e, 0x01, 0x00, 0x00, 0x29, 0x01, 0x02, 0x00, 0x19, 0x28, 0x00,
    0x03, 0x14, 0x02, 0x00, 0x00, 0x46, 0x01, 0x02, 0x00, 0x00, 0x00, 0x10, 0x40, 0x54, 0x01, 0x02,
    0x02, 0x4e, 0x06, 0x03, 0x00, 0x14, 0x07, 0x01, 0x00, 0x27, 0x07, 0x10, 0x00, 0x06, 0x00, 0x00,
    0x00, 0x27, 0x00, 0x06, 0x00, 0x00, 0x00, 0x00, 0x00, 0x07, 0x01, 0x00, 0x00, 0x4e, 0x06, 0x04,
    0x00, 0x14, 0x07, 0x01, 0x00, 0x37, 0x07, 0x03, 0x00, 0x06, 0x00, 0x00, 0x00, 0x4e, 0x01, 0x00,
    0x00, 0x29, 0x01, 0x02, 0x00, 0x19, 0x3f, 0x00, 0x03, 0x14, 0x02, 0x00, 0x00, 0x46, 0x01, 0x06,
    0x00, 0x00, 0x00, 0x50, 0x40, 0x54, 0x01, 0x02, 0x00, 0x29, 0x01, 0x00, 0x00, 0x19, 0x28, 0x00,
    0x03, 0x14, 0x02, 0x00, 0x00, 0x46, 0x01, 0x02, 0x00, 0x00, 0x00, 0x10, 0x40, 0x54, 0x01, 0x02,
    0x02, 0x4e, 0x06, 0x07, 0x00, 0x14, 0x07, 0x01, 0x00, 0x27, 0x07, 0x06, 0x00, 0x06, 0x00, 0x00,
    0x00, 0x18, 0x00, 0x02, 0x00, 0x4e, 0x01, 0x08, 0x00, 0x29, 0x01, 0x02, 0x00, 0x4e, 0x01, 0x09,
    0x00, 0x29, 0x01, 0x02, 0x00, 0x19, 0x3f, 0x00, 0x03, 0x14, 0x02, 0x00, 0x00, 0x46, 0x01, 0x06,
    0x00, 0x00, 0x00, 0x50, 0x40, 0x54, 0x01, 0x02, 0x02, 0x46, 0x02, 0x0c, 0x00, 0x00, 0x2c, 0xa0,
    0x80, 0x14, 0x03, 0x01, 0x00, 0x4e, 0x04, 0x0d, 0x00, 0x4e, 0x05, 0x0e, 0x00, 0x54, 0x02, 0x04,
    0x02, 0x14, 0x01, 0x02, 0x00, 0x46, 0x02, 0x0c, 0x00, 0x00, 0x2c, 0xa0, 0x80, 0x14, 0x03, 0x01,
    0x00, 0x4e, 0x04, 0x0f, 0x00, 0x4e, 0x05, 0x10, 0x00, 0x54, 0x02, 0x04, 0x02, 0x14, 0x01, 0x02,
    0x00, 0x46, 0x02, 0x0c, 0x00, 0x00, 0x2c, 0xa0, 0x80, 0x14, 0x03, 0x01, 0x00, 0x4e, 0x04, 0x11,
    0x00, 0x4e, 0x05, 0x12, 0x00, 0x54, 0x02, 0x04, 0x02, 0x14, 0x01, 0x02, 0x00, 0x46, 0x02, 0x0c,
    0x00, 0x00, 0x2c, 0xa0, 0x80, 0x14, 0x03, 0x01, 0x00, 0x4e, 0x04, 0x13, 0x00, 0x4e, 0x05, 0x14,
    0x00, 0x54, 0x02, 0x04, 0x02, 0x14, 0x01, 0x02, 0x00, 0x46, 0x02, 0x0c, 0x00, 0x00, 0x2c, 0xa0,
    0x80, 0x14, 0x03, 0x01, 0x00, 0x4e, 0x04, 0x15, 0x00, 0x4e, 0x05, 0x16, 0x00, 0x54, 0x02, 0x04,
    0x02, 0x14, 0x01, 0x02, 0x00, 0x4e, 0x03, 0x0f, 0x00, 0x14, 0x04, 0x01, 0x00, 0x4e, 0x05, 0x0f,
    0x00, 0x28, 0x02, 0x03, 0x05, 0x29, 0x02, 0x02, 0x00, 0x17, 0x03, 0x4f, 0x01, 0x9f, 0xdc, 0x7c,
    0x6b, 0x04, 0x00, 0x00, 0x10, 0x40, 0x03, 0x01, 0x02, 0x00, 0x00, 0x00, 0x00, 0x00, 0x00, 0x00,
    0x00, 0x01, 0x43, 0xaf, 0x3d, 0x6a, 0x04, 0x00, 0x00, 0x50, 0x40, 0x03, 0x02, 0x03, 0x50, 0x03,
    0x51, 0x01, 0x7f, 0xa8, 0xf6, 0x22, 0x01, 0xd0, 0x56, 0x8f, 0xb3, 0x04, 0x00, 0x2c, 0xa0, 0x80,
    0x03, 0x52, 0x03, 0x53, 0x03, 0x54, 0x03, 0x55, 0x03, 0x56, 0x03, 0x57, 0x03, 0x58, 0x03, 0x59,
    0x03, 0x5a, 0x03, 0x5b, 0x00, 0x00, 0x00, 0x00, 0x00, 0x07, 0x01, 0x00, 0x00, 0x00, 0x00, 0x18,
    0x46, 0x01, 0x01, 0x00, 0x00, 0x00, 0x00, 0x40, 0x14, 0x02, 0x00, 0x00, 0x54, 0x01, 0x02, 0x03,
    0x18, 0x01, 0x11, 0x00, 0x19, 0x28, 0x02, 0x03, 0x14, 0x04, 0x02, 0x00, 0x46, 0x03, 0x03, 0x00,
    0x00, 0x00, 0x20, 0x40, 0x54, 0x03, 0x02, 0x02, 0x4e, 0x05, 0x04, 0x00, 0x14, 0x06, 0x03, 0x00,
    0x27, 0x06, 0x09, 0x00, 0x05, 0x00, 0x00, 0x00, 0x27, 0x02, 0x07, 0x00, 0x02, 0x00, 0x00, 0x00,
    0x07, 0x03, 0x02, 0x02, 0x4e, 0x05, 0x05, 0x00, 0x14, 0x06, 0x03, 0x00, 0x27, 0x06, 0x02, 0x00,
    0x05, 0x00, 0x00, 0x00, 0x29, 0x02, 0x02, 0x00, 0x0d, 0x03, 0x00, 0x00, 0x29, 0x03, 0x02, 0x00,
    0x06, 0x01, 0x73, 0xa6, 0x69, 0xd5, 0x04, 0x00, 0x00, 0x00, 0x40, 0x01, 0x9f, 0xdc, 0x7c, 0x6b,
    0x04, 0x00, 0x00, 0x20, 0x40, 0x03, 0x01, 0x02, 0x00, 0x00, 0x00, 0x00, 0x00, 0x00, 0x00, 0x00,
    0x00, 0x00, 0x00, 0x00, 0x00, 0x01, 0x00, 0x01, 0x00, 0x00, 0x00, 0x02, 0x13, 0x00, 0x00, 0x00,
    0x29, 0x00, 0x02, 0x00, 0x00, 0x00, 0x00, 0x00, 0x00, 0x00, 0x02, 0x00, 0x01, 0x00, 0x00, 0x00,
    0x05, 0x13, 0x00, 0x00, 0x00, 0x2d, 0x00, 0x00, 0x00, 0x00, 0x00, 0x00, 0x00, 0x54, 0x00, 0x02,
    0x00, 0x29, 0x00, 0x00, 0x00, 0x01, 0x01, 0xd9, 0x81, 0x0c, 0xec, 0x00, 0x00, 0x00, 0x00, 0x00,
    0x05, 0x01, 0x01, 0x00, 0x00, 0x00, 0x13, 0x19, 0x28, 0x00, 0x03, 0x14, 0x02, 0x00, 0x00, 0x46,
    0x01, 0x01, 0x00, 0x00, 0x00, 0x00, 0x40, 0x54, 0x01, 0x02, 0x02, 0x4e, 0x03, 0x02, 0x00, 0x14,
    0x04, 0x01, 0x00, 0x27, 0x04, 0x06, 0x00, 0x03, 0x00, 0x00, 0x00, 0x13, 0x01, 0x00, 0x00, 0x16,
    0x02, 0x00, 0x00, 0x35, 0x00, 0x00, 0x00, 0x54, 0x01, 0x02, 0x00, 0x29, 0x01, 0x00, 0x00, 0x13,
    0x01, 0x00, 0x00, 0x16, 0x02, 0x01, 0x00, 0x35, 0x00, 0x00, 0x00, 0x54, 0x01, 0x02, 0x00, 0x29,
    0x01, 0x00, 0x00, 0x03, 0x01, 0x9f, 0xdc, 0x7c, 0x6b, 0x04, 0x00, 0x00, 0x00, 0x40, 0x03, 0x01,
    0x02, 0x18, 0x19, 0x00, 0x00, 0x00, 0x00, 0x08, 0x01, 0x00, 0x00, 0x00, 0x00, 0x1e, 0x46, 0x01,
    0x01, 0x00, 0x00, 0x00, 0x00, 0x40, 0x14, 0x02, 0x00, 0x00, 0x54, 0x01, 0x02, 0x03, 0x18, 0x01,
    0x02, 0x00, 0x3a, 0x02, 0x03, 0x00, 0x00, 0x00, 0x00, 0x80, 0x0d, 0x03, 0x00, 0x00, 0x29, 0x03,
    0x02, 0x00, 0x46, 0x04, 0x03, 0x00, 0x00, 0x00, 0x20, 0x40, 0x19, 0x28, 0x04, 0x02, 0x46, 0x03,
    0x05, 0x00, 0x00, 0x00, 0x40, 0x40, 0x54, 0x03, 0x02, 0x02, 0x4e, 0x06, 0x06, 0x00, 0x14, 0x07,
    0x03, 0x00, 0x27, 0x07, 0x0b, 0x00, 0x06, 0x00, 0x00, 0x00, 0x46, 0x03, 0x01, 0x00, 0x00, 0x00,
    0x00, 0x40, 0x46, 0x04, 0x03, 0x00, 0x00, 0x00, 0x20, 0x40, 0x14, 0x05, 0x02, 0x00, 0x54, 0x03,
    0x03, 0x03, 0x18, 0x03, 0x01, 0x00, 0x18, 0x04, 0x02, 0x00, 0x0d, 0x05, 0x00, 0x00, 0x29, 0x05,
    0x02, 0x00, 0x29, 0x02, 0x02, 0x00, 0x07, 0x01, 0x73, 0xa6, 0x69, 0xd5, 0x04, 0x00, 0x00, 0x00,
    0x40, 0x01, 0xce, 0x50, 0xaf, 0x9c, 0x04, 0x00, 0x00, 0x20, 0x40, 0x01, 0x9f, 0xdc, 0x7c, 0x6b,
    0x04, 0x00, 0x00, 0x40, 0x40, 0x03, 0x5c, 0x00, 0x00, 0x00, 0x00, 0x00, 0x02, 0x00, 0x01, 0x00,
    0x00, 0x00, 0x05, 0x13, 0x00, 0x00, 0x00, 0x2d, 0x00, 0x00, 0x00, 0x00, 0x00, 0x00, 0x00, 0x54,
    0x00, 0x02, 0x00, 0x29, 0x00, 0x00, 0x00, 0x01, 0x01, 0x46, 0xb8, 0x84, 0x60, 0x00, 0x00, 0x00,
    0x00, 0x00, 0x01, 0x00, 0x01, 0x00, 0x00, 0x00, 0x02, 0x13, 0x00, 0x00, 0x00, 0x29, 0x00, 0x02,
    0x00, 0x00, 0x00, 0x00, 0x00, 0x00, 0x00, 0x12, 0x02, 0x07, 0x00, 0x00, 0x00, 0x7c, 0x13, 0x02,
    0x00, 0x00, 0x04, 0x03, 0x01, 0x00, 0x2a, 0x03, 0x02, 0x00, 0x2c, 0x02, 0x00, 0x00, 0x00, 0x00,
    0x00, 0x00, 0x46, 0x03, 0x01, 0x00, 0x00, 0x00, 0x00, 0x40, 0x14, 0x04, 0x00, 0x00, 0x54, 0x03,
    0x02, 0x04, 0x30, 0x03, 0x66, 0x00, 0x13, 0x08, 0x01, 0x00, 0x4e, 0x10, 0x02, 0x00, 0x14, 0x11,
    0x08, 0x00, 0x27, 0x11, 0x04, 0x00, 0x10, 0x00, 0x00, 0x00, 0x04, 0x08, 0x01, 0x00, 0x53, 0x08,
    0x02, 0x00, 0x40, 0x00, 0x60, 0x00, 0x13, 0x09, 0x01, 0x00, 0x4e, 0x10, 0x03, 0x00, 0x07, 0x08,
    0x09, 0x10, 0x53, 0x08, 0x01, 0x00, 0x0d, 0x08, 0x00, 0x00, 0x19, 0x28, 0x06, 0x03, 0x14, 0x0a,
    0x06, 0x00, 0x46, 0x09, 0x05, 0x00, 0x00, 0x00, 0x40, 0x40, 0x54, 0x09, 0x02, 0x02, 0x4e, 0x10,
    0x06, 0x00, 0x14, 0x11, 0x09, 0x00, 0x27, 0x11, 0x41, 0x00, 0x10, 0x00, 0x00, 0x00, 0x4d, 0x09,
    0x06, 0x00, 0x12, 0x0a, 0x60, 0x00, 0x33, 0x09, 0x3d, 0x00, 0x0a, 0x00, 0x00, 0x00, 0x46, 0x09,
    0x08, 0x00, 0x00, 0x1c, 0x30, 0x81, 0x14, 0x0a, 0x06, 0x00, 0x4e, 0x0b, 0x09, 0x00, 0x54, 0x09,
    0x03, 0x02, 0x4b, 0x09, 0x36, 0x00, 0x19, 0x28, 0x07, 0x03, 0x14, 0x0a, 0x07, 0x00, 0x46, 0x09,
    0x05, 0x00, 0x00, 0x00, 0x40, 0x40, 0x54, 0x09, 0x02, 0x02, 0x4e, 0x10, 0x0a, 0x00, 0x14, 0x11,
    0x09, 0x00, 0x27, 0x11, 0x0c, 0x00, 0x10, 0x00, 0x00, 0x00, 0x13, 0x09, 0x03, 0x00, 0x16, 0x0a,
    0x00, 0x00, 0x35, 0x00, 0x07, 0x00, 0x54, 0x09, 0x02, 0x02, 0x3a, 0x09, 0x28, 0x00, 0x00, 0x00,
    0x00, 0x00, 0x13, 0x0a, 0x04, 0x00, 0x14, 0x0b, 0x09, 0x00, 0x54, 0x0a, 0x02, 0x02, 0x14, 0x08,
    0x0a, 0x00, 0x40, 0x00, 0x22, 0x00, 0x19, 0x28, 0x07, 0x03, 0x14, 0x0a, 0x07, 0x00, 0x46, 0x09,
    0x05, 0x00, 0x00, 0x00, 0x40, 0x40, 0x54, 0x09, 0x02, 0x02, 0x4e, 0x10, 0x0b, 0x00, 0x14, 0x11,
    0x09, 0x00, 0x27, 0x11, 0x06, 0x00, 0x10, 0x00, 0x00, 0x00, 0x13, 0x09, 0x04, 0x00, 0x14, 0x0a,
    0x07, 0x00, 0x54, 0x09, 0x02, 0x02, 0x14, 0x08, 0x09, 0x00, 0x40, 0x00, 0x14, 0x00, 0x19, 0x28,
    0x07, 0x03, 0x14, 0x0a, 0x07, 0x00, 0x46, 0x09, 0x05, 0x00, 0x00, 0x00, 0x40, 0x40, 0x54, 0x09,
    0x02, 0x02, 0x4e, 0x10, 0x0c, 0x00, 0x14, 0x11, 0x09, 0x00, 0x27, 0x11, 0x0c, 0x00, 0x10, 0x00,
    0x00, 0x00, 0x12, 0x09, 0x02, 0x00, 0x1c, 0x01, 0x09, 0x00, 0x09, 0x00, 0x00, 0x00, 0x13, 0x0a,
    0x00, 0x00, 0x01, 0x09, 0x0a, 0x07, 0x4b, 0x09, 0x05, 0x00, 0x13, 0x09, 0x05, 0x00, 0x14, 0x0a,
    0x07, 0x00, 0x38, 0x0b, 0x01, 0x03, 0x54, 0x09, 0x03, 0x02, 0x14, 0x08, 0x09, 0x00, 0x3a, 0x08,
    0x0c, 0x00, 0x00, 0x00, 0x00, 0x00, 0x4d, 0x0a, 0x02, 0x00, 0x38, 0x09, 0x0a, 0x03, 0x13, 0x0e,
    0x04, 0x00, 0x14, 0x0f, 0x06, 0x00, 0x54, 0x0e, 0x02, 0x02, 0x14, 0x0b, 0x0e, 0x00, 0x4e, 0x0c,
    0x0d, 0x00, 0x14, 0x0d, 0x08, 0x00, 0x28, 0x0a, 0x0b, 0x0d, 0x2a, 0x0a, 0x02, 0x09, 0x40, 0x00,
    0x03, 0x00, 0x13, 0x0a, 0x06, 0x00, 0x38, 0x09, 0x0a, 0x03, 0x53, 0x09, 0x06, 0x00, 0x1e, 0x03,
    0x99, 0xff, 0x02, 0x00, 0x00, 0x00, 0x4e, 0x04, 0x0e, 0x00, 0x46, 0x07, 0x10, 0x00, 0x00, 0x3c,
    0x40, 0x81, 0x14, 0x08, 0x02, 0x00, 0x4e, 0x09, 0x11, 0x00, 0x54, 0x07, 0x03, 0x02, 0x14, 0x05,
    0x07, 0x00, 0x4e, 0x06, 0x12, 0x00, 0x28, 0x03, 0x04, 0x06, 0x29, 0x03, 0x02, 0x00, 0x15, 0x01,
    0x1b, 0xe5, 0x9b, 0xae, 0x04, 0x00, 0x00, 0x00, 0x40, 0x02, 0x00, 0x00, 0x00, 0x00, 0x00, 0x00,
    0x00, 0x00, 0x02, 0x00, 0x00, 0x00, 0x00, 0x00, 0x00, 0xf0, 0x3f, 0x01, 0x9f, 0xdc, 0x7c, 0x6b,
    0x04, 0x00, 0x00, 0x40, 0x40, 0x03, 0x5d, 0x01, 0xf5, 0x1d, 0x52, 0xba, 0x04, 0x00, 0x1c, 0x30,
    0x81, 0x03, 0x5e, 0x03, 0x01, 0x03, 0x02, 0x03, 0x1d, 0x03, 0x15, 0x03, 0x5f, 0x01, 0xd2, 0xb0,
    0x6c, 0x8d, 0x04, 0x00, 0x3c, 0x40, 0x81, 0x03, 0x17, 0x03, 0x60, 0x01, 0x7f, 0xa8, 0xf6, 0x22,
    0x01, 0x82, 0xe1, 0x38, 0x0f, 0x01, 0x1d, 0x00, 0x00, 0x00, 0x00, 0x16, 0x01, 0x02, 0x00, 0x00,
    0x00, 0x33, 0x46, 0x01, 0x01, 0x00, 0x00, 0x00, 0x00, 0x40, 0x16, 0x02, 0x00, 0x00, 0x35, 0x00,
    0x00, 0x00, 0x54, 0x01, 0x02, 0x03, 0x18, 0x01, 0x09, 0x00, 0x19, 0x28, 0x02, 0x03, 0x14, 0x04,
    0x02, 0x00, 0x46, 0x03, 0x03, 0x00, 0x00, 0x00, 0x20, 0x40, 0x54, 0x03, 0x02, 0x02, 0x4e, 0x14,
    0x04, 0x00, 0x14, 0x15, 0x03, 0x00, 0x37, 0x15, 0x03, 0x00, 0x14, 0x00, 0x00, 0x00, 0x4e, 0x03,
    0x05, 0x00, 0x29, 0x03, 0x02, 0x00, 0x12, 0x03, 0x20, 0x00, 0x04, 0x04, 0x00, 0x00, 0x12, 0x05,
    0x00, 0x00, 0x2c, 0x06, 0x00, 0x00, 0x00, 0x00, 0x00, 0x00, 0x16, 0x07, 0x01, 0x00, 0x35, 0x00,
    0x06, 0x00, 0x35, 0x01, 0x03, 0x00, 0x35, 0x01, 0x04, 0x00, 0x35, 0x02, 0x00, 0x00, 0x35, 0x02,
    0x01, 0x00, 0x35, 0x00, 0x07, 0x00, 0x35, 0x01, 0x05, 0x00, 0x14, 0x08, 0x07, 0x00, 0x14, 0x09,
    0x02, 0x00, 0x12, 0x0a, 0x00, 0x00, 0x54, 0x08, 0x03, 0x02, 0x4e, 0x0a, 0x06, 0x00, 0x4e, 0x0b,
    0x07, 0x00, 0x14, 0x0c, 0x08, 0x00, 0x4e, 0x0d, 0x08, 0x00, 0x13, 0x12, 0x01, 0x00, 0x14, 0x13,
    0x04, 0x00, 0x54, 0x12, 0x02, 0x02, 0x14, 0x0e, 0x12, 0x00, 0x4e, 0x0f, 0x09, 0x00, 0x13, 0x12,
    0x01, 0x00, 0x14, 0x13, 0x05, 0x00, 0x54, 0x12, 0x02, 0x02, 0x14, 0x10, 0x12, 0x00, 0x4e, 0x11,
    0x0a, 0x00, 0x28, 0x09, 0x0a, 0x11, 0x39, 0x03, 0x00, 0x00, 0x29, 0x09, 0x02, 0x00, 0x0b, 0x01,
    0x73, 0xa6, 0x69, 0xd5, 0x04, 0x00, 0x00, 0x00, 0x40, 0x01, 0x9f, 0xdc, 0x7c, 0x6b, 0x04, 0x00,
    0x00, 0x20, 0x40, 0x03, 0x1d, 0x03, 0x61, 0x03, 0x62, 0x03, 0x63, 0x03, 0x64, 0x03, 0x65, 0x03,
    0x60, 0x02, 0x1c, 0x1e, 0x00, 0x00, 0x00, 0x00, 0x04, 0x01, 0x00, 0x00, 0x00, 0x00, 0x08, 0x46,
    0x01, 0x01, 0x00, 0x00, 0x00, 0x00, 0x40, 0x14, 0x02, 0x00, 0x00, 0x54, 0x01, 0x02, 0x03, 0x18,
    0x01, 0x01, 0x00, 0x29, 0x02, 0x02, 0x00, 0x0d, 0x03, 0x00, 0x00, 0x29, 0x03, 0x02, 0x00, 0x02,
    0x01, 0x73, 0xa6, 0x69, 0xd5, 0x04, 0x00, 0x00, 0x00, 0x40, 0x00, 0x00, 0x00, 0x00, 0x00, 0x07,
    0x02, 0x00, 0x00, 0x00, 0x00, 0x17, 0x3a, 0x00, 0x03, 0x00, 0x00, 0x00, 0x00, 0x80, 0x0d, 0x02,
    0x00, 0x00, 0x29, 0x02, 0x02, 0x00, 0x46, 0x02, 0x01, 0x00, 0x00, 0x00, 0x00, 0x40, 0x46, 0x03,
    0x03, 0x00, 0x00, 0x00, 0x20, 0x40, 0x14, 0x04, 0x00, 0x00, 0x54, 0x02, 0x03, 0x03, 0x18, 0x02,
    0x09, 0x00, 0x4d, 0x04, 0x03, 0x00, 0x21, 0x01, 0x07, 0x00, 0x04, 0x00, 0x00, 0x00, 0x46, 0x04,
    0x06, 0x00, 0x00, 0x14, 0x40, 0x80, 0x14, 0x05, 0x03, 0x00, 0x4e, 0x06, 0x07, 0x00, 0x54, 0x04,
    0x03, 0x02, 0x18, 0x04, 0x02, 0x00, 0x0d, 0x04, 0x00, 0x00, 0x29, 0x04, 0x02, 0x00, 0x29, 0x03,
    0x02, 0x00, 0x08, 0x01, 0x73, 0xa6, 0x69, 0xd5, 0x04, 0x00, 0x00, 0x00, 0x40, 0x01, 0x43, 0xaf,
    0x3d, 0x6a, 0x04, 0x00, 0x00, 0x20, 0x40, 0x01, 0x7f, 0xa8, 0xf6, 0x22, 0x01, 0xf5, 0x1d, 0x52,
    0xba, 0x04, 0x00, 0x14, 0x40, 0x80, 0x03, 0x5e, 0x00, 0x00, 0x00, 0x00, 0x00, 0x05, 0x01, 0x00,
    0x00, 0x00, 0x00, 0x0c, 0x19, 0x28, 0x00, 0x03, 0x14, 0x02, 0x00, 0x00, 0x46, 0x01, 0x01, 0x00,
    0x00, 0x00, 0x00, 0x40, 0x54, 0x01, 0x02, 0x02, 0x4e, 0x03, 0x02, 0x00, 0x14, 0x04, 0x01, 0x00,
    0x27, 0x04, 0x02, 0x00, 0x03, 0x00, 0x00, 0x00, 0x29, 0x00, 0x02, 0x00, 0x0d, 0x01, 0x00, 0x00,
    0x29, 0x01, 0x02, 0x00, 0x03, 0x01, 0x9f, 0xdc, 0x7c, 0x6b, 0x04, 0x00, 0x00, 0x00, 0x40, 0x03,
    0x02, 0x00, 0x00, 0x00, 0x00, 0x00, 0x01, 0x00, 0x01, 0x00, 0x00, 0x00, 0x04, 0x13, 0x00, 0x00,
    0x00, 0x3d, 0x00, 0x00, 0x8e, 0x00, 0x00, 0x00, 0x00, 0x29, 0x00, 0x02, 0x00, 0x01, 0x03, 0x66,
    0x00, 0x00, 0x00, 0x00, 0x00, 0x02, 0x00, 0x01, 0x00, 0x00, 0x00, 0x05, 0x46, 0x00, 0x01, 0x00,
    0x00, 0x00, 0x00, 0x40, 0x13, 0x01, 0x00, 0x00, 0x54, 0x00, 0x02, 0x00, 0x29, 0x00, 0x00, 0x00,
    0x02, 0x01, 0x03, 0xcb, 0x04, 0x43, 0x04, 0x00, 0x00, 0x00, 0x40, 0x00, 0x00, 0x00, 0x00, 0x00,
    0x02, 0x00, 0x01, 0x00, 0x00, 0x00, 0x05, 0x13, 0x00, 0x00, 0x00, 0x2d, 0x00, 0x00, 0x00, 0x00,
    0x00, 0x00, 0x00, 0x54, 0x00, 0x02, 0x00, 0x29, 0x00, 0x00, 0x00, 0x01, 0x01, 0x00, 0x78, 0x54,
    0xa4, 0x00, 0x00, 0x00, 0x00, 0x00, 0x02, 0x00, 0x01, 0x00, 0x00, 0x00, 0x05, 0x13, 0x00, 0x00,
    0x00, 0x2d, 0x00, 0x00, 0x00, 0x00, 0x00, 0x00, 0x00, 0x54, 0x00, 0x02, 0x00, 0x29, 0x00, 0x00,
    0x00, 0x01, 0x01, 0xf3, 0x05, 0x27, 0xbe, 0x00, 0x00, 0x00, 0x00, 0x00, 0x01, 0x00, 0x01, 0x00,
    0x00, 0x00, 0x04, 0x13, 0x00, 0x00, 0x00, 0x3d, 0x00, 0x00, 0xcc, 0x00, 0x00, 0x00, 0x00, 0x29,
    0x00, 0x02, 0x00, 0x01, 0x03, 0x67, 0x00, 0x00, 0x00, 0x00, 0x00, 0x01, 0x00, 0x01, 0x00, 0x00,
    0x00, 0x04, 0x13, 0x00, 0x00, 0x00, 0x3d, 0x00, 0x00, 0xe0, 0x00, 0x00, 0x00, 0x00, 0x29, 0x00,
    0x02, 0x00, 0x01, 0x03, 0x68, 0x00, 0x00, 0x00, 0x00, 0x00, 0x01, 0x00, 0x01, 0x00, 0x00, 0x00,
    0x04, 0x13, 0x00, 0x00, 0x00, 0x3d, 0x00, 0x00, 0xdf, 0x00, 0x00, 0x00, 0x00, 0x29, 0x00, 0x02,
    0x00, 0x01, 0x03, 0x69, 0x00, 0x00, 0x00, 0x00, 0x00, 0x02, 0x00, 0x01, 0x00, 0x00, 0x00, 0x05,
    0x46, 0x00, 0x02, 0x00, 0x00, 0x04, 0x00, 0x80, 0x13, 0x01, 0x00, 0x00, 0x54, 0x00, 0x02, 0x00,
    0x29, 0x00, 0x00, 0x00, 0x03, 0x01, 0x09, 0x0e, 0x30, 0x80, 0x01, 0x8a, 0xcd, 0xf9, 0x1b, 0x04,
    0x00, 0x04, 0x00, 0x80, 0x00, 0x00, 0x00, 0x00, 0x00, 0x0a, 0x02, 0x02, 0x00, 0x00, 0x00, 0x0f,
    0x13, 0x02, 0x00, 0x00, 0x13, 0x05, 0x00, 0x00, 0x4d, 0x04, 0x05, 0x00, 0x38, 0x03, 0x04, 0x00,
    0x13, 0x08, 0x01, 0x00, 0x14, 0x09, 0x00, 0x00, 0x54, 0x08, 0x02, 0x02, 0x14, 0x05, 0x08, 0x00,
    0x4e, 0x06, 0x01, 0x00, 0x13, 0x07, 0x01, 0x00, 0x14, 0x08, 0x01, 0x00, 0x54, 0x07, 0x02, 0x02,
    0x28, 0x04, 0x05, 0x07, 0x2a, 0x04, 0x02, 0x03, 0x29, 0x00, 0x01, 0x00, 0x02, 0x02, 0x00, 0x00,
    0x00, 0x00, 0x00, 0x00, 0xf0, 0x3f, 0x03, 0x15, 0x00, 0x00, 0x00, 0x00, 0x00, 0x01, 0x00, 0x01,
    0x00, 0x00, 0x00, 0x04, 0x13, 0x00, 0x00, 0x00, 0x3d, 0x00, 0x00, 0xf3, 0x00, 0x00, 0x00, 0x00,
    0x29, 0x00, 0x02, 0x00, 0x01, 0x03, 0x6a, 0x00, 0x00, 0x00, 0x00, 0x00, 0x01, 0x00, 0x01, 0x00,
    0x00, 0x00, 0x04, 0x13, 0x00, 0x00, 0x00, 0x3d, 0x00, 0x00, 0xff, 0x00, 0x00, 0x00, 0x00, 0x29,
    0x00, 0x02, 0x00, 0x01, 0x03, 0x6b, 0x00, 0x00, 0x00, 0x00, 0x00, 0x01, 0x00, 0x01, 0x00, 0x00,
    0x00, 0x04, 0x13, 0x00, 0x00, 0x00, 0x3d, 0x00, 0x00, 0x65, 0x00, 0x00, 0x00, 0x00, 0x29, 0x00,
    0x02, 0x00, 0x01, 0x03, 0x6c, 0x00, 0x00, 0x00, 0x00, 0x00, 0x01, 0x00, 0x01, 0x00, 0x00, 0x00,
    0x04, 0x13, 0x00, 0x00, 0x00, 0x3d, 0x00, 0x00, 0x13, 0x00, 0x00, 0x00, 0x00, 0x29, 0x00, 0x02,
    0x00, 0x01, 0x03, 0x6d, 0x00, 0x00, 0x00, 0x00, 0x00, 0x01, 0x00, 0x01, 0x00, 0x00, 0x00, 0x04,
    0x13, 0x00, 0x00, 0x00, 0x3d, 0x00, 0x00, 0x8e, 0x00, 0x00, 0x00, 0x00, 0x29, 0x00, 0x02, 0x00,
    0x01, 0x03, 0x6e, 0x00, 0x00, 0x00, 0x00, 0x00, 0x01, 0x00, 0x01, 0x00, 0x00, 0x00, 0x04, 0x13,
    0x00, 0x00, 0x00, 0x3d, 0x00, 0x00, 0xc0, 0x00, 0x00, 0x00, 0x00, 0x29, 0x00, 0x02, 0x00, 0x01,
    0x03, 0x6f, 0x00, 0x00, 0x00, 0x00, 0x00, 0x01, 0x00, 0x01, 0x00, 0x00, 0x00, 0x04, 0x13, 0x00,
    0x00, 0x00, 0x3d, 0x00, 0x00, 0x01, 0x00, 0x00, 0x00, 0x00, 0x29, 0x00, 0x02, 0x00, 0x01, 0x03,
    0x70, 0x00, 0x00, 0x00, 0x00, 0x00, 0x18, 0x02, 0x06, 0x00, 0x00, 0x00, 0xf0, 0x02, 0x13, 0x02,
    0x00, 0x00, 0x16, 0x03, 0x00, 0x00, 0x35, 0x00, 0x00, 0x00, 0x54, 0x02, 0x02, 0x02, 0x13, 0x03,
    0x01, 0x00, 0x16, 0x04, 0x01, 0x00, 0x35, 0x00, 0x02, 0x00, 0x54, 0x03, 0x02, 0x02, 0x13, 0x04,
    0x02, 0x00, 0x13, 0x05, 0x00, 0x00, 0x16, 0x06, 0x02, 0x00, 0x35, 0x00, 0x03, 0x00, 0x54, 0x05,
    0x02, 0x02, 0x12, 0x06, 0xc0, 0x00, 0x54, 0x04, 0x03, 0x02, 0x13, 0x05, 0x02, 0x00, 0x13, 0x06,
    0x00, 0x00, 0x16, 0x07, 0x03, 0x00, 0x35, 0x00, 0x03, 0x00, 0x54, 0x06, 0x02, 0x02, 0x12, 0x07,
    0xc0, 0x00, 0x54, 0x05, 0x03, 0x02, 0x13, 0x06, 0x03, 0x00, 0x16, 0x07, 0x04, 0x00, 0x35, 0x00,
    0x00, 0x00, 0x54, 0x06, 0x02, 0x02, 0x13, 0x07, 0x03, 0x00, 0x16, 0x08, 0x05, 0x00, 0x35, 0x00,
    0x00, 0x00, 0x54, 0x07, 0x02, 0x02, 0x13, 0x08, 0x03, 0x00, 0x16, 0x09, 0x06, 0x00, 0x35, 0x00,
    0x00, 0x00, 0x54, 0x08, 0x02, 0x02, 0x13, 0x09, 0x04, 0x00, 0x13, 0x0a, 0x00, 0x00, 0x16, 0x0b,
    0x07, 0x00, 0x35, 0x00, 0x06, 0x00, 0x54, 0x0a, 0x02, 0x00, 0x54, 0x09, 0x00, 0x02, 0x2c, 0x0a,
    0x00, 0x00, 0x00, 0x00, 0x00, 0x00, 0x16, 0x0b, 0x08, 0x00, 0x35, 0x00, 0x0a, 0x00, 0x35, 0x02,
    0x05, 0x00, 0x14, 0x0c, 0x0b, 0x00, 0x4e, 0x0d, 0x00, 0x00, 0x14, 0x0e, 0x01, 0x00, 0x54, 0x0c,
    0x03, 0x01, 0x14, 0x0c, 0x0b, 0x00, 0x4e, 0x0d, 0x01, 0x00, 0x14, 0x0e, 0x04, 0x00, 0x54, 0x0c,
    0x03, 0x01, 0x14, 0x0c, 0x0b, 0x00, 0x4e, 0x0d, 0x02, 0x00, 0x3a, 0x04, 0x06, 0x00, 0x00, 0x00,
    0x00, 0x80, 0x13, 0x0e, 0x02, 0x00, 0x14, 0x0f, 0x02, 0x00, 0x12, 0x10, 0x60, 0x00, 0x54, 0x0e,
    0x03, 0x02, 0x4b, 0x0e, 0x01, 0x00, 0x0d, 0x0e, 0x00, 0x00, 0x54, 0x0c, 0x03, 0x01, 0x14, 0x0c,
    0x0b, 0x00, 0x4e, 0x0d, 0x03, 0x00, 0x14, 0x0e, 0x05, 0x00, 0x54, 0x0c, 0x03, 0x01, 0x14, 0x0c,
    0x0b, 0x00, 0x4e, 0x0d, 0x04, 0x00, 0x3a, 0x05, 0x02, 0x00, 0x00, 0x00, 0x00, 0x80, 0x04, 0x0e,
    0x00, 0x01, 0x04, 0x0e, 0x01, 0x00, 0x54, 0x0c, 0x03, 0x01, 0x14, 0x0c, 0x0b, 0x00, 0x4e, 0x0d,
    0x05, 0x00, 0x13, 0x0e, 0x02, 0x00, 0x13, 0x0f, 0x00, 0x00, 0x16, 0x10, 0x09, 0x00, 0x35, 0x00,
    0x00, 0x00, 0x54, 0x0f, 0x02, 0x02, 0x12, 0x10, 0x60, 0x00, 0x54, 0x0e, 0x03, 0x00, 0x54, 0x0c,
    0x00, 0x01, 0x14, 0x0c, 0x0b, 0x00, 0x4e, 0x0d, 0x06, 0x00, 0x13, 0x0e, 0x03, 0x00, 0x16, 0x0f,
    0x0a, 0x00, 0x35, 0x00, 0x00, 0x00, 0x54, 0x0e, 0x02, 0x00, 0x54, 0x0c, 0x00, 0x01, 0x14, 0x0c,
    0x0b, 0x00, 0x4e, 0x0d, 0x07, 0x00, 0x14, 0x0e, 0x06, 0x00, 0x54, 0x0c, 0x03, 0x01, 0x14, 0x0c,
    0x0b, 0x00, 0x4e, 0x0d, 0x08, 0x00, 0x14, 0x0e, 0x07, 0x00, 0x54, 0x0c, 0x03, 0x01, 0x14, 0x0c,
    0x0b, 0x00, 0x4e, 0x0d, 0x09, 0x00, 0x14, 0x0e, 0x08, 0x00, 0x54, 0x0c, 0x03, 0x01, 0x14, 0x0c,
    0x0b, 0x00, 0x4e, 0x0d, 0x0a, 0x00, 0x13, 0x0e, 0x04, 0x00, 0x13, 0x0f, 0x00, 0x00, 0x16, 0x10,
    0x0b, 0x00, 0x35, 0x00, 0x00, 0x00, 0x54, 0x0f, 0x02, 0x00, 0x54, 0x0e, 0x00, 0x00, 0x54, 0x0c,
    0x00, 0x01, 0x14, 0x0c, 0x0b, 0x00, 0x4e, 0x0d, 0x0b, 0x00, 0x13, 0x0e, 0x04, 0x00, 0x13, 0x0f,
    0x00, 0x00, 0x16, 0x10, 0x0c, 0x00, 0x35, 0x00, 0x00, 0x00, 0x54, 0x0f, 0x02, 0x00, 0x54, 0x0e,
    0x00, 0x00, 0x54, 0x0c, 0x00, 0x01, 0x14, 0x0c, 0x0b, 0x00, 0x4e, 0x0d, 0x0c, 0x00, 0x13, 0x0e,
    0x04, 0x00, 0x13, 0x0f, 0x00, 0x00, 0x16, 0x10, 0x0d, 0x00, 0x35, 0x00, 0x00, 0x00, 0x54, 0x0f,
    0x02, 0x00, 0x54, 0x0e, 0x00, 0x00, 0x54, 0x0c, 0x00, 0x01, 0x14, 0x0c, 0x0b, 0x00, 0x4e, 0x0d,
    0x0d, 0x00, 0x13, 0x0e, 0x04, 0x00, 0x13, 0x0f, 0x00, 0x00, 0x16, 0x10, 0x0e, 0x00, 0x35, 0x00,
    0x00, 0x00, 0x54, 0x0f, 0x02, 0x00, 0x54, 0x0e, 0x00, 0x00, 0x54, 0x0c, 0x00, 0x01, 0x14, 0x0c,
    0x0b, 0x00, 0x4e, 0x0d, 0x0e, 0x00, 0x14, 0x0e, 0x09, 0x00, 0x54, 0x0c, 0x03, 0x01, 0x14, 0x0c,
    0x0b, 0x00, 0x4e, 0x0d, 0x0f, 0x00, 0x4e, 0x16, 0x10, 0x00, 0x14, 0x17, 0x06, 0x00, 0x37, 0x17,
    0x05, 0x00, 0x16, 0x00, 0x00, 0x00, 0x4e, 0x16, 0x11, 0x00, 0x14, 0x17, 0x06, 0x00, 0x27, 0x17,
    0x03, 0x00, 0x16, 0x00, 0x00, 0x00, 0x14, 0x0e, 0x07, 0x00, 0x4b, 0x0e, 0x13, 0x00, 0x4e, 0x16,
    0x12, 0x00, 0x14, 0x17, 0x06, 0x00, 0x37, 0x17, 0x0d, 0x00, 0x16, 0x00, 0x00, 0x00, 0x4e, 0x16,
    0x13, 0x00, 0x14, 0x17, 0x06, 0x00, 0x37, 0x17, 0x09, 0x00, 0x16, 0x00, 0x00, 0x00, 0x4e, 0x16,
    0x14, 0x00, 0x14, 0x17, 0x06, 0x00, 0x37, 0x17, 0x05, 0x00, 0x16, 0x00, 0x00, 0x00, 0x4e, 0x16,
    0x15, 0x00, 0x14, 0x17, 0x06, 0x00, 0x27, 0x17, 0x03, 0x00, 0x16, 0x00, 0x00, 0x00, 0x14, 0x0e,
    0x08, 0x00, 0x4b, 0x0e, 0x01, 0x00, 0x0d, 0x0e, 0x00, 0x00, 0x54, 0x0c, 0x03, 0x01, 0x14, 0x0c,
    0x0b, 0x00, 0x4e, 0x0d, 0x16, 0x00, 0x4e, 0x16, 0x17, 0x00, 0x14, 0x17, 0x06, 0x00, 0x37, 0x17,
    0x0d, 0x00, 0x16, 0x00, 0x00, 0x00, 0x4e, 0x16, 0x13, 0x00, 0x14, 0x17, 0x06, 0x00, 0x37, 0x17,
    0x09, 0x00, 0x16, 0x00, 0x00, 0x00, 0x4e, 0x16, 0x14, 0x00, 0x14, 0x17, 0x06, 0x00, 0x37, 0x17,
    0x05, 0x00, 0x16, 0x00, 0x00, 0x00, 0x4e, 0x16, 0x15, 0x00, 0x14, 0x17, 0x06, 0x00, 0x27, 0x17,
    0x03, 0x00, 0x16, 0x00, 0x00, 0x00, 0x14, 0x0e, 0x07, 0x00, 0x4b, 0x0e, 0x0d, 0x00, 0x4e, 0x16,
    0x18, 0x00, 0x14, 0x17, 0x06, 0x00, 0x27, 0x17, 0x03, 0x00, 0x16, 0x00, 0x00, 0x00, 0x14, 0x0e,
    0x08, 0x00, 0x4b, 0x0e, 0x07, 0x00, 0x4e, 0x16, 0x19, 0x00, 0x14, 0x17, 0x06, 0x00, 0x27, 0x17,
    0x03, 0x00, 0x16, 0x00, 0x00, 0x00, 0x14, 0x0e, 0x08, 0x00, 0x4b, 0x0e, 0x01, 0x00, 0x0d, 0x0e,
    0x00, 0x00, 0x54, 0x0c, 0x03, 0x01, 0x14, 0x0c, 0x0b, 0x00, 0x4e, 0x0d, 0x1a, 0x00, 0x4e, 0x16,
    0x1b, 0x00, 0x14, 0x17, 0x06, 0x00, 0x37, 0x17, 0x05, 0x00, 0x16, 0x00, 0x00, 0x00, 0x4e, 0x16,
    0x1c, 0x00, 0x14, 0x17, 0x06, 0x00, 0x27, 0x17, 0x03, 0x00, 0x16, 0x00, 0x00, 0x00, 0x14, 0x0e,
    0x07, 0x00, 0x4b, 0x0e, 0x13, 0x00, 0x4e, 0x16, 0x1d, 0x00, 0x14, 0x17, 0x06, 0x00, 0x37, 0x17,
    0x05, 0x00, 0x16, 0x00, 0x00, 0x00, 0x4e, 0x16, 0x1e, 0x00, 0x14, 0x17, 0x06, 0x00, 0x27, 0x17,
    0x03, 0x00, 0x16, 0x00, 0x00, 0x00, 0x14, 0x0e, 0x08, 0x00, 0x4b, 0x0e, 0x09, 0x00, 0x4e, 0x16,
    0x1f, 0x00, 0x14, 0x17, 0x06, 0x00, 0x27, 0x17, 0x05, 0x00, 0x16, 0x00, 0x00, 0x00, 0x3a, 0x08,
    0x03, 0x00, 0x00, 0x00, 0x00, 0x00, 0x32, 0x0e, 0x08, 0x20, 0x4b, 0x0e, 0x01, 0x00, 0x0d, 0x0e,
    0x00, 0x00, 0x54, 0x0c, 0x03, 0x01, 0x14, 0x0c, 0x0b, 0x00, 0x4e, 0x0d, 0x21, 0x00, 0x04, 0x16,
    0x01, 0x00, 0x14, 0x17, 0x09, 0x00, 0x27, 0x17, 0x08, 0x00, 0x16, 0x00, 0x00, 0x00, 0x3a, 0x07,
    0x06, 0x00, 0x00, 0x00, 0x00, 0x00, 0x12, 0x0f, 0x00, 0x00, 0x33, 0x0f, 0x03, 0x00, 0x07, 0x00,
    0x00, 0x00, 0x14, 0x0e, 0x07, 0x00, 0x4b, 0x0e, 0x01, 0x00, 0x0d, 0x0e, 0x00, 0x00, 0x54, 0x0c,
    0x03, 0x01, 0x14, 0x0c, 0x0b, 0x00, 0x4e, 0x0d, 0x22, 0x00, 0x04, 0x0e, 0x00, 0x00, 0x04, 0x16,
    0x01, 0x00, 0x14, 0x17, 0x09, 0x00, 0x27, 0x17, 0x09, 0x00, 0x16, 0x00, 0x00, 0x00, 0x04, 0x0e,
    0x00, 0x00, 0x3a, 0x07, 0x06, 0x00, 0x00, 0x00, 0x00, 0x00, 0x12, 0x0f, 0x00, 0x00, 0x21, 0x07,
    0x02, 0x00, 0x0f, 0x00, 0x00, 0x00, 0x04, 0x0e, 0x00, 0x01, 0x04, 0x0e, 0x01, 0x00, 0x54, 0x0c,
    0x03, 0x01, 0x14, 0x0c, 0x0b, 0x00, 0x4e, 0x0d, 0x23, 0x00, 0x0d, 0x0e, 0x00, 0x00, 0x54, 0x0c,
    0x03, 0x01, 0x14, 0x0c, 0x0b, 0x00, 0x4e, 0x0d, 0x24, 0x00, 0x4e, 0x0e, 0x25, 0x00, 0x54, 0x0c,
    0x03, 0x01, 0x13, 0x0c, 0x00, 0x00, 0x16, 0x0d, 0x0f, 0x00, 0x35, 0x00, 0x00, 0x00, 0x54, 0x0c,
    0x02, 0x02, 0x2c, 0x0d, 0x00, 0x00, 0x00, 0x00, 0x00, 0x00, 0x19, 0x28, 0x0c, 0x03, 0x14, 0x0f,
    0x0c, 0x00, 0x46, 0x0e, 0x27, 0x00, 0x00, 0x00, 0x60, 0x42, 0x54, 0x0e, 0x02, 0x02, 0x4e, 0x16,
    0x28, 0x00, 0x14, 0x17, 0x0e, 0x00, 0x27, 0x17, 0x12, 0x00, 0x16, 0x00, 0x00, 0x00, 0x12, 0x10,
    0x01, 0x00, 0x4d, 0x0e, 0x0c, 0x00, 0x12, 0x0f, 0x01, 0x00, 0x47, 0x0e, 0x0d, 0x00, 0x12, 0x11,
    0x04, 0x00, 0x21, 0x11, 0x0b, 0x00, 0x10, 0x00, 0x00, 0x00, 0x4d, 0x12, 0x0d, 0x00, 0x38, 0x11,
    0x12, 0x29, 0x13, 0x12, 0x05, 0x00, 0x13, 0x13, 0x02, 0x00, 0x01, 0x14, 0x0c, 0x10, 0x12, 0x15,
    0x60, 0x00, 0x54, 0x13, 0x03, 0x00, 0x54, 0x12, 0x00, 0x02, 0x2a, 0x12, 0x0d, 0x11, 0x0a, 0x0e,
    0xf3, 0xff, 0x4d, 0x0f, 0x0a, 0x00, 0x38, 0x0e, 0x0f, 0x29, 0x4e, 0x10, 0x2a, 0x00, 0x46, 0x13,
    0x2c, 0x00, 0x00, 0xac, 0x30, 0x83, 0x14, 0x14, 0x0d, 0x00, 0x4e, 0x15, 0x2d, 0x00, 0x54, 0x13,
    0x03, 0x02, 0x14, 0x11, 0x13, 0x00, 0x4e, 0x12, 0x2e, 0x00, 0x28, 0x0f, 0x10, 0x12, 0x2a, 0x0f,
    0x0a, 0x0e, 0x14, 0x0e, 0x0b, 0x00, 0x4e, 0x0f, 0x2f, 0x00, 0x19, 0x28, 0x0c, 0x03, 0x14, 0x12,
    0x0c, 0x00, 0x46, 0x11, 0x27, 0x00, 0x00, 0x00, 0x60, 0x42, 0x54, 0x11, 0x02, 0x02, 0x4e, 0x16,
    0x28, 0x00, 0x14, 0x17, 0x11, 0x00, 0x37, 0x17, 0x02, 0x00, 0x16, 0x00, 0x00, 0x00, 0x04, 0x10,
    0x00, 0x01, 0x04, 0x10, 0x01, 0x00, 0x54, 0x0e, 0x03, 0x01, 0x14, 0x0e, 0x0b, 0x00, 0x4e, 0x0f,
    0x30, 0x00, 0x04, 0x10, 0x00, 0x00, 0x19, 0x28, 0x0c, 0x03, 0x14, 0x12, 0x0c, 0x00, 0x46, 0x11,
    0x27, 0x00, 0x00, 0x00, 0x60, 0x42, 0x54, 0x11, 0x02, 0x02, 0x4e, 0x16, 0x28, 0x00, 0x14, 0x17,
    0x11, 0x00, 0x27, 0x17, 0x07, 0x00, 0x16, 0x00, 0x00, 0x00, 0x4d, 0x11, 0x0c, 0x00, 0x12, 0x12,
    0x04, 0x00, 0x21, 0x12, 0x02, 0x00, 0x11, 0x00, 0x00, 0x00, 0x04, 0x10, 0x00, 0x01, 0x04, 0x10,
    0x01, 0x00, 0x54, 0x0e, 0x03, 0x01, 0x4e, 0x0f, 0x31, 0x00, 0x46, 0x12, 0x2c, 0x00, 0x00, 0xac,
    0x30, 0x83, 0x14, 0x13, 0x0a, 0x00, 0x4e, 0x14, 0x2d, 0x00, 0x54, 0x12, 0x03, 0x02, 0x14, 0x10,
    0x12, 0x00, 0x4e, 0x11, 0x32, 0x00, 0x28, 0x0e, 0x0f, 0x11, 0x29, 0x0e, 0x02, 0x00, 0x34, 0x03,
    0x71, 0x03, 0x72, 0x03, 0x73, 0x03, 0x74, 0x03, 0x75, 0x03, 0x76, 0x03, 0x77, 0x03, 0x78, 0x03,
    0x79, 0x03, 0x7a, 0x03, 0x7b, 0x03, 0x7c, 0x03, 0x7d, 0x03, 0x7e, 0x03, 0x7f, 0x03, 0x80, 0x01,
    0x02, 0x00, 0x00, 0x00, 0x00, 0x00, 0x00, 0x00, 0x40, 0x02, 0x00, 0x00, 0x00, 0x00, 0x00, 0x00,
    0x10, 0x40, 0x02, 0x00, 0x00, 0x00, 0x00, 0x00, 0x00, 0x08, 0x40, 0x02, 0x00, 0x00, 0x00, 0x00,
    0x00, 0x00, 0x20, 0x40, 0x02, 0x00, 0x00, 0x00, 0x00, 0x00, 0x00, 0x22, 0x40, 0x02, 0x00, 0x00,
    0x00, 0x00, 0x00, 0x00, 0x26, 0x40, 0x03, 0x81, 0x01, 0x02, 0x00, 0x00, 0x00, 0x00, 0x00, 0x00,
    0x14, 0x40, 0x02, 0x00, 0x00, 0x00, 0x00, 0x00, 0x00, 0x1c, 0x40, 0x02, 0x00, 0x00, 0x00, 0x00,
    0x00, 0x00, 0x2e, 0x40, 0x03, 0x82, 0x01, 0x02, 0x00, 0x00, 0x00, 0x00, 0x00, 0x00, 0x18, 0x40,
    0x02, 0x00, 0x00, 0x00, 0x00, 0x00, 0x00, 0x28, 0x40, 0x02, 0x00, 0x00, 0x00, 0x00, 0x00, 0x00,
    0x2a, 0x40, 0x02, 0x00, 0x00, 0x00, 0x00, 0x00, 0x00, 0x2c, 0x40, 0x02, 0x00, 0x00, 0x00, 0x00,
    0x00, 0x00, 0x30, 0x40, 0x02, 0x00, 0x00, 0x00, 0x00, 0x00, 0x00, 0x59, 0x40, 0x03, 0x83, 0x01,
    0x03, 0x84, 0x01, 0x03, 0x85, 0x01, 0x03, 0x86, 0x01, 0x03, 0x87, 0x01, 0x01, 0x9f, 0xdc, 0x7c,
    0x6b, 0x04, 0x00, 0x00, 0x60, 0x42, 0x03, 0x1d, 0x02, 0x00, 0x00, 0x00, 0x00, 0x00, 0x00, 0xf0,
    0x3f, 0x03, 0x88, 0x01, 0x01, 0xd2, 0xb0, 0x6c, 0x8d, 0x04, 0x00, 0xac, 0x30, 0x83, 0x03, 0x17,
    0x03, 0x89, 0x01, 0x03, 0x8a, 0x01, 0x03, 0x8b, 0x01, 0x03, 0x5f, 0x03, 0x60, 0x01, 0x82, 0xe1,
    0x38, 0x0f, 0x10, 0x23, 0x24, 0x25, 0x26, 0x27, 0x28, 0x29, 0x2a, 0x2b, 0x2c, 0x2d, 0x2e, 0x2f,
    0x30, 0x31, 0x32, 0x00, 0x00, 0x00, 0x00, 0x07, 0x01, 0x00, 0x00, 0x00, 0x00, 0x22, 0x3a, 0x00,
    0x03, 0x00, 0x00, 0x00, 0x00, 0x80, 0x0d, 0x01, 0x00, 0x00, 0x29, 0x01, 0x02, 0x00, 0x46, 0x01,
    0x01, 0x00, 0x00, 0x00, 0x00, 0x40, 0x46, 0x02, 0x03, 0x00, 0x00, 0x00, 0x20, 0x40, 0x14, 0x03,
    0x00, 0x00, 0x54, 0x01, 0x03, 0x03, 0x4b, 0x01, 0x02, 0x00, 0x4e, 0x03, 0x04, 0x00, 0x29, 0x03,
    0x02, 0x00, 0x46, 0x03, 0x07, 0x00, 0x00, 0x18, 0x50, 0x80, 0x14, 0x04, 0x02, 0x00, 0x4e, 0x05,
    0x08, 0x00, 0x4e, 0x06, 0x09, 0x00, 0x54, 0x03, 0x04, 0x02, 0x14, 0x02, 0x03, 0x00, 0x4d, 0x03,
    0x02, 0x00, 0x12, 0x04, 0x00, 0x01, 0x1c, 0x04, 0x0a, 0x00, 0x03, 0x00, 0x00, 0x00, 0x12, 0x05,
    0x01, 0x00, 0x12, 0x06, 0x00, 0x01, 0x4a, 0x2d, 0x02, 0x04, 0x05, 0x06, 0x00, 0x00, 0x14, 0x04,
    0x02, 0x00, 0x46, 0x03, 0x0b, 0x00, 0x00, 0x28, 0x50, 0x80, 0x54, 0x03, 0x04, 0x02, 0x14, 0x02,
    0x03, 0x00, 0x29, 0x02, 0x02, 0x00, 0x0c, 0x01, 0x73, 0xa6, 0x69, 0xd5, 0x04, 0x00, 0x00, 0x00,
    0x40, 0x01, 0x43, 0xaf, 0x3d, 0x6a, 0x04, 0x00, 0x00, 0x20, 0x40, 0x03, 0x8c, 0x01, 0x01, 0x7f,
    0xa8, 0xf6, 0x22, 0x01, 0xd0, 0x56, 0x8f, 0xb3, 0x04, 0x00, 0x18, 0x50, 0x80, 0x03, 0x5e, 0x03,
    0x8d, 0x01, 0x01, 0xed, 0x53, 0x4d, 0x25, 0x04, 0x00, 0x28, 0x50, 0x80, 0x00, 0x00, 0x00, 0x00,
    0x00, 0x02, 0x00, 0x01, 0x00, 0x00, 0x00, 0x05, 0x13, 0x00, 0x00, 0x00, 0x2d, 0x00, 0x00, 0x00,
    0x00, 0x00, 0x00, 0x00, 0x54, 0x00, 0x02, 0x00, 0x29, 0x00, 0x00, 0x00, 0x01, 0x01, 0x52, 0xd4,
    0x18, 0x02, 0x00, 0x00, 0x00, 0x00, 0x00, 0x3f, 0x08, 0x06, 0x00, 0x00, 0x00, 0x9d, 0x02, 0x3a,
    0x00, 0x03, 0x00, 0x00, 0x00, 0x00, 0x80, 0x12, 0x08, 0x00, 0x00, 0x29, 0x08, 0x02, 0x00, 0x3a,
    0x06, 0x02, 0x00, 0x00, 0x00, 0x00, 0x80, 0x04, 0x06, 0x01, 0x00, 0x19, 0x28, 0x03, 0x03, 0x14,
    0x09, 0x03, 0x00, 0x46, 0x08, 0x01, 0x00, 0x00, 0x00, 0x00, 0x40, 0x54, 0x08, 0x02, 0x02, 0x14,
    0x09, 0x06, 0x00, 0x18, 0x09, 0x0b, 0x00, 0x04, 0x09, 0x01, 0x00, 0x4e, 0x3d, 0x02, 0x00, 0x14,
    0x3e, 0x08, 0x00, 0x37, 0x3e, 0x07, 0x00, 0x3d, 0x00, 0x00, 0x00, 0x4e, 0x3d, 0x03, 0x00, 0x14,
    0x3e, 0x08, 0x00, 0x37, 0x3e, 0x02, 0x00, 0x3d, 0x00, 0x00, 0x00, 0x04, 0x09, 0x00, 0x01, 0x04,
    0x09, 0x01, 0x00, 0x0d, 0x0a, 0x00, 0x00, 0x18, 0x09, 0x06, 0x00, 0x3a, 0x03, 0x03, 0x00, 0x00,
    0x00, 0x00, 0x80, 0x12, 0x0b, 0x00, 0x00, 0x40, 0x00, 0x01, 0x00, 0x4d, 0x0b, 0x03, 0x00, 0x14,
    0x0a, 0x0b, 0x00, 0x0d, 0x0b, 0x00, 0x00, 0x4b, 0x06, 0x02, 0x00, 0x4e, 0x0b, 0x04, 0x00, 0x40,
    0x00, 0x02, 0x00, 0x4b, 0x09, 0x01, 0x00, 0x4e, 0x0b, 0x05, 0x00, 0x18, 0x05, 0x06, 0x00, 0x4e,
    0x3d, 0x06, 0x00, 0x14, 0x3e, 0x0a, 0x00, 0x27, 0x3e, 0x03, 0x00, 0x3d, 0x00, 0x00, 0x00, 0x12,
    0x0c, 0x00, 0x00, 0x29, 0x0c, 0x02, 0x00, 0x3a, 0x0a, 0x03, 0x00, 0x00, 0x00, 0x00, 0x00, 0x14,
    0x0c, 0x0a, 0x00, 0x4b, 0x0c, 0x01, 0x00, 0x12, 0x0c, 0x00, 0x00, 0x12, 0x0d, 0x20, 0x00, 0x1c,
    0x0d, 0x02, 0x00, 0x0c, 0x00, 0x00, 0x00, 0x12, 0x0c, 0x20, 0x00, 0x2c, 0x0d, 0x00, 0x00, 0x00,
    0x00, 0x00, 0x00, 0x12, 0x10, 0x01, 0x00, 0x14, 0x0e, 0x0c, 0x00, 0x12, 0x0f, 0x01, 0x00, 0x47,
    0x0e, 0x06, 0x00, 0x13, 0x11, 0x00, 0x00, 0x01, 0x12, 0x03, 0x10, 0x14, 0x13, 0x10, 0x00, 0x54,
    0x11, 0x03, 0x02, 0x2a, 0x11, 0x0d, 0x10, 0x0a, 0x0e, 0xfa, 0xff, 0x13, 0x0e, 0x01, 0x00, 0x13,
    0x0f, 0x02, 0x00, 0x16, 0x10, 0x00, 0x00, 0x35, 0x00, 0x02, 0x00, 0x54, 0x0f, 0x02, 0x02, 0x12,
    0x10, 0xc0, 0x00, 0x54, 0x0e, 0x03, 0x02, 0x13, 0x0f, 0x03, 0x00, 0x14, 0x10, 0x07, 0x00, 0x54,
    0x0f, 0x02, 0x02, 0x46, 0x10, 0x08, 0x00, 0x00, 0x1c, 0x40, 0x82, 0x2c, 0x11, 0x00, 0x00, 0x0a,
    0x00, 0x00, 0x00, 0x19, 0x3f, 0x04, 0x03, 0x14, 0x13, 0x04, 0x00, 0x46, 0x12, 0x0a, 0x00, 0x00,
    0x00, 0x90, 0x40, 0x54, 0x12, 0x02, 0x02, 0x19, 0x3f, 0x09, 0x03, 0x14, 0x14, 0x09, 0x00, 0x46,
    0x13, 0x0a, 0x00, 0x00, 0x00, 0x90, 0x40, 0x54, 0x13, 0x02, 0x02, 0x19, 0x3f, 0x0b, 0x03, 0x14,
    0x15, 0x0b, 0x00, 0x46, 0x14, 0x0a, 0x00, 0x00, 0x00, 0x90, 0x40, 0x54, 0x14, 0x02, 0x02, 0x19,
    0x3f, 0x06, 0x03, 0x14, 0x16, 0x06, 0x00, 0x46, 0x15, 0x0a, 0x00, 0x00, 0x00, 0x90, 0x40, 0x54,
    0x15, 0x02, 0x02, 0x19, 0x3f, 0x08, 0x03, 0x14, 0x17, 0x08, 0x00, 0x46, 0x16, 0x0a, 0x00, 0x00,
    0x00, 0x90, 0x40, 0x54, 0x16, 0x02, 0x02, 0x19, 0x3f, 0x0f, 0x03, 0x14, 0x18, 0x0f, 0x00, 0x46,
    0x17, 0x0a, 0x00, 0x00, 0x00, 0x90, 0x40, 0x54, 0x17, 0x02, 0x02, 0x19, 0x3f, 0x0a, 0x03, 0x14,
    0x19, 0x0a, 0x00, 0x46, 0x18, 0x0a, 0x00, 0x00, 0x00, 0x90, 0x40, 0x54, 0x18, 0x02, 0x02, 0x19,
    0x3f, 0x0c, 0x03, 0x14, 0x1a, 0x0c, 0x00, 0x46, 0x19, 0x0a, 0x00, 0x00, 0x00, 0x90, 0x40, 0x54,
    0x19, 0x02, 0x02, 0x19, 0x3f, 0x0e, 0x03, 0x14, 0x1b, 0x0e, 0x00, 0x46, 0x1a, 0x0a, 0x00, 0x00,
    0x00, 0x90, 0x40, 0x54, 0x1a, 0x02, 0x02, 0x46, 0x1b, 0x08, 0x00, 0x00, 0x1c, 0x40, 0x82, 0x14,
    0x1c, 0x0d, 0x00, 0x4e, 0x1d, 0x0b, 0x00, 0x54, 0x1b, 0x03, 0x00, 0x3f, 0x11, 0x12, 0x00, 0x01,
    0x00, 0x00, 0x00, 0x4e, 0x12, 0x0c, 0x00, 0x54, 0x10, 0x03, 0x02, 0x13, 0x12, 0x04, 0x00, 0x01,
    0x11, 0x12, 0x04, 0x27, 0x11, 0x03, 0x00, 0x10, 0x00, 0x00, 0x00, 0x12, 0x11, 0x00, 0x00, 0x29,
    0x11, 0x02, 0x00, 0x13, 0x11, 0x04, 0x00, 0x2a, 0x10, 0x11, 0x04, 0x12, 0x11, 0x01, 0x00, 0x12,
    0x12, 0x00, 0x00, 0x1c, 0x12, 0x08, 0x00, 0x0c, 0x00, 0x00, 0x00, 0x12, 0x11, 0x00, 0x00, 0x12,
    0x14, 0x01, 0x00, 0x14, 0x12, 0x0c, 0x00, 0x12, 0x13, 0x02, 0x00, 0x47, 0x12, 0x02, 0x00, 0x38,
    0x11, 0x11, 0x0d, 0x0a, 0x12, 0xfe, 0xff, 0x12, 0x12, 0x00, 0x00, 0x12, 0x15, 0x01, 0x00, 0x14,
    0x13, 0x11, 0x00, 0x12, 0x14, 0x01, 0x00, 0x47, 0x13, 0x7d, 0x00, 0x2c, 0x16, 0x00, 0x00, 0x00,
    0x00, 0x00, 0x00, 0x4e, 0x3d, 0x0d, 0x00, 0x07, 0x1b, 0x15, 0x3d, 0x09, 0x1a, 0x1b, 0x0e, 0x38,
    0x19, 0x1a, 0x0d, 0x09, 0x17, 0x15, 0x0e, 0x12, 0x18, 0x01, 0x00, 0x47, 0x17, 0x07, 0x00, 0x21,
    0x0c, 0x06, 0x00, 0x19, 0x00, 0x00, 0x00, 0x4d, 0x1b, 0x16, 0x00, 0x38, 0x1a, 0x1b, 0x0d, 0x01,
    0x1b, 0x0d, 0x19, 0x2a, 0x1b, 0x16, 0x1a, 0x0a, 0x17, 0xf9, 0xff, 0x4e, 0x18, 0x0f, 0x00, 0x13,
    0x39, 0x05, 0x00, 0x14, 0x3a, 0x01, 0x00, 0x54, 0x39, 0x02, 0x02, 0x14, 0x19, 0x39, 0x00, 0x4e,
    0x1a, 0x10, 0x00, 0x13, 0x39, 0x05, 0x00, 0x14, 0x3a, 0x04, 0x00, 0x54, 0x39, 0x02, 0x02, 0x14,
    0x1b, 0x39, 0x00, 0x4e, 0x1c, 0x11, 0x00, 0x13, 0x39, 0x05, 0x00, 0x13, 0x3a, 0x01, 0x00, 0x14,
    0x3b, 0x02, 0x00, 0x12, 0x3c, 0x60, 0x00, 0x54, 0x3a, 0x03, 0x00, 0x54, 0x39, 0x00, 0x02, 0x14,
    0x1d, 0x39, 0x00, 0x4e, 0x1e, 0x12, 0x00, 0x13, 0x39, 0x05, 0x00, 0x14, 0x3a, 0x0e, 0x00, 0x54,
    0x39, 0x02, 0x02, 0x14, 0x1f, 0x39, 0x00, 0x4e, 0x20, 0x13, 0x00, 0x13, 0x39, 0x05, 0x00, 0x14,
    0x3a, 0x09, 0x00, 0x54, 0x39, 0x02, 0x02, 0x14, 0x21, 0x39, 0x00, 0x4e, 0x22, 0x14, 0x00, 0x13,
    0x39, 0x05, 0x00, 0x14, 0x3a, 0x0b, 0x00, 0x54, 0x39, 0x02, 0x02, 0x14, 0x23, 0x39, 0x00, 0x4e,
    0x24, 0x15, 0x00, 0x13, 0x39, 0x05, 0x00, 0x14, 0x3a, 0x06, 0x00, 0x54, 0x39, 0x02, 0x02, 0x14,
    0x25, 0x39, 0x00, 0x4e, 0x26, 0x16, 0x00, 0x13, 0x39, 0x05, 0x00, 0x14, 0x3a, 0x08, 0x00, 0x54,
    0x39, 0x02, 0x02, 0x14, 0x27, 0x39, 0x00, 0x4e, 0x28, 0x17, 0x00, 0x13, 0x39, 0x05, 0x00, 0x14,
    0x3a, 0x0f, 0x00, 0x54, 0x39, 0x02, 0x02, 0x14, 0x29, 0x39, 0x00, 0x4e, 0x2a, 0x18, 0x00, 0x13,
    0x39, 0x05, 0x00, 0x14, 0x3a, 0x09, 0x00, 0x18, 0x3a, 0x06, 0x00, 0x4e, 0x3d, 0x06, 0x00, 0x14,
    0x3e, 0x0a, 0x00, 0x37, 0x3e, 0x02, 0x00, 0x3d, 0x00, 0x00, 0x00, 0x04, 0x3a, 0x00, 0x01, 0x04,
    0x3a, 0x01, 0x00, 0x54, 0x39, 0x02, 0x02, 0x14, 0x2b, 0x39, 0x00, 0x4e, 0x2c, 0x19, 0x00, 0x13,
    0x39, 0x05, 0x00, 0x14, 0x3a, 0x0a, 0x00, 0x54, 0x39, 0x02, 0x02, 0x14, 0x2d, 0x39, 0x00, 0x4e,
    0x2e, 0x1a, 0x00, 0x13, 0x39, 0x05, 0x00, 0x14, 0x3a, 0x0c, 0x00, 0x54, 0x39, 0x02, 0x02, 0x14,
    0x2f, 0x39, 0x00, 0x4e, 0x30, 0x1b, 0x00, 0x13, 0x39, 0x05, 0x00, 0x04, 0x3a, 0x00, 0x00, 0x3a,
    0x0a, 0x05, 0x00, 0x00, 0x00, 0x00, 0x00, 0x21, 0x0c, 0x02, 0x00, 0x0a, 0x00, 0x00, 0x00, 0x04,
    0x3a, 0x00, 0x01, 0x04, 0x3a, 0x01, 0x00, 0x54, 0x39, 0x02, 0x02, 0x14, 0x31, 0x39, 0x00, 0x4e,
    0x32, 0x1c, 0x00, 0x13, 0x39, 0x05, 0x00, 0x14, 0x3a, 0x15, 0x00, 0x54, 0x39, 0x02, 0x02, 0x14,
    0x33, 0x39, 0x00, 0x4e, 0x34, 0x1d, 0x00, 0x13, 0x39, 0x05, 0x00, 0x14, 0x3a, 0x11, 0x00, 0x54,
    0x39, 0x02, 0x02, 0x14, 0x35, 0x39, 0x00, 0x4e, 0x36, 0x1e, 0x00, 0x46, 0x39, 0x08, 0x00, 0x00,
    0x1c, 0x40, 0x82, 0x14, 0x3a, 0x16, 0x00, 0x4e, 0x3b, 0x1f, 0x00, 0x54, 0x39, 0x03, 0x02, 0x14,
    0x37, 0x39, 0x00, 0x4e, 0x38, 0x20, 0x00, 0x28, 0x17, 0x18, 0x38, 0x46, 0x18, 0x22, 0x00, 0x00,
    0x00, 0x10, 0x42, 0x14, 0x19, 0x00, 0x00, 0x4e, 0x1a, 0x23, 0x00, 0x14, 0x1b, 0x01, 0x00, 0x14,
    0x1c, 0x17, 0x00, 0x54, 0x18, 0x05, 0x01, 0x38, 0x12, 0x12, 0x0d, 0x0a, 0x13, 0x83, 0xff, 0x29,
    0x12, 0x02, 0x00, 0x25, 0x01, 0x9f, 0xdc, 0x7c, 0x6b, 0x04, 0x00, 0x00, 0x00, 0x40, 0x03, 0x1d,
    0x03, 0x8e, 0x01, 0x03, 0x8f, 0x01, 0x03, 0x90, 0x01, 0x02, 0x00, 0x00, 0x00, 0x00, 0x00, 0x00,
    0x00, 0x00, 0x01, 0xd2, 0xb0, 0x6c, 0x8d, 0x04, 0x00, 0x1c, 0x40, 0x82, 0x01, 0x43, 0xaf, 0x3d,
    0x6a, 0x04, 0x00, 0x00, 0x90, 0x40, 0x03, 0x91, 0x01, 0x03, 0x92, 0x01, 0x02, 0x00, 0x00, 0x00,
    0x00, 0x00, 0x00, 0xf0, 0x3f, 0x02, 0x00, 0x00, 0x00, 0x00, 0x00, 0x00, 0x00, 0x40, 0x03, 0x93,
    0x01, 0x03, 0x94, 0x01, 0x03, 0x95, 0x01, 0x03, 0x96, 0x01, 0x03, 0x97, 0x01, 0x03, 0x98, 0x01,
    0x03, 0x99, 0x01, 0x03, 0x9a, 0x01, 0x03, 0x9b, 0x01, 0x03, 0x9c, 0x01, 0x03, 0x9d, 0x01, 0x03,
    0x9e, 0x01, 0x03, 0x64, 0x03, 0x9f, 0x01, 0x03, 0xa0, 0x01, 0x03, 0xa1, 0x01, 0x03, 0x17, 0x03,
    0xa2, 0x01, 0x01, 0x73, 0xa6, 0x69, 0xd5, 0x04, 0x00, 0x00, 0x10, 0x42, 0x03, 0xa3, 0x01, 0x01,
    0x82, 0xe1, 0x38, 0x0f, 0x01, 0x35, 0x00, 0x00, 0x00, 0x00, 0x13, 0x03, 0x03, 0x00, 0x00, 0x00,
    0x2a, 0x13, 0x03, 0x00, 0x00, 0x14, 0x04, 0x01, 0x00, 0x54, 0x03, 0x02, 0x02, 0x13, 0x04, 0x01,
    0x00, 0x13, 0x07, 0x01, 0x00, 0x4d, 0x06, 0x07, 0x00, 0x38, 0x05, 0x06, 0x00, 0x13, 0x11, 0x02,
    0x00, 0x14, 0x12, 0x00, 0x00, 0x54, 0x11, 0x02, 0x02, 0x14, 0x07, 0x11, 0x00, 0x4e, 0x08, 0x01,
    0x00, 0x13, 0x11, 0x02, 0x00, 0x14, 0x12, 0x03, 0x00, 0x54, 0x11, 0x02, 0x02, 0x14, 0x09, 0x11,
    0x00, 0x4e, 0x0a, 0x02, 0x00, 0x13, 0x11, 0x02, 0x00, 0x3a, 0x03, 0x02, 0x00, 0x00, 0x00, 0x00,
    0x80, 0x04, 0x12, 0x00, 0x01, 0x04, 0x12, 0x01, 0x00, 0x54, 0x11, 0x02, 0x02, 0x14, 0x0b, 0x11,
    0x00, 0x4e, 0x0c, 0x03, 0x00, 0x13, 0x11, 0x02, 0x00, 0x14, 0x12, 0x02, 0x00, 0x54, 0x11, 0x02,
    0x02, 0x14, 0x0d, 0x11, 0x00, 0x4e, 0x0e, 0x04, 0x00, 0x13, 0x11, 0x02, 0x00, 0x3a, 0x03, 0x03,
    0x00, 0x00, 0x00, 0x00, 0x80, 0x4e, 0x12, 0x05, 0x00, 0x40, 0x00, 0x01, 0x00, 0x0d, 0x12, 0x00,
    0x00, 0x54, 0x11, 0x02, 0x02, 0x14, 0x0f, 0x11, 0x00, 0x4e, 0x10, 0x06, 0x00, 0x28, 0x06, 0x07,
    0x10, 0x2a, 0x06, 0x04, 0x05, 0x29, 0x03, 0x02, 0x00, 0x07, 0x02, 0x00, 0x00, 0x00, 0x00, 0x00,
    0x00, 0xf0, 0x3f, 0x03, 0xa4, 0x01, 0x03, 0xa5, 0x01, 0x03, 0xa6, 0x01, 0x03, 0xa7, 0x01, 0x03,
    0xa8, 0x01, 0x03, 0x60, 0x00, 0x00, 0x00, 0x00, 0x00, 0x02, 0x00, 0x01, 0x00, 0x00, 0x00, 0x05,
    0x13, 0x00, 0x00, 0x00, 0x2d, 0x00, 0x00, 0x00, 0x00, 0x00, 0x00, 0x00, 0x54, 0x00, 0x02, 0x00,
    0x29, 0x00, 0x00, 0x00, 0x01, 0x01, 0x74, 0xe0, 0x86, 0xfe, 0x00, 0x00, 0x00, 0x00, 0x00, 0x02,
    0x00, 0x01, 0x00, 0x00, 0x00, 0x05, 0x13, 0x00, 0x00, 0x00, 0x2d, 0x00, 0x00, 0x00, 0x00, 0x00,
    0x00, 0x00, 0x54, 0x00, 0x02, 0x00, 0x29, 0x00, 0x00, 0x00, 0x01, 0x01, 0x75, 0x5a, 0xf9, 0xdc,
    0x00, 0x00, 0x00, 0x00, 0x00, 0x02, 0x00, 0x01, 0x00, 0x00, 0x00, 0x05, 0x13, 0x00, 0x00, 0x00,
    0x2d, 0x00, 0x00, 0x00, 0x00, 0x00, 0x00, 0x00, 0x54, 0x00, 0x02, 0x00, 0x29, 0x00, 0x00, 0x00,
    0x01, 0x01, 0x52, 0xd4, 0x18, 0x02, 0x00, 0x00, 0x00, 0x00, 0x00, 0x02, 0x00, 0x01, 0x00, 0x00,
    0x00, 0x05, 0x13, 0x00, 0x00, 0x00, 0x2d, 0x00, 0x00, 0x00, 0x00, 0x00, 0x00, 0x00, 0x54, 0x00,
    0x02, 0x00, 0x29, 0x00, 0x00, 0x00, 0x01, 0x01, 0x89, 0x54, 0xcc, 0x1c, 0x00, 0x00, 0x00, 0x00,
    0x00, 0x02, 0x00, 0x01, 0x00, 0x00, 0x00, 0x05, 0x13, 0x00, 0x00, 0x00, 0x2d, 0x00, 0x00, 0x00,
    0x00, 0x00, 0x00, 0x00, 0x54, 0x00, 0x02, 0x00, 0x29, 0x00, 0x00, 0x00, 0x01, 0x01, 0x8a, 0x18,
    0xe5, 0x1d, 0x00, 0x00, 0x00, 0x00, 0x00, 0x02, 0x00, 0x01, 0x00, 0x00, 0x00, 0x05, 0x13, 0x00,
    0x00, 0x00, 0x2d, 0x00, 0x00, 0x00, 0x00, 0x00, 0x00, 0x00, 0x54, 0x00, 0x02, 0x00, 0x29, 0x00,
    0x00, 0x00, 0x01, 0x01, 0xb9, 0xf0, 0xd4, 0x7e, 0x00, 0x00, 0x00, 0x00, 0x00, 0x02, 0x00, 0x01,
    0x00, 0x00, 0x00, 0x05, 0x13, 0x00, 0x00, 0x00, 0x2d, 0x00, 0x00, 0x00, 0x00, 0x00, 0x00, 0x00,
    0x54, 0x00, 0x02, 0x00, 0x29, 0x00, 0x00, 0x00, 0x01, 0x01, 0x29, 0x0f, 0xfb, 0x28, 0x00, 0x00,
    0x00, 0x00, 0x00, 0x02, 0x00, 0x01, 0x00, 0x00, 0x00, 0x05, 0x13, 0x00, 0x00, 0x00, 0x2d, 0x00,
    0x00, 0x00, 0x00, 0x00, 0x00, 0x00, 0x54, 0x00, 0x02, 0x00, 0x29, 0x00, 0x00, 0x00, 0x01, 0x01,
    0x64, 0x8e, 0xab, 0x5f, 0x00, 0x00, 0x00, 0x00, 0x00, 0x02, 0x00, 0x01, 0x00, 0x00, 0x00, 0x05,
    0x13, 0x00, 0x00, 0x00, 0x2d, 0x00, 0x00, 0x00, 0x00, 0x00, 0x00, 0x00, 0x54, 0x00, 0x02, 0x00,
    0x29, 0x00, 0x00, 0x00, 0x01, 0x01, 0x96, 0xbc, 0x23, 0x91, 0x00, 0x00, 0x00, 0x00, 0x00, 0x02,
    0x00, 0x01, 0x00, 0x00, 0x00, 0x05, 0x13, 0x00, 0x00, 0x00, 0x2d, 0x00, 0x00, 0x00, 0x00, 0x00,
    0x00, 0x00, 0x54, 0x00, 0x02, 0x00, 0x29, 0x00, 0x00, 0x00, 0x01, 0x01, 0x41, 0x89, 0x3a, 0xd1,
    0x00, 0x00, 0x00, 0x00, 0x00, 0x02, 0x00, 0x01, 0x00, 0x00, 0x00, 0x05, 0x13, 0x00, 0x00, 0x00,
    0x2d, 0x00, 0x00, 0x00, 0x00, 0x00, 0x00, 0x00, 0x54, 0x00, 0x02, 0x00, 0x29, 0x00, 0x00, 0x00,
    0x01, 0x01, 0xa6, 0x0a, 0x68, 0xef, 0x00, 0x00, 0x00, 0x00, 0x00, 0x02, 0x00, 0x01, 0x00, 0x00,
    0x00, 0x05, 0x13, 0x00, 0x00, 0x00, 0x2d, 0x00, 0x00, 0x00, 0x00, 0x00, 0x00, 0x00, 0x54, 0x00,
    0x02, 0x00, 0x29, 0x00, 0x00, 0x00, 0x01, 0x01, 0x3e, 0x88, 0x60, 0x57, 0x00, 0x00, 0x00, 0x00,
    0x00, 0x07, 0x00, 0x03, 0x00, 0x00, 0x00, 0x10, 0x46, 0x00, 0x02, 0x00, 0x00, 0x04, 0x00, 0x80,
    0x12, 0x01, 0x01, 0x00, 0x54, 0x00, 0x02, 0x02, 0x13, 0x01, 0x00, 0x00, 0x14, 0x03, 0x00, 0x00,
    0x12, 0x04, 0x0a, 0x00, 0x13, 0x05, 0x01, 0x00, 0x13, 0x06, 0x02, 0x00, 0x2d, 0x01, 0x01, 0x00,
    0x03, 0x00, 0x00, 0x00, 0x54, 0x01, 0x06, 0x01, 0x2d, 0x01, 0x00, 0x00, 0x04, 0x00, 0x00, 0x00,
    0x54, 0x01, 0x02, 0x00, 0x29, 0x01, 0x00, 0x00, 0x05, 0x01, 0x4d, 0x77, 0x90, 0x66, 0x01, 0x5b,
    0x8e, 0x8b, 0xe8, 0x04, 0x00, 0x04, 0x00, 0x80, 0x01, 0x32, 0x3f, 0x06, 0x4c, 0x01, 0xd9, 0x81,
    0x0c, 0xec, 0x00, 0x00, 0x00, 0x00, 0x00, 0x06, 0x00, 0x03, 0x00, 0x00, 0x00, 0x09, 0x13, 0x00,
    0x00, 0x00, 0x12, 0x02, 0x01, 0x00, 0x12, 0x03, 0x09, 0x00, 0x13, 0x04, 0x01, 0x00, 0x13, 0x05,
    0x02, 0x00, 0x2d, 0x00, 0x00, 0x00, 0x00, 0x00, 0x00, 0x00, 0x54, 0x00, 0x06, 0x00, 0x29, 0x00,
    0x00, 0x00, 0x01, 0x01, 0x83, 0x9e, 0xc0, 0xe6, 0x00, 0x00, 0x00, 0x00, 0x00, 0x06, 0x00, 0x03,
    0x00, 0x00, 0x00, 0x09, 0x13, 0x00, 0x00, 0x00, 0x12, 0x02, 0x01, 0x00, 0x12, 0x03, 0x03, 0x00,
    0x13, 0x04, 0x01, 0x00, 0x13, 0x05, 0x02, 0x00, 0x2d, 0x00, 0x00, 0x00, 0x00, 0x00, 0x00, 0x00,
    0x54, 0x00, 0x06, 0x00, 0x29, 0x00, 0x00, 0x00, 0x01, 0x01, 0x83, 0x9e, 0xc0, 0xe6, 0x00, 0x00,
    0x00, 0x00, 0x00, 0x06, 0x00, 0x03, 0x00, 0x00, 0x00, 0x09, 0x13, 0x00, 0x00, 0x00, 0x12, 0x02,
    0x01, 0x00, 0x12, 0x03, 0x04, 0x00, 0x13, 0x04, 0x01, 0x00, 0x13, 0x05, 0x02, 0x00, 0x2d, 0x00,
    0x00, 0x00, 0x00, 0x00, 0x00, 0x00, 0x54, 0x00, 0x06, 0x00, 0x29, 0x00, 0x00, 0x00, 0x01, 0x01,
    0x83, 0x9e, 0xc0, 0xe6, 0x00, 0x00, 0x00, 0x00, 0x00, 0x02, 0x00, 0x01, 0x00, 0x00, 0x00, 0x08,
    0x13, 0x00, 0x00, 0x00, 0x3a, 0x00, 0x04, 0x00, 0x00, 0x00, 0x00, 0x00, 0x13, 0x01, 0x00, 0x00,
    0x09, 0x00, 0x01, 0x00, 0x29, 0x00, 0x02, 0x00, 0x0d, 0x00, 0x00, 0x00, 0x29, 0x00, 0x02, 0x00,
    0x01, 0x02, 0x00, 0x00, 0x00, 0x00, 0x00, 0x00, 0x59, 0x40, 0x00, 0x00, 0x00, 0x00, 0x00, 0x02,
    0x00, 0x01, 0x00, 0x00, 0x00, 0x05, 0x13, 0x00, 0x00, 0x00, 0x2d, 0x00, 0x00, 0x00, 0x00, 0x00,
    0x00, 0x00, 0x54, 0x00, 0x02, 0x00, 0x29, 0x00, 0x00, 0x00, 0x01, 0x01, 0xae, 0x43, 0x46, 0xf4,
    0x00, 0x00, 0x00, 0x00, 0x00, 0x01, 0x00, 0x01, 0x00, 0x00, 0x00, 0x04, 0x13, 0x00, 0x00, 0x00,
    0x3d, 0x00, 0x00, 0x99, 0x00, 0x00, 0x00, 0x00, 0x29, 0x00, 0x02, 0x00, 0x01, 0x03, 0xa9, 0x01,
    0x00, 0x00, 0x00, 0x00, 0x00, 0x01, 0x00, 0x01, 0x00, 0x00, 0x00, 0x04, 0x13, 0x00, 0x00, 0x00,
    0x3d, 0x00, 0x00, 0x98, 0x00, 0x00, 0x00, 0x00, 0x29, 0x00, 0x02, 0x00, 0x01, 0x03, 0xaa, 0x01,
    0x00, 0x00, 0x00, 0x00, 0x00, 0x01, 0x00, 0x01, 0x00, 0x00, 0x00, 0x04, 0x13, 0x00, 0x00, 0x00,
    0x3d, 0x00, 0x00, 0x9b, 0x00, 0x00, 0x00, 0x00, 0x29, 0x00, 0x02, 0x00, 0x01, 0x03, 0xab, 0x01,
    0x00, 0x00, 0x00, 0x00, 0x00, 0x02, 0x00, 0x01, 0x00, 0x00, 0x00, 0x05, 0x13, 0x00, 0x00, 0x00,
    0x2d, 0x00, 0x00, 0x00, 0x00, 0x00, 0x00, 0x00, 0x54, 0x00, 0x02, 0x00, 0x29, 0x00, 0x00, 0x00,
    0x01, 0x01, 0xe6, 0x31, 0x6a, 0x15, 0x00, 0x00, 0x00, 0x00, 0x00, 0x2a, 0x06, 0x06, 0x00, 0x00,
    0x00, 0xe0, 0x01, 0x2c, 0x06, 0x00, 0x00, 0x00, 0x00, 0x00, 0x00, 0x16, 0x07, 0x00, 0x00, 0x35,
    0x02, 0x00, 0x00, 0x35, 0x00, 0x06, 0x00, 0x35, 0x02, 0x01, 0x00, 0x13, 0x08, 0x02, 0x00, 0x16,
    0x09, 0x01, 0x00, 0x35, 0x00, 0x03, 0x00, 0x54, 0x08, 0x02, 0x02, 0x13, 0x09, 0x02, 0x00, 0x16,
    0x0a, 0x02, 0x00, 0x35, 0x00, 0x08, 0x00, 0x54, 0x09, 0x02, 0x02, 0x13, 0x0a, 0x02, 0x00, 0x16,
    0x0b, 0x03, 0x00, 0x35, 0x00, 0x09, 0x00, 0x54, 0x0a, 0x02, 0x02, 0x13, 0x0b, 0x02, 0x00, 0x16,
    0x0c, 0x04, 0x00, 0x35, 0x00, 0x03, 0x00, 0x54, 0x0b, 0x02, 0x02, 0x14, 0x0c, 0x07, 0x00, 0x4e,
    0x0d, 0x00, 0x00, 0x16, 0x0e, 0x05, 0x00, 0x35, 0x00, 0x03, 0x00, 0x4e, 0x0f, 0x01, 0x00, 0x54,
    0x0c, 0x04, 0x01, 0x14, 0x0c, 0x07, 0x00, 0x4e, 0x0d, 0x02, 0x00, 0x16, 0x0e, 0x06, 0x00, 0x35,
    0x00, 0x03, 0x00, 0x4e, 0x0f, 0x03, 0x00, 0x54, 0x0c, 0x04, 0x01, 0x14, 0x0c, 0x07, 0x00, 0x4e,
    0x0d, 0x04, 0x00, 0x16, 0x0e, 0x07, 0x00, 0x35, 0x00, 0x0b, 0x00, 0x4e, 0x0f, 0x05, 0x00, 0x54,
    0x0c, 0x04, 0x01, 0x14, 0x0c, 0x07, 0x00, 0x4e, 0x0d, 0x06, 0x00, 0x16, 0x0e, 0x08, 0x00, 0x35,
    0x00, 0x0b, 0x00, 0x4e, 0x0f, 0x07, 0x00, 0x54, 0x0c, 0x04, 0x01, 0x14, 0x0c, 0x07, 0x00, 0x4e,
    0x0d, 0x08, 0x00, 0x16, 0x0e, 0x09, 0x00, 0x35, 0x00, 0x0b, 0x00, 0x4e, 0x0f, 0x09, 0x00, 0x54,
    0x0c, 0x04, 0x01, 0x14, 0x0c, 0x07, 0x00, 0x4e, 0x0d, 0x0a, 0x00, 0x16, 0x0e, 0x0a, 0x00, 0x35,
    0x00, 0x0b, 0x00, 0x4e, 0x0f, 0x0b, 0x00, 0x54, 0x0c, 0x04, 0x01, 0x14, 0x0c, 0x07, 0x00, 0x4e,
    0x0d, 0x0c, 0x00, 0x16, 0x0e, 0x0b, 0x00, 0x35, 0x00, 0x09, 0x00, 0x4e, 0x0f, 0x0d, 0x00, 0x54,
    0x0c, 0x04, 0x01, 0x14, 0x0c, 0x07, 0x00, 0x4e, 0x0d, 0x0e, 0x00, 0x16, 0x0e, 0x0c, 0x00, 0x35,
    0x00, 0x09, 0x00, 0x4e, 0x0f, 0x0f, 0x00, 0x54, 0x0c, 0x04, 0x01, 0x14, 0x0c, 0x07, 0x00, 0x4e,
    0x0d, 0x10, 0x00, 0x16, 0x0e, 0x0d, 0x00, 0x35, 0x00, 0x08, 0x00, 0x35, 0x00, 0x0a, 0x00, 0x35,
    0x00, 0x09, 0x00, 0x4e, 0x0f, 0x11, 0x00, 0x54, 0x0c, 0x04, 0x01, 0x14, 0x0c, 0x07, 0x00, 0x4e,
    0x0d, 0x12, 0x00, 0x16, 0x0e, 0x0e, 0x00, 0x35, 0x00, 0x08, 0x00, 0x35, 0x00, 0x0a, 0x00, 0x35,
    0x00, 0x09, 0x00, 0x4e, 0x0f, 0x13, 0x00, 0x54, 0x0c, 0x04, 0x01, 0x14, 0x0c, 0x07, 0x00, 0x4e,
    0x0d, 0x14, 0x00, 0x16, 0x0e, 0x0f, 0x00, 0x35, 0x00, 0x08, 0x00, 0x35, 0x00, 0x0a, 0x00, 0x35,
    0x00, 0x09, 0x00, 0x4e, 0x0f, 0x15, 0x00, 0x54, 0x0c, 0x04, 0x01, 0x14, 0x0c, 0x07, 0x00, 0x4e,
    0x0d, 0x16, 0x00, 0x16, 0x0e, 0x10, 0x00, 0x35, 0x00, 0x08, 0x00, 0x35, 0x00, 0x0a, 0x00, 0x35,
    0x00, 0x09, 0x00, 0x4e, 0x0f, 0x17, 0x00, 0x54, 0x0c, 0x04, 0x02, 0x14, 0x0d, 0x07, 0x00, 0x4e,
    0x0e, 0x18, 0x00, 0x16, 0x0f, 0x11, 0x00, 0x35, 0x00, 0x0c, 0x00, 0x4e, 0x10, 0x19, 0x00, 0x54,
    0x0d, 0x04, 0x01, 0x13, 0x0d, 0x02, 0x00, 0x16, 0x0e, 0x12, 0x00, 0x35, 0x00, 0x03, 0x00, 0x54,
    0x0d, 0x02, 0x02, 0x14, 0x0e, 0x07, 0x00, 0x4e, 0x0f, 0x1a, 0x00, 0x16, 0x10, 0x13, 0x00, 0x35,
    0x00, 0x0d, 0x00, 0x4e, 0x11, 0x1b, 0x00, 0x54, 0x0e, 0x04, 0x01, 0x14, 0x0e, 0x07, 0x00, 0x4e,
    0x0f, 0x1c, 0x00, 0x16, 0x10, 0x14, 0x00, 0x35, 0x00, 0x0d, 0x00, 0x4e, 0x11, 0x1d, 0x00, 0x54,
    0x0e, 0x04, 0x01, 0x14, 0x0e, 0x07, 0x00, 0x4e, 0x0f, 0x1e, 0x00, 0x16, 0x10, 0x15, 0x00, 0x35,
    0x00, 0x0d, 0x00, 0x4e, 0x11, 0x1f, 0x00, 0x54, 0x0e, 0x04, 0x01, 0x0d, 0x0e, 0x00, 0x00, 0x3a,
    0x0b, 0x08, 0x00, 0x00, 0x00, 0x00, 0x00, 0x46, 0x0f, 0x21, 0x00, 0x00, 0x00, 0x00, 0x42, 0x13,
    0x10, 0x03, 0x00, 0x14, 0x11, 0x0b, 0x00, 0x54, 0x0f, 0x03, 0x03, 0x18, 0x0f, 0x01, 0x00, 0x14,
    0x0e, 0x10, 0x00, 0x4e, 0x10, 0x22, 0x00, 0x13, 0x27, 0x01, 0x00, 0x14, 0x28, 0x01, 0x00, 0x54,
    0x27, 0x02, 0x02, 0x14, 0x11, 0x27, 0x00, 0x4e, 0x12, 0x23, 0x00, 0x13, 0x27, 0x01, 0x00, 0x14,
    0x28, 0x02, 0x00, 0x54, 0x27, 0x02, 0x02, 0x14, 0x13, 0x27, 0x00, 0x4e, 0x14, 0x24, 0x00, 0x13,
    0x27, 0x01, 0x00, 0x14, 0x28, 0x03, 0x00, 0x54, 0x27, 0x02, 0x02, 0x14, 0x15, 0x27, 0x00, 0x4e,
    0x16, 0x25, 0x00, 0x13, 0x27, 0x01, 0x00, 0x3a, 0x03, 0x02, 0x00, 0x00, 0x00, 0x00, 0x80, 0x04,
    0x28, 0x00, 0x01, 0x04, 0x28, 0x01, 0x00, 0x54, 0x27, 0x02, 0x02, 0x14, 0x17, 0x27, 0x00, 0x4e,
    0x18, 0x26, 0x00, 0x13, 0x27, 0x01, 0x00, 0x14, 0x28, 0x0a, 0x00, 0x54, 0x27, 0x02, 0x02, 0x14,
    0x19, 0x27, 0x00, 0x4e, 0x1a, 0x27, 0x00, 0x13, 0x27, 0x01, 0x00, 0x14, 0x28, 0x04, 0x00, 0x54,
    0x27, 0x02, 0x02, 0x14, 0x1b, 0x27, 0x00, 0x4e, 0x1c, 0x28, 0x00, 0x4e, 0x1d, 0x29, 0x00, 0x4e,
    0x1e, 0x2a, 0x00, 0x4e, 0x1f, 0x2b, 0x00, 0x4e, 0x20, 0x2c, 0x00, 0x13, 0x27, 0x04, 0x00, 0x14,
    0x28, 0x03, 0x00, 0x54, 0x27, 0x02, 0x02, 0x14, 0x21, 0x27, 0x00, 0x4e, 0x22, 0x2d, 0x00, 0x46,
    0x27, 0x30, 0x00, 0x00, 0xbc, 0xe0, 0x82, 0x14, 0x28, 0x06, 0x00, 0x4e, 0x29, 0x31, 0x00, 0x54,
    0x27, 0x03, 0x02, 0x14, 0x23, 0x27, 0x00, 0x4e, 0x24, 0x32, 0x00, 0x13, 0x27, 0x01, 0x00, 0x14,
    0x28, 0x0e, 0x00, 0x54, 0x27, 0x02, 0x02, 0x14, 0x25, 0x27, 0x00, 0x4e, 0x26, 0x33, 0x00, 0x28,
    0x0f, 0x10, 0x26, 0x46, 0x10, 0x21, 0x00, 0x00, 0x00, 0x00, 0x42, 0x14, 0x11, 0x00, 0x00, 0x4e,
    0x12, 0x34, 0x00, 0x14, 0x13, 0x01, 0x00, 0x14, 0x14, 0x0f, 0x00, 0x54, 0x10, 0x05, 0x01, 0x18,
    0x05, 0x13, 0x00, 0x46, 0x10, 0x21, 0x00, 0x00, 0x00, 0x00, 0x42, 0x16, 0x11, 0x16, 0x00, 0x35,
    0x00, 0x03, 0x00, 0x54, 0x10, 0x02, 0x03, 0x0d, 0x12, 0x00, 0x00, 0x4b, 0x10, 0x02, 0x00, 0x14,
    0x12, 0x11, 0x00, 0x0d, 0x11, 0x00, 0x00, 0x13, 0x13, 0x05, 0x00, 0x14, 0x14, 0x00, 0x00, 0x14,
    0x15, 0x01, 0x00, 0x14, 0x16, 0x03, 0x00, 0x14, 0x17, 0x11, 0x00, 0x4e, 0x18, 0x35, 0x00, 0x04,
    0x19, 0x00, 0x00, 0x14, 0x1a, 0x10, 0x00, 0x14, 0x1b, 0x12, 0x00, 0x54, 0x13, 0x09, 0x01, 0x29,
    0x00, 0x01, 0x00, 0x36, 0x03, 0x03, 0x03, 0xac, 0x01, 0x03, 0x05, 0x03, 0xad, 0x01, 0x03, 0x07,
    0x03, 0xae, 0x01, 0x03, 0x09, 0x03, 0xaf, 0x01, 0x03, 0x0b, 0x03, 0xb0, 0x01, 0x03, 0xb1, 0x01,
    0x03, 0xb2, 0x01, 0x03, 0xb3, 0x01, 0x03, 0xb4, 0x01, 0x03, 0xb5, 0x01, 0x03, 0xb6, 0x01, 0x03,
    0xb7, 0x01, 0x03, 0xb8, 0x01, 0x03, 0xb9, 0x01, 0x03, 0xba, 0x01, 0x03, 0xbb, 0x01, 0x03, 0xbc,
    0x01, 0x03, 0xbd, 0x01, 0x03, 0xbe, 0x01, 0x03, 0xbf, 0x01, 0x03, 0xc0, 0x01, 0x03, 0xc1, 0x01,
    0x03, 0xc2, 0x01, 0x03, 0xc3, 0x01, 0x03, 0xc4, 0x01, 0x03, 0xc5, 0x01, 0x03, 0xc6, 0x01, 0x01,
    0x73, 0xa6, 0x69, 0xd5, 0x04, 0x00, 0x00, 0x00, 0x42, 0x03, 0x93, 0x01, 0x03, 0xc7, 0x01, 0x03,
    0xc8, 0x01, 0x03, 0xc9, 0x01, 0x03, 0xca, 0x01, 0x03, 0xcb, 0x01, 0x03, 0xcc, 0x01, 0x03, 0xcd,
    0x01, 0x03, 0xce, 0x01, 0x03, 0xcf, 0x01, 0x03, 0xd0, 0x01, 0x03, 0xd1, 0x01, 0x01, 0x82, 0xe1,
    0x38, 0x0f, 0x01, 0xd2, 0xb0, 0x6c, 0x8d, 0x04, 0x00, 0xbc, 0xe0, 0x82, 0x03, 0x17, 0x03, 0xd2,
    0x01, 0x03, 0x60, 0x03, 0xd3, 0x01, 0x03, 0xd4, 0x01, 0x17, 0x37, 0x38, 0x39, 0x3a, 0x3b, 0x3c,
    0x3d, 0x3e, 0x3f, 0x40, 0x41, 0x42, 0x43, 0x44, 0x45, 0x46, 0x47, 0x48, 0x49, 0x4a, 0x4b, 0x4c,
    0x4d, 0x00, 0x00, 0x00, 0x00, 0x02, 0x00, 0x01, 0x00, 0x00, 0x00, 0x06, 0x13, 0x01, 0x00, 0x00,
    0x44, 0x00, 0x01, 0x04, 0x2d, 0x00, 0x00, 0x00, 0x00, 0x00, 0x00, 0x00, 0x54, 0x00, 0x02, 0x00,
    0x29, 0x00, 0x00, 0x00, 0x01, 0x01, 0x8d, 0x03, 0x64, 0x16, 0x00, 0x00, 0x00, 0x00, 0x00, 0x01,
    0x00, 0x01, 0x00, 0x00, 0x00, 0x02, 0x13, 0x00, 0x00, 0x00, 0x29, 0x00, 0x02, 0x00, 0x00, 0x00,
    0x00, 0x00, 0x00, 0x00, 0x11, 0x05, 0x05, 0x00, 0x00, 0x00, 0x7c, 0x3a, 0x00, 0x0a, 0x00, 0x00,
    0x00, 0x00, 0x00, 0x19, 0x28, 0x03, 0x03, 0x14, 0x06, 0x03, 0x00, 0x46, 0x05, 0x01, 0x00, 0x00,
    0x00, 0x00, 0x40, 0x54, 0x05, 0x02, 0x02, 0x4e, 0x0f, 0x02, 0x00, 0x14, 0x10, 0x05, 0x00, 0x37,
    0x10, 0x03, 0x00, 0x0f, 0x00, 0x00, 0x00, 0x12, 0x05, 0x00, 0x00, 0x29, 0x05, 0x02, 0x00, 0x4e,
    0x0f, 0x03, 0x00, 0x14, 0x10, 0x02, 0x00, 0x37, 0x10, 0x05, 0x00, 0x0f, 0x00, 0x00, 0x00, 0x4e,
    0x0f, 0x04, 0x00, 0x14, 0x10, 0x02, 0x00, 0x27, 0x10, 0x0c, 0x00, 0x0f, 0x00, 0x00, 0x00, 0x13,
    0x05, 0x00, 0x00, 0x4f, 0x06, 0x08, 0x00, 0x15, 0x00, 0x06, 0x4d, 0x05, 0x00, 0x00, 0x00, 0x15,
    0x02, 0x06, 0xf2, 0x06, 0x00, 0x00, 0x00, 0x44, 0x07, 0x03, 0x00, 0x15, 0x07, 0x06, 0x9a, 0x07,
    0x00, 0x00, 0x00, 0x2a, 0x06, 0x05, 0x01, 0x29, 0x01, 0x02, 0x00, 0x44, 0x05, 0x03, 0x00, 0x0d,
    0x06, 0x00, 0x00, 0x0d, 0x07, 0x00, 0x00, 0x4e, 0x0f, 0x09, 0x00, 0x14, 0x10, 0x02, 0x00, 0x27,
    0x10, 0x03, 0x00, 0x0f, 0x00, 0x00, 0x00, 0x44, 0x06, 0x03, 0x01, 0x40, 0x00, 0x2c, 0x00, 0x4e,
    0x0f, 0x0a, 0x00, 0x14, 0x10, 0x02, 0x00, 0x37, 0x10, 0x05, 0x00, 0x0f, 0x00, 0x00, 0x00, 0x4e,
    0x0f, 0x0b, 0x00, 0x14, 0x10, 0x02, 0x00, 0x27, 0x10, 0x0f, 0x00, 0x0f, 0x00, 0x00, 0x00, 0x44,
    0x05, 0x03, 0x01, 0x3a, 0x05, 0x04, 0x00, 0x00, 0x00, 0x00, 0x00, 0x13, 0x09, 0x01, 0x00, 0x01,
    0x08, 0x09, 0x05, 0x4b, 0x08, 0x01, 0x00, 0x0d, 0x08, 0x00, 0x00, 0x3a, 0x08, 0x1c, 0x00, 0x00,
    0x00, 0x00, 0x00, 0x3d, 0x06, 0x08, 0x33, 0x0c, 0x00, 0x00, 0x00, 0x3d, 0x07, 0x08, 0xc1, 0x0d,
    0x00, 0x00, 0x00, 0x40, 0x00, 0x16, 0x00, 0x4e, 0x0f, 0x0e, 0x00, 0x14, 0x10, 0x02, 0x00, 0x37,
    0x10, 0x05, 0x00, 0x0f, 0x00, 0x00, 0x00, 0x4e, 0x0f, 0x0f, 0x00, 0x14, 0x10, 0x02, 0x00, 0x27,
    0x10, 0x0c, 0x00, 0x0f, 0x00, 0x00, 0x00, 0x4d, 0x08, 0x03, 0x00, 0x4e, 0x0f, 0x10, 0x00, 0x14,
    0x10, 0x08, 0x00, 0x27, 0x10, 0x0a, 0x00, 0x0f, 0x00, 0x00, 0x00, 0x13, 0x08, 0x02, 0x00, 0x16,
    0x09, 0x00, 0x00, 0x35, 0x00, 0x03, 0x00, 0x54, 0x08, 0x02, 0x02, 0x14, 0x06, 0x08, 0x00, 0x40,
    0x00, 0x03, 0x00, 0x12, 0x08, 0x00, 0x00, 0x39, 0x06, 0x00, 0x00, 0x29, 0x08, 0x02, 0x00, 0x13,
    0x08, 0x02, 0x00, 0x16, 0x09, 0x01, 0x00, 0x35, 0x01, 0x06, 0x00, 0x54, 0x08, 0x02, 0x02, 0x14,
    0x06, 0x08, 0x00, 0x3a, 0x06, 0x09, 0x00, 0x00, 0x00, 0x00, 0x00, 0x13, 0x08, 0x03, 0x00, 0x14,
    0x09, 0x00, 0x00, 0x14, 0x0a, 0x01, 0x00, 0x14, 0x0b, 0x02, 0x00, 0x14, 0x0c, 0x06, 0x00, 0x14,
    0x0d, 0x07, 0x00, 0x14, 0x0e, 0x04, 0x00, 0x54, 0x08, 0x07, 0x01, 0x13, 0x08, 0x00, 0x00, 0x4f,
    0x09, 0x15, 0x00, 0x15, 0x00, 0x09, 0x4d, 0x05, 0x00, 0x00, 0x00, 0x15, 0x02, 0x09, 0xf2, 0x06,
    0x00, 0x00, 0x00, 0x15, 0x05, 0x09, 0x74, 0x11, 0x00, 0x00, 0x00, 0x15, 0x06, 0x09, 0x33, 0x0c,
    0x00, 0x00, 0x00, 0x13, 0x0a, 0x04, 0x00, 0x44, 0x0b, 0x03, 0x01, 0x54, 0x0a, 0x02, 0x02, 0x15,
    0x0a, 0x09, 0xe5, 0x12, 0x00, 0x00, 0x00, 0x44, 0x0a, 0x03, 0x02, 0x15, 0x0a, 0x09, 0xa4, 0x13,
    0x00, 0x00, 0x00, 0x44, 0x0a, 0x03, 0x01, 0x15, 0x0a, 0x09, 0xa4, 0x14, 0x00, 0x00, 0x00, 0x2a,
    0x09, 0x08, 0x01, 0x39, 0x06, 0x00, 0x00, 0x29, 0x01, 0x02, 0x00, 0x16, 0x01, 0x9f, 0xdc, 0x7c,
    0x6b, 0x04, 0x00, 0x00, 0x00, 0x40, 0x03, 0x1d, 0x03, 0xd5, 0x01, 0x03, 0xd6, 0x01, 0x03, 0x23,
    0x03, 0xd7, 0x01, 0x03, 0xd8, 0x01, 0x05, 0x03, 0x05, 0x06, 0x07, 0x03, 0xd9, 0x01, 0x03, 0xda,
    0x01, 0x03, 0xdb, 0x01, 0x03, 0xdc, 0x01, 0x03, 0xdd, 0x01, 0x03, 0xde, 0x01, 0x03, 0xdf, 0x01,
    0x02, 0x00, 0x00, 0x00, 0x00, 0x00, 0x00, 0x14, 0x40, 0x03, 0xe0, 0x01, 0x03, 0xe1, 0x01, 0x03,
    0xe2, 0x01, 0x03, 0xe3, 0x01, 0x05, 0x07, 0x05, 0x06, 0x11, 0x0c, 0x12, 0x13, 0x14, 0x02, 0x4f,
    0x50, 0x00, 0x00, 0x00, 0x00, 0x02, 0x00, 0x01, 0x00, 0x00, 0x00, 0x05, 0x13, 0x00, 0x00, 0x00,
    0x2d, 0x00, 0x00, 0x00, 0x00, 0x00, 0x00, 0x00, 0x54, 0x00, 0x02, 0x00, 0x29, 0x00, 0x00, 0x00,
    0x01, 0x01, 0xe6, 0x31, 0x6a, 0x15, 0x00, 0x00, 0x00, 0x00, 0x00, 0x1c, 0x02, 0x07, 0x00, 0x00,
    0x00, 0xad, 0x02, 0x13, 0x03, 0x00, 0x00, 0x01, 0x02, 0x03, 0x00, 0x3a, 0x02, 0x02, 0x00, 0x00,
    0x00, 0x00, 0x80, 0x29, 0x00, 0x01, 0x00, 0x3d, 0x03, 0x02, 0xf2, 0x00, 0x00, 0x00, 0x00, 0x4e,
    0x1a, 0x01, 0x00, 0x14, 0x1b, 0x03, 0x00, 0x27, 0x1b, 0x1a, 0x00, 0x1a, 0x00, 0x00, 0x00, 0x0d,
    0x03, 0x00, 0x00, 0x19, 0x28, 0x01, 0x03, 0x14, 0x05, 0x01, 0x00, 0x46, 0x04, 0x03, 0x00, 0x00,
    0x00, 0x20, 0x40, 0x54, 0x04, 0x02, 0x02, 0x4e, 0x1a, 0x04, 0x00, 0x14, 0x1b, 0x04, 0x00, 0x27,
    0x1b, 0x02, 0x00, 0x1a, 0x00, 0x00, 0x00, 0x44, 0x03, 0x01, 0x00, 0x13, 0x04, 0x01, 0x00, 0x3d,
    0x05, 0x02, 0x4d, 0x05, 0x00, 0x00, 0x00, 0x14, 0x06, 0x00, 0x00, 0x3d, 0x07, 0x02, 0x9a, 0x06,
    0x00, 0x00, 0x00, 0x14, 0x08, 0x03, 0x00, 0x4e, 0x09, 0x07, 0x00, 0x04, 0x0a, 0x01, 0x00, 0x54,
    0x04, 0x07, 0x01, 0x13, 0x04, 0x00, 0x00, 0x0d, 0x05, 0x00, 0x00, 0x2a, 0x05, 0x04, 0x00, 0x29,
    0x00, 0x01, 0x00, 0x3d, 0x03, 0x02, 0xf2, 0x00, 0x00, 0x00, 0x00, 0x4e, 0x1a, 0x08, 0x00, 0x14,
    0x1b, 0x03, 0x00, 0x27, 0x1b, 0x8c, 0x00, 0x1a, 0x00, 0x00, 0x00, 0x13, 0x03, 0x00, 0x00, 0x0d,
    0x04, 0x00, 0x00, 0x2a, 0x04, 0x03, 0x00, 0x0d, 0x03, 0x00, 0x00, 0x19, 0x28, 0x01, 0x03, 0x14,
    0x05, 0x01, 0x00, 0x46, 0x04, 0x03, 0x00, 0x00, 0x00, 0x20, 0x40, 0x54, 0x04, 0x02, 0x02, 0x4e,
    0x1a, 0x04, 0x00, 0x14, 0x1b, 0x04, 0x00, 0x27, 0x1b, 0x02, 0x00, 0x1a, 0x00, 0x00, 0x00, 0x44,
    0x03, 0x01, 0x00, 0x13, 0x04, 0x02, 0x00, 0x14, 0x05, 0x03, 0x00, 0x12, 0x06, 0x60, 0x00, 0x54,
    0x04, 0x03, 0x02, 0x19, 0x28, 0x03, 0x03, 0x14, 0x06, 0x03, 0x00, 0x46, 0x05, 0x03, 0x00, 0x00,
    0x00, 0x20, 0x40, 0x54, 0x05, 0x02, 0x02, 0x46, 0x06, 0x0a, 0x00, 0x00, 0x24, 0xa0, 0x82, 0x2c,
    0x07, 0x00, 0x00, 0x04, 0x00, 0x00, 0x00, 0x3a, 0x03, 0x02, 0x00, 0x00, 0x00, 0x00, 0x80, 0x04,
    0x09, 0x00, 0x01, 0x04, 0x09, 0x01, 0x00, 0x19, 0x3f, 0x09, 0x02, 0x46, 0x08, 0x0c, 0x00, 0x00,
    0x00, 0xb0, 0x40, 0x54, 0x08, 0x02, 0x02, 0x19, 0x3f, 0x04, 0x03, 0x14, 0x0a, 0x04, 0x00, 0x46,
    0x09, 0x0c, 0x00, 0x00, 0x00, 0xb0, 0x40, 0x54, 0x09, 0x02, 0x02, 0x19, 0x3f, 0x05, 0x03, 0x14,
    0x0b, 0x05, 0x00, 0x46, 0x0a, 0x0c, 0x00, 0x00, 0x00, 0xb0, 0x40, 0x54, 0x0a, 0x02, 0x02, 0x3a,
    0x03, 0x02, 0x00, 0x00, 0x00, 0x00, 0x80, 0x04, 0x0c, 0x00, 0x01, 0x04, 0x0c, 0x01, 0x00, 0x19,
    0x3f, 0x0c, 0x02, 0x46, 0x0b, 0x0c, 0x00, 0x00, 0x00, 0xb0, 0x40, 0x54, 0x0b, 0x02, 0x00, 0x3f,
    0x07, 0x08, 0x00, 0x01, 0x00, 0x00, 0x00, 0x4e, 0x08, 0x0d, 0x00, 0x54, 0x06, 0x03, 0x02, 0x13,
    0x08, 0x03, 0x00, 0x27, 0x08, 0x02, 0x00, 0x06, 0x00, 0x00, 0x00, 0x04, 0x07, 0x00, 0x01, 0x04,
    0x07, 0x01, 0x00, 0x53, 0x06, 0x03, 0x00, 0x4e, 0x09, 0x0e, 0x00, 0x13, 0x16, 0x04, 0x00, 0x14,
    0x17, 0x00, 0x00, 0x54, 0x16, 0x02, 0x02, 0x14, 0x0a, 0x16, 0x00, 0x4e, 0x0b, 0x0f, 0x00, 0x13,
    0x16, 0x04, 0x00, 0x13, 0x17, 0x02, 0x00, 0x3d, 0x18, 0x02, 0x9a, 0x06, 0x00, 0x00, 0x00, 0x12,
    0x19, 0x60, 0x00, 0x54, 0x17, 0x03, 0x00, 0x54, 0x16, 0x00, 0x02, 0x14, 0x0c, 0x16, 0x00, 0x4e,
    0x0d, 0x10, 0x00, 0x13, 0x16, 0x04, 0x00, 0x3a, 0x03, 0x02, 0x00, 0x00, 0x00, 0x00, 0x80, 0x04,
    0x17, 0x00, 0x01, 0x04, 0x17, 0x01, 0x00, 0x54, 0x16, 0x02, 0x02, 0x14, 0x0e, 0x16, 0x00, 0x4e,
    0x0f, 0x11, 0x00, 0x13, 0x16, 0x04, 0x00, 0x14, 0x17, 0x04, 0x00, 0x54, 0x16, 0x02, 0x02, 0x14,
    0x10, 0x16, 0x00, 0x4e, 0x11, 0x12, 0x00, 0x13, 0x16, 0x04, 0x00, 0x14, 0x17, 0x05, 0x00, 0x54,
    0x16, 0x02, 0x02, 0x14, 0x12, 0x16, 0x00, 0x4e, 0x13, 0x13, 0x00, 0x13, 0x16, 0x04, 0x00, 0x3a,
    0x03, 0x02, 0x00, 0x00, 0x00, 0x00, 0x80, 0x04, 0x17, 0x00, 0x01, 0x04, 0x17, 0x01, 0x00, 0x54,
    0x16, 0x02, 0x02, 0x14, 0x14, 0x16, 0x00, 0x4e, 0x15, 0x14, 0x00, 0x28, 0x08, 0x09, 0x15, 0x18,
    0x07, 0x08, 0x00, 0x46, 0x09, 0x16, 0x00, 0x00, 0x00, 0x50, 0x41, 0x3d, 0x0a, 0x02, 0x4d, 0x05,
    0x00, 0x00, 0x00, 0x4e, 0x0b, 0x17, 0x00, 0x14, 0x0c, 0x00, 0x00, 0x14, 0x0d, 0x08, 0x00, 0x54,
    0x09, 0x05, 0x01, 0x3a, 0x03, 0x15, 0x00, 0x00, 0x00, 0x00, 0x00, 0x46, 0x09, 0x16, 0x00, 0x00,
    0x00, 0x50, 0x41, 0x16, 0x0a, 0x00, 0x00, 0x35, 0x01, 0x03, 0x00, 0x54, 0x09, 0x02, 0x03, 0x0d,
    0x0b, 0x00, 0x00, 0x4b, 0x09, 0x02, 0x00, 0x14, 0x0b, 0x0a, 0x00, 0x0d, 0x0a, 0x00, 0x00, 0x13,
    0x0c, 0x01, 0x00, 0x3d, 0x0d, 0x02, 0x4d, 0x05, 0x00, 0x00, 0x00, 0x14, 0x0e, 0x00, 0x00, 0x14,
    0x0f, 0x03, 0x00, 0x14, 0x10, 0x0a, 0x00, 0x4e, 0x11, 0x18, 0x00, 0x04, 0x12, 0x00, 0x00, 0x14,
    0x13, 0x09, 0x00, 0x14, 0x14, 0x0b, 0x00, 0x54, 0x0c, 0x09, 0x01, 0x39, 0x03, 0x00, 0x00, 0x29,
    0x00, 0x01, 0x00, 0x39, 0x03, 0x00, 0x00, 0x13, 0x03, 0x00, 0x00, 0x0d, 0x04, 0x00, 0x00, 0x2a,
    0x04, 0x03, 0x00, 0x3d, 0x03, 0x02, 0xf2, 0x00, 0x00, 0x00, 0x00, 0x4e, 0x1a, 0x19, 0x00, 0x14,
    0x1b, 0x03, 0x00, 0x27, 0x1b, 0x17, 0x00, 0x1a, 0x00, 0x00, 0x00, 0x3d, 0x03, 0x02, 0x74, 0x1a,
    0x00, 0x00, 0x00, 0x3a, 0x03, 0x6b, 0x00, 0x00, 0x00, 0x00, 0x00, 0x13, 0x03, 0x05, 0x00, 0x3d,
    0x04, 0x02, 0x74, 0x1a, 0x00, 0x00, 0x00, 0x3d, 0x06, 0x02, 0x33, 0x1b, 0x00, 0x00, 0x00, 0x3a,
    0x06, 0x09, 0x00, 0x00, 0x00, 0x00, 0x00, 0x4f, 0x05, 0x1d, 0x00, 0x3d, 0x06, 0x02, 0x33, 0x1b,
    0x00, 0x00, 0x00, 0x15, 0x06, 0x05, 0x33, 0x1b, 0x00, 0x00, 0x00, 0x15, 0x00, 0x05, 0xc1, 0x1c,
    0x00, 0x00, 0x00, 0x4b, 0x05, 0x01, 0x00, 0x0d, 0x05, 0x00, 0x00, 0x2a, 0x05, 0x03, 0x04, 0x29,
    0x00, 0x01, 0x00, 0x3d, 0x03, 0x02, 0xf2, 0x00, 0x00, 0x00, 0x00, 0x4e, 0x1a, 0x1e, 0x00, 0x14,
    0x1b, 0x03, 0x00, 0x37, 0x1b, 0x07, 0x00, 0x1a, 0x00, 0x00, 0x00, 0x3d, 0x03, 0x02, 0xf2, 0x00,
    0x00, 0x00, 0x00, 0x4e, 0x1a, 0x1f, 0x00, 0x14, 0x1b, 0x03, 0x00, 0x27, 0x1b, 0x4d, 0x00, 0x1a,
    0x00, 0x00, 0x00, 0x3d, 0x04, 0x02, 0xf2, 0x00, 0x00, 0x00, 0x00, 0x4e, 0x1a, 0x1e, 0x00, 0x14,
    0x1b, 0x04, 0x00, 0x27, 0x1b, 0x06, 0x00, 0x1a, 0x00, 0x00, 0x00, 0x13, 0x03, 0x06, 0x00, 0x3d,
    0x04, 0x02, 0xa4, 0x20, 0x00, 0x00, 0x00, 0x54, 0x03, 0x02, 0x02, 0x4b, 0x03, 0x0e, 0x00, 0x19,
    0x28, 0x01, 0x03, 0x14, 0x05, 0x01, 0x00, 0x46, 0x04, 0x03, 0x00, 0x00, 0x00, 0x20, 0x40, 0x54,
    0x04, 0x02, 0x02, 0x4e, 0x1a, 0x04, 0x00, 0x14, 0x1b, 0x04, 0x00, 0x27, 0x1b, 0x05, 0x00, 0x1a,
    0x00, 0x00, 0x00, 0x13, 0x03, 0x06, 0x00, 0x44, 0x04, 0x01, 0x00, 0x54, 0x03, 0x02, 0x02, 0x4b,
    0x03, 0x01, 0x00, 0x0d, 0x03, 0x00, 0x00, 0x4e, 0x05, 0x0e, 0x00, 0x13, 0x12, 0x04, 0x00, 0x14,
    0x13, 0x00, 0x00, 0x54, 0x12, 0x02, 0x02, 0x14, 0x06, 0x12, 0x00, 0x4e, 0x07, 0x21, 0x00, 0x13,
    0x12, 0x04, 0x00, 0x3d, 0x13, 0x02, 0xf2, 0x00, 0x00, 0x00, 0x00, 0x54, 0x12, 0x02, 0x02, 0x14,
    0x08, 0x12, 0x00, 0x4e, 0x09, 0x22, 0x00, 0x13, 0x12, 0x04, 0x00, 0x3d, 0x13, 0x02, 0xa4, 0x23,
    0x00, 0x00, 0x00, 0x54, 0x12, 0x02, 0x02, 0x14, 0x0a, 0x12, 0x00, 0x4e, 0x0b, 0x24, 0x00, 0x13,
    0x12, 0x04, 0x00, 0x3d, 0x13, 0x02, 0xe5, 0x25, 0x00, 0x00, 0x00, 0x54, 0x12, 0x02, 0x02, 0x14,
    0x0c, 0x12, 0x00, 0x4e, 0x0d, 0x26, 0x00, 0x13, 0x12, 0x04, 0x00, 0x14, 0x13, 0x03, 0x00, 0x54,
    0x12, 0x02, 0x02, 0x14, 0x0e, 0x12, 0x00, 0x4e, 0x0f, 0x27, 0x00, 0x13, 0x12, 0x04, 0x00, 0x04,
    0x13, 0x00, 0x00, 0x3d, 0x14, 0x02, 0xe5, 0x25, 0x00, 0x00, 0x00, 0x3a, 0x14, 0x05, 0x00, 0x00,
    0x00, 0x00, 0x00, 0x3a, 0x03, 0x02, 0x00, 0x00, 0x00, 0x00, 0x80, 0x04, 0x13, 0x00, 0x01, 0x04,
    0x13, 0x01, 0x00, 0x54, 0x12, 0x02, 0x02, 0x14, 0x10, 0x12, 0x00, 0x4e, 0x11, 0x28, 0x00, 0x28,
    0x04, 0x05, 0x11, 0x46, 0x05, 0x16, 0x00, 0x00, 0x00, 0x50, 0x41, 0x3d, 0x06, 0x02, 0x4d, 0x05,
    0x00, 0x00, 0x00, 0x4e, 0x07, 0x29, 0x00, 0x14, 0x08, 0x00, 0x00, 0x14, 0x09, 0x04, 0x00, 0x54,
    0x05, 0x05, 0x01, 0x29, 0x00, 0x01, 0x00, 0x2b, 0x03, 0xd7, 0x01, 0x03, 0xd5, 0x01, 0x01, 0x9f,
    0xdc, 0x7c, 0x6b, 0x04, 0x00, 0x00, 0x20, 0x40, 0x03, 0x1d, 0x03, 0x23, 0x03, 0xd8, 0x01, 0x03,
    0xe4, 0x01, 0x03, 0xd6, 0x01, 0x01, 0xd2, 0xb0, 0x6c, 0x8d, 0x04, 0x00, 0x24, 0xa0, 0x82, 0x01,
    0x43, 0xaf, 0x3d, 0x6a, 0x04, 0x00, 0x00, 0xb0, 0x40, 0x03, 0x92, 0x01, 0x03, 0x93, 0x01, 0x03,
    0xe5, 0x01, 0x03, 0xe6, 0x01, 0x03, 0xe7, 0x01, 0x03, 0xe8, 0x01, 0x03, 0xe9, 0x01, 0x03, 0x60,
    0x01, 0x73, 0xa6, 0x69, 0xd5, 0x04, 0x00, 0x00, 0x50, 0x41, 0x03, 0xea, 0x01, 0x03, 0xeb, 0x01,
    0x03, 0xd9, 0x01, 0x03, 0xe0, 0x01, 0x03, 0xdc, 0x01, 0x03, 0xdd, 0x01, 0x05, 0x02, 0x1b, 0x1c,
    0x03, 0xde, 0x01, 0x03, 0xdf, 0x01, 0x03, 0xe3, 0x01, 0x03, 0xc7, 0x01, 0x03, 0xec, 0x01, 0x03,
    0xe2, 0x01, 0x03, 0xed, 0x01, 0x03, 0xe1, 0x01, 0x03, 0xee, 0x01, 0x03, 0xef, 0x01, 0x03, 0xf0,
    0x01, 0x03, 0xf1, 0x01, 0x01, 0x82, 0xe1, 0x38, 0x0f, 0x01, 0x52, 0x00, 0x00, 0x00, 0x00, 0x06,
    0x01, 0x00, 0x00, 0x00, 0x00, 0x1f, 0x3a, 0x00, 0x03, 0x00, 0x00, 0x00, 0x00, 0x80, 0x04, 0x01,
    0x00, 0x00, 0x29, 0x01, 0x02, 0x00, 0x46, 0x02, 0x01, 0x00, 0x00, 0x00, 0x00, 0x40, 0x19, 0x28,
    0x02, 0x02, 0x46, 0x01, 0x03, 0x00, 0x00, 0x00, 0x20, 0x40, 0x54, 0x01, 0x02, 0x02, 0x4e, 0x04,
    0x04, 0x00, 0x14, 0x05, 0x01, 0x00, 0x37, 0x05, 0x03, 0x00, 0x04, 0x00, 0x00, 0x00, 0x04, 0x01,
    0x01, 0x00, 0x29, 0x01, 0x02, 0x00, 0x46, 0x01, 0x06, 0x00, 0x00, 0x00, 0x50, 0x40, 0x46, 0x02,
    0x01, 0x00, 0x00, 0x00, 0x00, 0x40, 0x14, 0x03, 0x00, 0x00, 0x54, 0x01, 0x03, 0x03, 0x14, 0x03,
    0x01, 0x00, 0x18, 0x03, 0x06, 0x00, 0x04, 0x04, 0x00, 0x00, 0x14, 0x05, 0x02, 0x00, 0x37, 0x05,
    0x02, 0x00, 0x04, 0x00, 0x00, 0x00, 0x04, 0x03, 0x00, 0x01, 0x04, 0x03, 0x01, 0x00, 0x29, 0x03,
    0x02, 0x00, 0x07, 0x01, 0xce, 0x50, 0xaf, 0x9c, 0x04, 0x00, 0x00, 0x00, 0x40, 0x01, 0x9f, 0xdc,
    0x7c, 0x6b, 0x04, 0x00, 0x00, 0x20, 0x40, 0x03, 0x5c, 0x01, 0x73, 0xa6, 0x69, 0xd5, 0x04, 0x00,
    0x00, 0x50, 0x40, 0x00, 0x00, 0x00, 0x00, 0x00, 0x02, 0x00, 0x01, 0x00, 0x00, 0x00, 0x05, 0x13,
    0x00, 0x00, 0x00, 0x2d, 0x00, 0x00, 0x00, 0x00, 0x00, 0x00, 0x00, 0x54, 0x00, 0x02, 0x00, 0x29,
    0x00, 0x00, 0x00, 0x01, 0x01, 0xd9, 0x81, 0x0c, 0xec, 0x00, 0x00, 0x00, 0x00, 0x00, 0x08, 0x01,
    0x01, 0x00, 0x00, 0x00, 0x2c, 0x14, 0x01, 0x00, 0x00, 0x19, 0x28, 0x00, 0x03, 0x14, 0x03, 0x00,
    0x00, 0x46, 0x02, 0x01, 0x00, 0x00, 0x00, 0x00, 0x40, 0x54, 0x02, 0x02, 0x02, 0x4e, 0x06, 0x02,
    0x00, 0x14, 0x07, 0x02, 0x00, 0x37, 0x07, 0x19, 0x00, 0x06, 0x00, 0x00, 0x00, 0x13, 0x02, 0x00,
    0x00, 0x14, 0x03, 0x00, 0x00, 0x54, 0x02, 0x02, 0x02, 0x4b, 0x02, 0x02, 0x00, 0x0d, 0x02, 0x00,
    0x00, 0x29, 0x02, 0x02, 0x00, 0x46, 0x02, 0x04, 0x00, 0x00, 0x00, 0x30, 0x40, 0x16, 0x03, 0x00,
    0x00, 0x35, 0x00, 0x00, 0x00, 0x54, 0x02, 0x02, 0x03, 0x18, 0x02, 0x09, 0x00, 0x19, 0x28, 0x03,
    0x03, 0x14, 0x05, 0x03, 0x00, 0x46, 0x04, 0x01, 0x00, 0x00, 0x00, 0x00, 0x40, 0x54, 0x04, 0x02,
    0x02, 0x4e, 0x06, 0x02, 0x00, 0x14, 0x07, 0x04, 0x00, 0x37, 0x07, 0x03, 0x00, 0x06, 0x00, 0x00,
    0x00, 0x0d, 0x04, 0x00, 0x00, 0x29, 0x04, 0x02, 0x00, 0x14, 0x01, 0x03, 0x00, 0x27, 0x01, 0x06,
    0x00, 0x01, 0x00, 0x00, 0x00, 0x07, 0x02, 0x01, 0x01, 0x4e, 0x06, 0x05, 0x00, 0x14, 0x07, 0x02,
    0x00, 0x37, 0x07, 0x03, 0x00, 0x06, 0x00, 0x00, 0x00, 0x0d, 0x02, 0x00, 0x00, 0x29, 0x02, 0x02,
    0x00, 0x29, 0x01, 0x02, 0x00, 0x06, 0x01, 0x9f, 0xdc, 0x7c, 0x6b, 0x04, 0x00, 0x00, 0x00, 0x40,
    0x03, 0x01, 0x01, 0x73, 0xa6, 0x69, 0xd5, 0x04, 0x00, 0x00, 0x30, 0x40, 0x02, 0x00, 0x00, 0x00,
    0x00, 0x00, 0x00, 0x00, 0x00, 0x01, 0x55, 0x00, 0x00, 0x00, 0x00, 0x04, 0x01, 0x00, 0x01, 0x00,
    0x00, 0x09, 0x11, 0x01, 0x00, 0x00, 0x3a, 0x00, 0x06, 0x00, 0x00, 0x00, 0x00, 0x00, 0x46, 0x01,
    0x01, 0x00, 0x00, 0x00, 0x00, 0x40, 0x14, 0x02, 0x00, 0x00, 0x4c, 0x03, 0x00, 0x00, 0x54, 0x01,
    0x00, 0x01, 0x29, 0x00, 0x01, 0x00, 0x02, 0x01, 0x73, 0xa6, 0x69, 0xd5, 0x04, 0x00, 0x00, 0x00,
    0x40, 0x00, 0x00, 0x00, 0x00, 0x00, 0x03, 0x00, 0x02, 0x00, 0x00, 0x00, 0x06, 0x13, 0x00, 0x00,
    0x00, 0x13, 0x02, 0x01, 0x00, 0x2d, 0x00, 0x00, 0x00, 0x00, 0x00, 0x00, 0x00, 0x54, 0x00, 0x03,
    0x00, 0x29, 0x00, 0x00, 0x00, 0x01, 0x01, 0x12, 0x44, 0xcc, 0xdb, 0x00, 0x00, 0x00, 0x00, 0x00,
    0x02, 0x00, 0x01, 0x00, 0x00, 0x00, 0x05, 0x13, 0x00, 0x00, 0x00, 0x2d, 0x00, 0x00, 0x00, 0x00,
    0x00, 0x00, 0x00, 0x54, 0x00, 0x02, 0x00, 0x29, 0x00, 0x00, 0x00, 0x01, 0x01, 0x89, 0x54, 0xcc,
    0x1c, 0x00, 0x00, 0x00, 0x00, 0x00, 0x02, 0x00, 0x01, 0x00, 0x00, 0x00, 0x05, 0x13, 0x00, 0x00,
    0x00, 0x2d, 0x00, 0x00, 0x00, 0x00, 0x00, 0x00, 0x00, 0x54, 0x00, 0x02, 0x00, 0x29, 0x00, 0x00,
    0x00, 0x01, 0x01, 0x35, 0x6d, 0x6b, 0x46, 0x00, 0x00, 0x00, 0x00, 0x00, 0x02, 0x00, 0x01, 0x00,
    0x00, 0x00, 0x05, 0x13, 0x00, 0x00, 0x00, 0x2d, 0x00, 0x00, 0x00, 0x00, 0x00, 0x00, 0x00, 0x54,
    0x00, 0x02, 0x00, 0x29, 0x00, 0x00, 0x00, 0x01, 0x01, 0x52, 0xd4, 0x18, 0x02, 0x00, 0x00, 0x00,
    0x00, 0x00, 0x1f, 0x05, 0x07, 0x00, 0x00, 0x00, 0xac, 0x01, 0x3a, 0x00, 0x0a, 0x00, 0x00, 0x00,
    0x00, 0x00, 0x19, 0x28, 0x03, 0x03, 0x14, 0x06, 0x03, 0x00, 0x46, 0x05, 0x01, 0x00, 0x00, 0x00,
    0x00, 0x40, 0x54, 0x05, 0x02, 0x02, 0x4e, 0x1d, 0x02, 0x00, 0x14, 0x1e, 0x05, 0x00, 0x37, 0x1e,
    0x03, 0x00, 0x1d, 0x00, 0x00, 0x00, 0x12, 0x05, 0x00, 0x00, 0x29, 0x05, 0x02, 0x00, 0x44, 0x05,
    0x03, 0x00, 0x44, 0x06, 0x03, 0x01, 0x13, 0x07, 0x00, 0x00, 0x14, 0x08, 0x05, 0x00, 0x54, 0x07,
    0x02, 0x02, 0x18, 0x07, 0x04, 0x00, 0x13, 0x07, 0x00, 0x00, 0x14, 0x08, 0x06, 0x00, 0x54, 0x07,
    0x02, 0x02, 0x4b, 0x07, 0x08, 0x00, 0x13, 0x07, 0x01, 0x00, 0x14, 0x08, 0x00, 0x00, 0x4e, 0x09,
    0x03, 0x00, 0x4e, 0x0a, 0x04, 0x00, 0x4e, 0x0b, 0x05, 0x00, 0x54, 0x07, 0x05, 0x01, 0x12, 0x07,
    0x00, 0x00, 0x29, 0x07, 0x02, 0x00, 0x19, 0x28, 0x04, 0x03, 0x14, 0x08, 0x04, 0x00, 0x46, 0x07,
    0x01, 0x00, 0x00, 0x00, 0x00, 0x40, 0x54, 0x07, 0x02, 0x02, 0x4e, 0x1d, 0x06, 0x00, 0x14, 0x1e,
    0x07, 0x00, 0x27, 0x1e, 0x17, 0x00, 0x1d, 0x00, 0x00, 0x00, 0x13, 0x07, 0x02, 0x00, 0x16, 0x08,
    0x00, 0x00, 0x35, 0x00, 0x06, 0x00, 0x35, 0x00, 0x04, 0x00, 0x54, 0x07, 0x02, 0x03, 0x4b, 0x08,
    0x0a, 0x00, 0x13, 0x09, 0x01, 0x00, 0x14, 0x0a, 0x00, 0x00, 0x4e, 0x0b, 0x03, 0x00, 0x4e, 0x0c,
    0x04, 0x00, 0x4e, 0x0d, 0x07, 0x00, 0x4e, 0x0e, 0x08, 0x00, 0x14, 0x0f, 0x04, 0x00, 0x54, 0x09,
    0x07, 0x01, 0x12, 0x09, 0x00, 0x00, 0x29, 0x09, 0x02, 0x00, 0x4e, 0x1d, 0x09, 0x00, 0x14, 0x1e,
    0x07, 0x00, 0x27, 0x1e, 0x03, 0x00, 0x1d, 0x00, 0x00, 0x00, 0x12, 0x09, 0x00, 0x00, 0x29, 0x09,
    0x02, 0x00, 0x46, 0x07, 0x0b, 0x00, 0x00, 0x00, 0xa0, 0x40, 0x16, 0x08, 0x01, 0x00, 0x35, 0x00,
    0x05, 0x00, 0x54, 0x07, 0x02, 0x03, 0x18, 0x07, 0x04, 0x00, 0x13, 0x09, 0x00, 0x00, 0x14, 0x0a,
    0x08, 0x00, 0x54, 0x09, 0x02, 0x02, 0x4b, 0x09, 0x0c, 0x00, 0x13, 0x09, 0x01, 0x00, 0x14, 0x0a,
    0x00, 0x00, 0x4e, 0x0b, 0x03, 0x00, 0x4e, 0x0c, 0x04, 0x00, 0x4e, 0x0d, 0x0c, 0x00, 0x4e, 0x0e,
    0x0d, 0x00, 0x14, 0x0f, 0x05, 0x00, 0x4e, 0x10, 0x0e, 0x00, 0x14, 0x11, 0x06, 0x00, 0x54, 0x09,
    0x09, 0x01, 0x12, 0x09, 0x00, 0x00, 0x29, 0x09, 0x02, 0x00, 0x46, 0x09, 0x0b, 0x00, 0x00, 0x00,
    0xa0, 0x40, 0x16, 0x0a, 0x02, 0x00, 0x35, 0x00, 0x06, 0x00, 0x54, 0x09, 0x02, 0x03, 0x18, 0x09,
    0x04, 0x00, 0x13, 0x0b, 0x03, 0x00, 0x14, 0x0c, 0x0a, 0x00, 0x54, 0x0b, 0x02, 0x02, 0x4b, 0x0b,
    0x01, 0x00, 0x0d, 0x0b, 0x00, 0x00, 0x0d, 0x0c, 0x00, 0x00, 0x46, 0x0d, 0x0b, 0x00, 0x00, 0x00,
    0xa0, 0x40, 0x16, 0x0e, 0x03, 0x00, 0x35, 0x00, 0x05, 0x00, 0x54, 0x0d, 0x02, 0x03, 0x18, 0x0d,
    0x01, 0x00, 0x14, 0x0c, 0x0e, 0x00, 0x13, 0x10, 0x04, 0x00, 0x38, 0x0f, 0x10, 0x0f, 0x53, 0x0f,
    0x04, 0x00, 0x46, 0x0f, 0x0b, 0x00, 0x00, 0x00, 0xa0, 0x40, 0x13, 0x10, 0x05, 0x00, 0x14, 0x11,
    0x00, 0x00, 0x4f, 0x12, 0x27, 0x00, 0x15, 0x01, 0x12, 0x54, 0x12, 0x00, 0x00, 0x00, 0x15, 0x02,
    0x12, 0xc8, 0x13, 0x00, 0x00, 0x00, 0x15, 0x05, 0x12, 0x0c, 0x0d, 0x00, 0x00, 0x00, 0x15, 0x06,
    0x12, 0x3e, 0x0e, 0x00, 0x00, 0x00, 0x15, 0x08, 0x12, 0x36, 0x14, 0x00, 0x00, 0x00, 0x15, 0x0b,
    0x12, 0x90, 0x1b, 0x00, 0x00, 0x00, 0x15, 0x0b, 0x12, 0x92, 0x1d, 0x00, 0x00, 0x00, 0x15, 0x0b,
    0x12, 0x2e, 0x1e, 0x00, 0x00, 0x00, 0x13, 0x13, 0x04, 0x00, 0x15, 0x13, 0x12, 0xe1, 0x21, 0x00,
    0x00, 0x00, 0x54, 0x0f, 0x04, 0x03, 0x18, 0x0f, 0x02, 0x00, 0x3a, 0x10, 0x0d, 0x00, 0x00, 0x00,
    0x00, 0x80, 0x13, 0x12, 0x04, 0x00, 0x4e, 0x1d, 0x0f, 0x00, 0x07, 0x11, 0x12, 0x1d, 0x53, 0x11,
    0x04, 0x00, 0x13, 0x11, 0x01, 0x00, 0x14, 0x12, 0x00, 0x00, 0x4e, 0x13, 0x03, 0x00, 0x4e, 0x14,
    0x04, 0x00, 0x4e, 0x15, 0x28, 0x00, 0x54, 0x11, 0x05, 0x01, 0x12, 0x11, 0x00, 0x00, 0x29, 0x11,
    0x02, 0x00, 0x13, 0x11, 0x06, 0x00, 0x3d, 0x12, 0x10, 0xf4, 0x29, 0x00, 0x00, 0x00, 0x4f, 0x13,
    0x2b, 0x00, 0x15, 0x10, 0x13, 0xe5, 0x2a, 0x00, 0x00, 0x00, 0x15, 0x0b, 0x13, 0x2e, 0x1e, 0x00,
    0x00, 0x00, 0x2a, 0x13, 0x11, 0x12, 0x13, 0x11, 0x01, 0x00, 0x14, 0x12, 0x00, 0x00, 0x4e, 0x13,
    0x2c, 0x00, 0x3d, 0x14, 0x10, 0xf4, 0x29, 0x00, 0x00, 0x00, 0x4e, 0x15, 0x0d, 0x00, 0x14, 0x16,
    0x05, 0x00, 0x4e, 0x17, 0x2d, 0x00, 0x14, 0x18, 0x0c, 0x00, 0x4e, 0x19, 0x0e, 0x00, 0x14, 0x1a,
    0x06, 0x00, 0x4e, 0x1b, 0x2e, 0x00, 0x4e, 0x1c, 0x2f, 0x00, 0x54, 0x11, 0x0c, 0x01, 0x3d, 0x11,
    0x10, 0xf4, 0x29, 0x00, 0x00, 0x00, 0x29, 0x11, 0x02, 0x00, 0x30, 0x01, 0x9f, 0xdc, 0x7c, 0x6b,
    0x04, 0x00, 0x00, 0x00, 0x40, 0x03, 0x1d, 0x03, 0xf2, 0x01, 0x03, 0xf3, 0x01, 0x03, 0xf4, 0x01,
    0x03, 0x01, 0x03, 0xf5, 0x01, 0x03, 0xf6, 0x01, 0x02, 0x00, 0x00, 0x00, 0x00, 0x00, 0x00, 0x00,
    0x00, 0x01, 0x73, 0xa6, 0x69, 0xd5, 0x04, 0x00, 0x00, 0xa0, 0x40, 0x03, 0xf7, 0x01, 0x03, 0x1e,
    0x03, 0x20, 0x02, 0x00, 0x00, 0x00, 0x00, 0x00, 0x00, 0xf0, 0x3f, 0x03, 0x28, 0x03, 0xf8, 0x01,
    0x03, 0x29, 0x03, 0x2a, 0x03, 0x1f, 0x03, 0x2b, 0x00, 0x03, 0x2c, 0x01, 0x00, 0x00, 0x00, 0x00,
    0x03, 0x2d, 0x03, 0x2e, 0x03, 0x40, 0x03, 0x41, 0x03, 0x21, 0x03, 0x42, 0x03, 0x30, 0x03, 0x31,
    0x03, 0x32, 0x03, 0x33, 0x03, 0xf9, 0x01, 0x03, 0x35, 0x03, 0x16, 0x03, 0x36, 0x08, 0x14, 0x10,
    0x11, 0x00, 0x00, 0x00, 0x12, 0xff, 0xff, 0xff, 0xff, 0x13, 0xff, 0xff, 0xff, 0xff, 0x0d, 0xff,
    0xff, 0xff, 0xff, 0x0e, 0xff, 0xff, 0xff, 0xff, 0x14, 0xff, 0xff, 0xff, 0xff, 0x15, 0x16, 0x00,
    0x00, 0x00, 0x17, 0x18, 0x00, 0x00, 0x00, 0x19, 0x16, 0x00, 0x00, 0x00, 0x1a, 0x18, 0x00, 0x00,
    0x00, 0x1b, 0xff, 0xff, 0xff, 0xff, 0x1c, 0x0f, 0x00, 0x00, 0x00, 0x1d, 0xff, 0xff, 0xff, 0xff,
    0x1e, 0xff, 0xff, 0xff, 0xff, 0x1f, 0x09, 0x00, 0x00, 0x00, 0x20, 0x09, 0x00, 0x00, 0x00, 0x21,
    0xff, 0xff, 0xff, 0xff, 0x22, 0x23, 0x00, 0x00, 0x00, 0x24, 0x25, 0x00, 0x00, 0x00, 0x26, 0x0f,
    0x00, 0x00, 0x00, 0x03, 0xfa, 0x01, 0x03, 0x22, 0x03, 0xfb, 0x01, 0x05, 0x02, 0x2a, 0x1e, 0x03,
    0xfc, 0x01, 0x03, 0xfd, 0x01, 0x03, 0xfe, 0x01, 0x03, 0xff, 0x01, 0x04, 0x58, 0x59, 0x5a, 0x5b,
    0x00, 0x00, 0x00, 0x00, 0x0a, 0x02, 0x03, 0x00, 0x00, 0x00, 0x2f, 0x19, 0x28, 0x00, 0x03, 0x14,
    0x03, 0x00, 0x00, 0x46, 0x02, 0x01, 0x00, 0x00, 0x00, 0x00, 0x40, 0x54, 0x02, 0x02, 0x02, 0x4e,
    0x08, 0x02, 0x00, 0x14, 0x09, 0x02, 0x00, 0x27, 0x09, 0x04, 0x00, 0x08, 0x00, 0x00, 0x00, 0x12,
    0x02, 0x00, 0x00, 0x33, 0x00, 0x02, 0x00, 0x02, 0x00, 0x00, 0x00, 0x29, 0x00, 0x01, 0x00, 0x13,
    0x03, 0x00, 0x00, 0x01, 0x02, 0x03, 0x00, 0x3a, 0x02, 0x02, 0x00, 0x00, 0x00, 0x00, 0x80, 0x29,
    0x00, 0x01, 0x00, 0x13, 0x03, 0x00, 0x00, 0x0d, 0x04, 0x00, 0x00, 0x2a, 0x04, 0x03, 0x00, 0x13,
    0x03, 0x01, 0x00, 0x12, 0x04, 0x00, 0x00, 0x1c, 0x04, 0x05, 0x00, 0x03, 0x00, 0x00, 0x00, 0x13,
    0x04, 0x01, 0x00, 0x4e, 0x08, 0x03, 0x00, 0x07, 0x03, 0x04, 0x08, 0x53, 0x03, 0x01, 0x00, 0x46,
    0x03, 0x05, 0x00, 0x00, 0x00, 0x40, 0x40, 0x13, 0x04, 0x02, 0x00, 0x3d, 0x05, 0x02, 0xe5, 0x06,
    0x00, 0x00, 0x00, 0x4f, 0x06, 0x0c, 0x00, 0x15, 0x01, 0x06, 0x1f, 0x07, 0x00, 0x00, 0x00, 0x3d,
    0x07, 0x02, 0x2e, 0x0d, 0x00, 0x00, 0x00, 0x15, 0x07, 0x06, 0xbf, 0x08, 0x00, 0x00, 0x00, 0x3d,
    0x07, 0x02, 0x2e, 0x0d, 0x00, 0x00, 0x00, 0x15, 0x07, 0x06, 0x53, 0x09, 0x00, 0x00, 0x00, 0x54,
    0x03, 0x04, 0x01, 0x29, 0x00, 0x01, 0x00, 0x0e, 0x01, 0x9f, 0xdc, 0x7c, 0x6b, 0x04, 0x00, 0x00,
    0x00, 0x40, 0x03, 0x01, 0x02, 0x00, 0x00, 0x00, 0x00, 0x00, 0x00, 0xf0, 0x3f, 0x01, 0x73, 0xa6,
    0x69, 0xd5, 0x04, 0x00, 0x00, 0x40, 0x40, 0x03, 0xfb, 0x01, 0x03, 0x4e, 0x03, 0x43, 0x03, 0x49,
    0x03, 0x4a, 0x00, 0x08, 0x04, 0x07, 0xff, 0xff, 0xff, 0xff, 0x08, 0xff, 0xff, 0xff, 0xff, 0x09,
    0xff, 0xff, 0xff, 0xff, 0x0a, 0x0b, 0x00, 0x00, 0x00, 0x03, 0x42, 0x00, 0x00, 0x00, 0x00, 0x00,
    0x03, 0x00, 0x07, 0x00, 0x00, 0x00, 0x19, 0x2c, 0x01, 0x00, 0x00, 0x00, 0x00, 0x00, 0x00, 0x4f,
    0x02, 0x02, 0x00, 0x26, 0x3d, 0x01, 0x03, 0x02, 0x00, 0x00, 0x00, 0x46, 0x00, 0x04, 0x00, 0x00,
    0x00, 0x30, 0x40, 0x54, 0x00, 0x03, 0x02, 0x53, 0x00, 0x00, 0x00, 0x2c, 0x00, 0x00, 0x00, 0x00,
    0x00, 0x00, 0x00, 0x53, 0x00, 0x01, 0x00, 0x2c, 0x00, 0x00, 0x00, 0x00, 0x00, 0x00, 0x00, 0x53,
    0x00, 0x02, 0x00, 0x12, 0x00, 0x00, 0x00, 0x53, 0x00, 0x03, 0x00, 0x2c, 0x00, 0x00, 0x00, 0x00,
    0x00, 0x00, 0x00, 0x53, 0x00, 0x04, 0x00, 0x0d, 0x00, 0x00, 0x00, 0x53, 0x00, 0x05, 0x00, 0x13,
    0x00, 0x06, 0x00, 0x54, 0x00, 0x01, 0x01, 0x29, 0x00, 0x01, 0x00, 0x05, 0x03, 0x80, 0x02, 0x03,
    0x81, 0x02, 0x08, 0x01, 0x00, 0x01, 0x00, 0x00, 0x00, 0x01, 0x6d, 0x21, 0xb2, 0x87, 0x04, 0x00,
    0x00, 0x30, 0x40, 0x00, 0x00, 0x00, 0x00, 0x00, 0x27, 0x00, 0x00, 0x01, 0x00, 0x00, 0x84, 0x01,
    0x11, 0x00, 0x00, 0x00, 0x12, 0x00, 0x00, 0x00, 0x42, 0x01, 0x00, 0x00, 0x42, 0x02, 0x01, 0x00,
    0x42, 0x03, 0x02, 0x00, 0x42, 0x04, 0x03, 0x00, 0x35, 0x00, 0x01, 0x00, 0x35, 0x00, 0x02, 0x00,
    0x35, 0x00, 0x03, 0x00, 0x42, 0x05, 0x04, 0x00, 0x35, 0x00, 0x01, 0x00, 0x42, 0x06, 0x05, 0x00,
    0x35, 0x00, 0x01, 0x00, 0x42, 0x07, 0x06, 0x00, 0x42, 0x08, 0x07, 0x00, 0x16, 0x09, 0x08, 0x00,
    0x35, 0x01, 0x00, 0x00, 0x35, 0x00, 0x04, 0x00, 0x35, 0x00, 0x05, 0x00, 0x35, 0x00, 0x06, 0x00,
    0x35, 0x00, 0x08, 0x00, 0x42, 0x0a, 0x08, 0x00, 0x35, 0x00, 0x04, 0x00, 0x35, 0x00, 0x07, 0x00,
    0x35, 0x00, 0x05, 0x00, 0x35, 0x00, 0x08, 0x00, 0x16, 0x0b, 0x0a, 0x00, 0x35, 0x01, 0x00, 0x00,
    0x2c, 0x0d, 0x00, 0x00, 0x00, 0x00, 0x00, 0x00, 0x4f, 0x0e, 0x0b, 0x00, 0x26, 0x3d, 0x0d, 0x03,
    0x0e, 0x00, 0x00, 0x00, 0x46, 0x0c, 0x0d, 0x00, 0x00, 0x00, 0xc0, 0x40, 0x54, 0x0c, 0x03, 0x02,
    0x2c, 0x0d, 0x00, 0x00, 0x00, 0x00, 0x00, 0x00, 0x2c, 0x0e, 0x00, 0x00, 0x00, 0x00, 0x00, 0x00,
    0x0d, 0x0f, 0x00, 0x00, 0x42, 0x10, 0x0e, 0x00, 0x42, 0x11, 0x0f, 0x00, 0x42, 0x12, 0x10, 0x00,
    0x35, 0x00, 0x11, 0x00, 0x42, 0x13, 0x11, 0x00, 0x42, 0x14, 0x12, 0x00, 0x35, 0x00, 0x11, 0x00,
    0x35, 0x00, 0x10, 0x00, 0x42, 0x15, 0x13, 0x00, 0x42, 0x16, 0x14, 0x00, 0x42, 0x17, 0x15, 0x00,
    0x42, 0x18, 0x16, 0x00, 0x35, 0x00, 0x15, 0x00, 0x35, 0x00, 0x13, 0x00, 0x35, 0x00, 0x16, 0x00,
    0x35, 0x00, 0x11, 0x00, 0x35, 0x00, 0x17, 0x00, 0x35, 0x00, 0x10, 0x00, 0x42, 0x19, 0x17, 0x00,
    0x16, 0x1a, 0x15, 0x00, 0x35, 0x00, 0x18, 0x00, 0x35, 0x00, 0x16, 0x00, 0x35, 0x00, 0x15, 0x00,
    0x35, 0x00, 0x19, 0x00, 0x35, 0x01, 0x0e, 0x00, 0x35, 0x00, 0x10, 0x00, 0x42, 0x1b, 0x18, 0x00,
    0x35, 0x00, 0x11, 0x00, 0x35, 0x00, 0x10, 0x00, 0x35, 0x00, 0x13, 0x00, 0x35, 0x00, 0x05, 0x00,
    0x35, 0x00, 0x14, 0x00, 0x35, 0x00, 0x1a, 0x00, 0x16, 0x1c, 0x17, 0x00, 0x35, 0x01, 0x0d, 0x00,
    0x35, 0x01, 0x0c, 0x00, 0x35, 0x00, 0x13, 0x00, 0x35, 0x00, 0x1b, 0x00, 0x35, 0x00, 0x12, 0x00,
    0x16, 0x1d, 0x18, 0x00, 0x35, 0x01, 0x0d, 0x00, 0x35, 0x00, 0x1a, 0x00, 0x35, 0x00, 0x16, 0x00,
    0x35, 0x01, 0x0f, 0x00, 0x35, 0x00, 0x10, 0x00, 0x35, 0x01, 0x0c, 0x00, 0x35, 0x00, 0x12, 0x00,
    0x2c, 0x1e, 0x00, 0x00, 0x00, 0x00, 0x00, 0x00, 0x12, 0x1f, 0x00, 0x00, 0x42, 0x20, 0x19, 0x00,
    0x42, 0x21, 0x1a, 0x00, 0x35, 0x00, 0x20, 0x00, 0x42, 0x22, 0x1b, 0x00, 0x16, 0x23, 0x1c, 0x00,
    0x35, 0x00, 0x20, 0x00, 0x35, 0x00, 0x22, 0x00, 0x35, 0x00, 0x01, 0x00, 0x35, 0x00, 0x21, 0x00,
    0x35, 0x01, 0x1f, 0x00, 0x35, 0x00, 0x09, 0x00, 0x35, 0x01, 0x1e, 0x00, 0x16, 0x24, 0x1d, 0x00,
    0x35, 0x01, 0x1e, 0x00, 0x35, 0x01, 0x1f, 0x00, 0x35, 0x00, 0x0a, 0x00, 0x16, 0x25, 0x1e, 0x00,
    0x35, 0x01, 0x0c, 0x00, 0x35, 0x01, 0x0d, 0x00, 0x35, 0x01, 0x1e, 0x00, 0x35, 0x01, 0x1f, 0x00,
    0x35, 0x01, 0x0e, 0x00, 0x35, 0x01, 0x0f, 0x00, 0x35, 0x00, 0x0b, 0x00, 0x4f, 0x26, 0x23, 0x00,
    0x15, 0x25, 0x26, 0x21, 0x1c, 0x00, 0x00, 0x00, 0x15, 0x25, 0x26, 0x91, 0x1d, 0x00, 0x00, 0x00,
    0x15, 0x23, 0x26, 0x68, 0x1e, 0x00, 0x00, 0x00, 0x15, 0x24, 0x26, 0xf2, 0x1f, 0x00, 0x00, 0x00,
    0x15, 0x25, 0x26, 0x9f, 0x20, 0x00, 0x00, 0x00, 0x15, 0x1c, 0x26, 0xa7, 0x21, 0x00, 0x00, 0x00,
    0x15, 0x1d, 0x26, 0xb1, 0x22, 0x00, 0x00, 0x00, 0x39, 0x00, 0x00, 0x00, 0x29, 0x26, 0x02, 0x00,
    0x24, 0x06, 0x00, 0x06, 0x01, 0x06, 0x02, 0x06, 0x0c, 0x06, 0x0e, 0x06, 0x10, 0x06, 0x11, 0x06,
    0x12, 0x06, 0x14, 0x03, 0x80, 0x02, 0x03, 0x81, 0x02, 0x08, 0x01, 0x09, 0x0a, 0x00, 0x00, 0x00,
    0x01, 0x6d, 0x21, 0xb2, 0x87, 0x04, 0x00, 0x00, 0xc0, 0x40, 0x06, 0x16, 0x06, 0x17, 0x06, 0x1a,
    0x06, 0x1b, 0x06, 0x1f, 0x06, 0x20, 0x06, 0x21, 0x06, 0x22, 0x06, 0x33, 0x06, 0x34, 0x06, 0x4e,
    0x06, 0x54, 0x06, 0x56, 0x06, 0x57, 0x03, 0x82, 0x02, 0x03, 0x83, 0x02, 0x03, 0x25, 0x03, 0x84,
    0x02, 0x03, 0x85, 0x02, 0x03, 0x86, 0x02, 0x03, 0x87, 0x02, 0x05, 0x07, 0x1c, 0x1d, 0x1e, 0x1f,
    0x20, 0x21, 0x22, 0x1f, 0x00, 0x01, 0x02, 0x0c, 0x0e, 0x10, 0x11, 0x12, 0x13, 0x14, 0x15, 0x16,
    0x17, 0x1a, 0x1b, 0x1f, 0x20, 0x21, 0x22, 0x33, 0x34, 0x36, 0x4e, 0x51, 0x53, 0x54, 0x56, 0x57,
    0x5c, 0x5d, 0x5e, 0x00, 0x00, 0x00, 0x00, 0x5f,
};
inline constexpr unsigned char automatic_damage_runtime_bytecode_u44[]{
    0x09, 0x03, 0x87, 0x02, 0x06, 0x6e, 0x75, 0x6d, 0x62, 0x65, 0x72, 0x07, 0x62, 0x6f, 0x6f, 0x6c,
    0x65, 0x61, 0x6e, 0x06, 0x68, 0x65, 0x61, 0x6c, 0x74, 0x68, 0x08, 0x68, 0x65, 0x61, 0x6c, 0x74,
    0x68, 0x4f, 0x6b, 0x09, 0x6d, 0x61, 0x78, 0x48, 0x65, 0x61, 0x6c, 0x74, 0x68, 0x0b, 0x6d, 0x61,
    0x78, 0x48, 0x65, 0x61, 0x6c, 0x74, 0x68, 0x4f, 0x6b, 0x06, 0x73, 0x68, 0x69, 0x65, 0x6c, 0x64,
    0x08, 0x73, 0x68, 0x69, 0x65, 0x6c, 0x64, 0x4f, 0x6b, 0x09, 0x6d, 0x61, 0x78, 0x53, 0x68, 0x69,
    0x65, 0x6c, 0x64, 0x0b, 0x6d, 0x61, 0x78, 0x53, 0x68, 0x69, 0x65, 0x6c, 0x64, 0x4f, 0x6b, 0x09,
    0x6f, 0x76, 0x65, 0x72, 0x67, 0x75, 0x61, 0x72, 0x64, 0x0b, 0x6f, 0x76, 0x65, 0x72, 0x67, 0x75,
    0x61, 0x72, 0x64, 0x4f, 0x6b, 0x06, 0x61, 0x72, 0x6d, 0x6f, 0x75, 0x72, 0x08, 0x61, 0x72, 0x6d,
    0x6f, 0x75, 0x72, 0x4f, 0x6b, 0x06, 0x6b, 0x69, 0x6c, 0x6c, 0x65, 0x64, 0x08, 0x6b, 0x69, 0x6c,
    0x6c, 0x65, 0x64, 0x4f, 0x6b, 0x04, 0x64, 0x65, 0x61, 0x64, 0x06, 0x64, 0x65, 0x61, 0x64, 0x4f,
    0x6b, 0x0e, 0x72, 0x61, 0x67, 0x64, 0x6f, 0x6c, 0x6c, 0x50, 0x72, 0x65, 0x73, 0x65, 0x6e, 0x74,
    0x09, 0x72, 0x61, 0x67, 0x64, 0x6f, 0x6c, 0x6c, 0x4f, 0x6b, 0x01, 0x3a, 0x04, 0x6e, 0x6f, 0x6e,
    0x65, 0x01, 0x2c, 0x0e, 0x72, 0x61, 0x6e, 0x67, 0x65, 0x3d, 0x30, 0x2d, 0x31, 0x39, 0x3b, 0x6f,
    0x6b, 0x3d, 0x08, 0x3b, 0x66, 0x61, 0x69, 0x6c, 0x65, 0x64, 0x3d, 0x15, 0x3b, 0x6e, 0x6f, 0x6e,
    0x7a, 0x65, 0x72, 0x6f, 0x3d, 0x69, 0x6e, 0x64, 0x65, 0x78, 0x3a, 0x63, 0x6f, 0x75, 0x6e, 0x74,
    0x3d, 0x0b, 0x75, 0x6e, 0x61, 0x76, 0x61, 0x69, 0x6c, 0x61, 0x62, 0x6c, 0x65, 0x22, 0x3b, 0x6e,
    0x6f, 0x6e, 0x7a, 0x65, 0x72, 0x6f, 0x3d, 0x69, 0x6e, 0x64, 0x65, 0x78, 0x3a, 0x66, 0x72, 0x61,
    0x63, 0x74, 0x69, 0x6f, 0x6e, 0x3a, 0x72, 0x65, 0x71, 0x75, 0x65, 0x73, 0x74, 0x65, 0x64, 0x3d,
    0x05, 0x74, 0x61, 0x62, 0x6c, 0x65, 0x06, 0x74, 0x61, 0x72, 0x67, 0x65, 0x74, 0x0d, 0x64, 0x61,
    0x6d, 0x61, 0x67, 0x65, 0x43, 0x6f, 0x6e, 0x74, 0x72, 0x6f, 0x6c, 0x0a, 0x64, 0x61, 0x6d, 0x61,
    0x67, 0x65, 0x44, 0x61, 0x74, 0x61, 0x0c, 0x72, 0x65, 0x71, 0x75, 0x65, 0x73, 0x74, 0x65, 0x64,
    0x52, 0x61, 0x77, 0x02, 0x69, 0x64, 0x05, 0x74, 0x72, 0x61, 0x63, 0x65, 0x07, 0x63, 0x6f, 0x6e,
    0x74, 0x65, 0x78, 0x74, 0x06, 0x62, 0x65, 0x66, 0x6f, 0x72, 0x65, 0x0c, 0x73, 0x74, 0x61, 0x74,
    0x75, 0x73, 0x42, 0x65, 0x66, 0x6f, 0x72, 0x65, 0x0f, 0x42, 0x41, 0x54, 0x54, 0x4c, 0x45, 0x5f,
    0x54, 0x58, 0x5f, 0x42, 0x45, 0x47, 0x49, 0x4e, 0x05, 0x6c, 0x61, 0x62, 0x65, 0x6c, 0x09, 0x70,
    0x72, 0x6f, 0x74, 0x6f, 0x74, 0x79, 0x70, 0x65, 0x0b, 0x69, 0x6e, 0x73, 0x74, 0x72, 0x75, 0x63,
    0x74, 0x69, 0x6f, 0x6e, 0x06, 0x73, 0x6f, 0x75, 0x72, 0x63, 0x65, 0x0b, 0x73, 0x6f, 0x75, 0x72,
    0x63, 0x65, 0x4b, 0x6e, 0x6f, 0x77, 0x6e, 0x0d, 0x73, 0x6f, 0x75, 0x72, 0x63, 0x65, 0x41, 0x62,
    0x69, 0x6c, 0x69, 0x74, 0x79, 0x12, 0x73, 0x6f, 0x75, 0x72, 0x63, 0x65, 0x41, 0x62, 0x69, 0x6c,
    0x69, 0x74, 0x79, 0x4b, 0x6e, 0x6f, 0x77, 0x6e, 0x05, 0x62, 0x61, 0x74, 0x63, 0x68, 0x07, 0x62,
    0x61, 0x74, 0x63, 0x68, 0x49, 0x64, 0x0d, 0x74, 0x61, 0x72, 0x67, 0x65, 0x74, 0x4f, 0x72, 0x64,
    0x69, 0x6e, 0x61, 0x6c, 0x0c, 0x70, 0x65, 0x6e, 0x64, 0x69, 0x6e, 0x67, 0x44, 0x65, 0x70, 0x74,
    0x68, 0x0b, 0x63, 0x61, 0x6c, 0x63, 0x75, 0x6c, 0x61, 0x74, 0x69, 0x6f, 0x6e, 0x08, 0x6d, 0x6f,
    0x64, 0x69, 0x66, 0x69, 0x65, 0x72, 0x0c, 0x6d, 0x6f, 0x64, 0x69, 0x66, 0x69, 0x65, 0x72, 0x4e,
    0x61, 0x6d, 0x65, 0x0d, 0x6d, 0x6f, 0x64, 0x69, 0x66, 0x69, 0x65, 0x72, 0x56, 0x61, 0x6c, 0x75,
    0x65, 0x0d, 0x6d, 0x6f, 0x64, 0x69, 0x66, 0x69, 0x65, 0x72, 0x53, 0x63, 0x61, 0x6c, 0x65, 0x11,
    0x6d, 0x6f, 0x64, 0x69, 0x66, 0x69, 0x65, 0x72, 0x53, 0x63, 0x61, 0x6c, 0x65, 0x4e, 0x61, 0x6d,
    0x65, 0x12, 0x6d, 0x6f, 0x64, 0x69, 0x66, 0x69, 0x65, 0x72, 0x53, 0x63, 0x61, 0x6c, 0x65, 0x56,
    0x61, 0x6c, 0x75, 0x65, 0x0e, 0x62, 0x61, 0x73, 0x65, 0x4d, 0x75, 0x6c, 0x74, 0x69, 0x70, 0x6c,
    0x69, 0x65, 0x72, 0x0d, 0x62, 0x6f, 0x6e, 0x75, 0x73, 0x50, 0x65, 0x72, 0x53, 0x74, 0x61, 0x63,
    0x6b, 0x12, 0x42, 0x41, 0x54, 0x54, 0x4c, 0x45, 0x5f, 0x53, 0x54, 0x41, 0x54, 0x45, 0x5f, 0x42,
    0x45, 0x47, 0x49, 0x4e, 0x11, 0x42, 0x41, 0x54, 0x54, 0x4c, 0x45, 0x5f, 0x4c, 0x49, 0x46, 0x45,
    0x5f, 0x42, 0x45, 0x47, 0x49, 0x4e, 0x13, 0x42, 0x41, 0x54, 0x54, 0x4c, 0x45, 0x5f, 0x53, 0x54,
    0x41, 0x54, 0x55, 0x53, 0x5f, 0x42, 0x45, 0x47, 0x49, 0x4e, 0x13, 0x42, 0x41, 0x54, 0x54, 0x4c,
    0x45, 0x5f, 0x44, 0x41, 0x4d, 0x41, 0x47, 0x45, 0x5f, 0x49, 0x4e, 0x50, 0x55, 0x54, 0x08, 0x73,
    0x74, 0x6f, 0x63, 0x6b, 0x52, 0x61, 0x77, 0x0a, 0x6d, 0x75, 0x6c, 0x74, 0x69, 0x70, 0x6c, 0x69,
    0x65, 0x72, 0x0b, 0x6f, 0x62, 0x73, 0x65, 0x72, 0x76, 0x65, 0x64, 0x52, 0x61, 0x77, 0x0c, 0x69,
    0x6e, 0x73, 0x74, 0x61, 0x6c, 0x6c, 0x65, 0x64, 0x52, 0x61, 0x77, 0x10, 0x42, 0x41, 0x54, 0x54,
    0x4c, 0x45, 0x5f, 0x53, 0x54, 0x41, 0x54, 0x45, 0x5f, 0x45, 0x4e, 0x44, 0x0f, 0x76, 0x69, 0x73,
    0x69, 0x62, 0x6c, 0x65, 0x50, 0x6f, 0x6f, 0x6c, 0x4c, 0x6f, 0x73, 0x73, 0x0f, 0x42, 0x41, 0x54,
    0x54, 0x4c, 0x45, 0x5f, 0x4c, 0x49, 0x46, 0x45, 0x5f, 0x45, 0x4e, 0x44, 0x11, 0x42, 0x41, 0x54,
    0x54, 0x4c, 0x45, 0x5f, 0x53, 0x54, 0x41, 0x54, 0x55, 0x53, 0x5f, 0x45, 0x4e, 0x44, 0x0b, 0x42,
    0x41, 0x54, 0x54, 0x4c, 0x45, 0x5f, 0x4d, 0x41, 0x54, 0x48, 0x0b, 0x72, 0x65, 0x73, 0x74, 0x6f,
    0x72, 0x65, 0x64, 0x52, 0x61, 0x77, 0x0b, 0x72, 0x65, 0x70, 0x6f, 0x72, 0x74, 0x65, 0x64, 0x52,
    0x61, 0x77, 0x17, 0x76, 0x69, 0x73, 0x69, 0x62, 0x6c, 0x65, 0x50, 0x6f, 0x6f, 0x6c, 0x4c, 0x6f,
    0x73, 0x73, 0x43, 0x6f, 0x6d, 0x70, 0x6c, 0x65, 0x74, 0x65, 0x17, 0x72, 0x61, 0x77, 0x4d, 0x69,
    0x6e, 0x75, 0x73, 0x56, 0x69, 0x73, 0x69, 0x62, 0x6c, 0x65, 0x50, 0x6f, 0x6f, 0x6c, 0x4c, 0x6f,
    0x73, 0x73, 0x17, 0x76, 0x69, 0x73, 0x69, 0x62, 0x6c, 0x65, 0x54, 0x6f, 0x49, 0x6e, 0x73, 0x74,
    0x61, 0x6c, 0x6c, 0x65, 0x64, 0x52, 0x61, 0x74, 0x69, 0x6f, 0x07, 0x72, 0x65, 0x73, 0x75, 0x6c,
    0x74, 0x73, 0x04, 0x6e, 0x75, 0x6c, 0x6c, 0x04, 0x74, 0x72, 0x75, 0x65, 0x05, 0x66, 0x61, 0x6c,
    0x73, 0x65, 0x01, 0x5c, 0x02, 0x5c, 0x5c, 0x01, 0x22, 0x02, 0x5c, 0x22, 0x01, 0x0a, 0x02, 0x5c,
    0x6e, 0x01, 0x0d, 0x02, 0x5c, 0x72, 0x01, 0x09, 0x02, 0x5c, 0x74, 0x08, 0x66, 0x75, 0x6e, 0x63,
    0x74, 0x69, 0x6f, 0x6e, 0x06, 0x73, 0x74, 0x72, 0x69, 0x6e, 0x67, 0x02, 0x25, 0x63, 0x01, 0x7b,
    0x01, 0x7d, 0x3e, 0x7b, 0x22, 0x61, 0x76, 0x61, 0x69, 0x6c, 0x61, 0x62, 0x6c, 0x65, 0x22, 0x3a,
    0x66, 0x61, 0x6c, 0x73, 0x65, 0x2c, 0x22, 0x72, 0x65, 0x61, 0x73, 0x6f, 0x6e, 0x22, 0x3a, 0x22,
    0x67, 0x65, 0x74, 0x74, 0x65, 0x72, 0x2d, 0x75, 0x6e, 0x61, 0x76, 0x61, 0x69, 0x6c, 0x61, 0x62,
    0x6c, 0x65, 0x2d, 0x6f, 0x72, 0x2d, 0x6e, 0x6f, 0x74, 0x2d, 0x74, 0x61, 0x62, 0x6c, 0x65, 0x22,
    0x7d, 0x37, 0x7b, 0x22, 0x61, 0x76, 0x61, 0x69, 0x6c, 0x61, 0x62, 0x6c, 0x65, 0x22, 0x3a, 0x74,
    0x72, 0x75, 0x65, 0x2c, 0x22, 0x6f, 0x72, 0x69, 0x67, 0x69, 0x6e, 0x22, 0x3a, 0x22, 0x41, 0x76,
    0x61, 0x74, 0x61, 0x72, 0x2e, 0x47, 0x65, 0x74, 0x53, 0x63, 0x72, 0x69, 0x70, 0x74, 0x42, 0x6c,
    0x61, 0x63, 0x6b, 0x62, 0x6f, 0x61, 0x72, 0x64, 0x22, 0x3f, 0x2c, 0x22, 0x53, 0x63, 0x6f, 0x70,
    0x65, 0x22, 0x3a, 0x22, 0x73, 0x63, 0x72, 0x69, 0x70, 0x74, 0x2d, 0x73, 0x74, 0x61, 0x74, 0x65,
    0x2d, 0x6e, 0x75, 0x6d, 0x65, 0x72, 0x69, 0x63, 0x2d, 0x61, 0x6e, 0x64, 0x2d, 0x62, 0x6f, 0x6f,
    0x6c, 0x65, 0x61, 0x6e, 0x2d, 0x66, 0x69, 0x65, 0x6c, 0x64, 0x73, 0x2d, 0x6f, 0x6e, 0x6c, 0x79,
    0x22, 0x2c, 0x22, 0x44, 0x61, 0x74, 0x61, 0x22, 0x3a, 0x0d, 0x2c, 0x22, 0x54, 0x72, 0x75, 0x6e,
    0x63, 0x61, 0x74, 0x65, 0x64, 0x22, 0x3a, 0x0b, 0x2c, 0x22, 0x4f, 0x6d, 0x69, 0x74, 0x74, 0x65,
    0x64, 0x22, 0x3a, 0x0b, 0x61, 0x62, 0x69, 0x6c, 0x69, 0x74, 0x79, 0x54, 0x79, 0x70, 0x65, 0x08,
    0x62, 0x75, 0x66, 0x66, 0x54, 0x79, 0x70, 0x65, 0x08, 0x62, 0x75, 0x66, 0x66, 0x44, 0x61, 0x74,
    0x61, 0x0d, 0x62, 0x75, 0x66, 0x66, 0x44, 0x61, 0x74, 0x61, 0x45, 0x78, 0x74, 0x72, 0x61, 0x0a,
    0x69, 0x6e, 0x73, 0x74, 0x69, 0x67, 0x61, 0x74, 0x6f, 0x72, 0x0b, 0x61, 0x75, 0x67, 0x6d, 0x65,
    0x6e, 0x74, 0x54, 0x79, 0x70, 0x65, 0x07, 0x61, 0x64, 0x64, 0x42, 0x75, 0x66, 0x66, 0x08, 0x69,
    0x73, 0x44, 0x65, 0x62, 0x75, 0x66, 0x66, 0x0e, 0x65, 0x66, 0x66, 0x65, 0x63, 0x74, 0x49, 0x73,
    0x50, 0x61, 0x75, 0x73, 0x65, 0x64, 0x08, 0x74, 0x69, 0x6e, 0x74, 0x49, 0x63, 0x6f, 0x6e, 0x08,
    0x61, 0x66, 0x66, 0x65, 0x63, 0x74, 0x65, 0x64, 0x07, 0x4f, 0x72, 0x64, 0x69, 0x6e, 0x61, 0x6c,
    0x0b, 0x41, 0x62, 0x69, 0x6c, 0x69, 0x74, 0x79, 0x54, 0x79, 0x70, 0x65, 0x13, 0x41, 0x62, 0x69,
    0x6c, 0x69, 0x74, 0x79, 0x54, 0x79, 0x70, 0x65, 0x49, 0x64, 0x65, 0x6e, 0x74, 0x69, 0x74, 0x79,
    0x07, 0x4e, 0x61, 0x6d, 0x65, 0x54, 0x61, 0x67, 0x0d, 0x4e, 0x61, 0x6d, 0x65, 0x41, 0x76, 0x61,
    0x69, 0x6c, 0x61, 0x62, 0x6c, 0x65, 0x0a, 0x49, 0x6e, 0x73, 0x74, 0x69, 0x67, 0x61, 0x74, 0x6f,
    0x72, 0x0b, 0x41, 0x75, 0x67, 0x6d, 0x65, 0x6e, 0x74, 0x54, 0x79, 0x70, 0x65, 0x08, 0x42, 0x75,
    0x66, 0x66, 0x54, 0x79, 0x70, 0x65, 0x08, 0x42, 0x75, 0x66, 0x66, 0x44, 0x61, 0x74, 0x61, 0x0d,
    0x42, 0x75, 0x66, 0x66, 0x44, 0x61, 0x74, 0x61, 0x45, 0x78, 0x74, 0x72, 0x61, 0x07, 0x41, 0x64,
    0x64, 0x42, 0x75, 0x66, 0x66, 0x08, 0x49, 0x73, 0x44, 0x65, 0x62, 0x75, 0x66, 0x66, 0x0e, 0x45,
    0x66, 0x66, 0x65, 0x63, 0x74, 0x49, 0x73, 0x50, 0x61, 0x75, 0x73, 0x65, 0x64, 0x08, 0x54, 0x69,
    0x6e, 0x74, 0x49, 0x63, 0x6f, 0x6e, 0x0b, 0x49, 0x73, 0x54, 0x69, 0x6d, 0x65, 0x72, 0x42, 0x75,
    0x66, 0x66, 0x0a, 0x48, 0x75, 0x64, 0x50, 0x65, 0x72, 0x63, 0x65, 0x6e, 0x74, 0x0f, 0x48, 0x75,
    0x64, 0x4e, 0x75, 0x6d, 0x65, 0x72, 0x69, 0x63, 0x56, 0x61, 0x6c, 0x75, 0x65, 0x0d, 0x48, 0x75,
    0x64, 0x4d, 0x75, 0x6c, 0x74, 0x69, 0x70, 0x6c, 0x69, 0x65, 0x72, 0x0c, 0x54, 0x69, 0x6d, 0x65,
    0x72, 0x53, 0x65, 0x63, 0x6f, 0x6e, 0x64, 0x73, 0x0d, 0x54, 0x69, 0x6d, 0x65, 0x72, 0x49, 0x6e,
    0x66, 0x69, 0x6e, 0x69, 0x74, 0x65, 0x0a, 0x53, 0x74, 0x61, 0x63, 0x6b, 0x43, 0x6f, 0x75, 0x6e,
    0x74, 0x10, 0x53, 0x74, 0x61, 0x63, 0x6b, 0x43, 0x6f, 0x75, 0x6e, 0x74, 0x52, 0x65, 0x61, 0x73,
    0x6f, 0x6e, 0x2b, 0x48, 0x55, 0x44, 0x2d, 0x63, 0x6f, 0x75, 0x6e, 0x74, 0x2d, 0x69, 0x73, 0x2d,
    0x6e, 0x6f, 0x74, 0x2d, 0x70, 0x72, 0x6f, 0x76, 0x65, 0x6e, 0x2d, 0x75, 0x70, 0x67, 0x72, 0x61,
    0x64, 0x65, 0x2d, 0x73, 0x74, 0x61, 0x63, 0x6b, 0x2d, 0x63, 0x6f, 0x75, 0x6e, 0x74, 0x0c, 0x22,
    0x41, 0x66, 0x66, 0x65, 0x63, 0x74, 0x65, 0x64, 0x22, 0x3a, 0x5b, 0x01, 0x5d, 0x11, 0x41, 0x66,
    0x66, 0x65, 0x63, 0x74, 0x65, 0x64, 0x41, 0x76, 0x61, 0x69, 0x6c, 0x61, 0x62, 0x6c, 0x65, 0x11,
    0x41, 0x66, 0x66, 0x65, 0x63, 0x74, 0x65, 0x64, 0x54, 0x72, 0x75, 0x6e, 0x63, 0x61, 0x74, 0x65,
    0x64, 0x16, 0x65, 0x72, 0x72, 0x6f, 0x72, 0x2d, 0x74, 0x65, 0x78, 0x74, 0x2d, 0x75, 0x6e, 0x61,
    0x76, 0x61, 0x69, 0x6c, 0x61, 0x62, 0x6c, 0x65, 0x01, 0x20, 0x03, 0x6e, 0x69, 0x6c, 0x0d, 0x67,
    0x65, 0x74, 0x74, 0x65, 0x72, 0x2d, 0x66, 0x61, 0x69, 0x6c, 0x65, 0x64, 0x17, 0x75, 0x6e, 0x73,
    0x75, 0x70, 0x70, 0x6f, 0x72, 0x74, 0x65, 0x64, 0x2d, 0x72, 0x65, 0x74, 0x75, 0x72, 0x6e, 0x2d,
    0x74, 0x79, 0x70, 0x65, 0x01, 0x1e, 0x01, 0x1f, 0x17, 0x7b, 0x22, 0x53, 0x63, 0x68, 0x65, 0x6d,
    0x61, 0x22, 0x3a, 0x31, 0x2c, 0x22, 0x53, 0x6e, 0x61, 0x70, 0x73, 0x68, 0x6f, 0x74, 0x22, 0x3a,
    0x2e, 0x2c, 0x22, 0x4d, 0x65, 0x74, 0x68, 0x6f, 0x64, 0x22, 0x3a, 0x22, 0x47, 0x65, 0x74, 0x42,
    0x75, 0x66, 0x66, 0x4e, 0x6f, 0x74, 0x69, 0x66, 0x69, 0x63, 0x61, 0x74, 0x69, 0x6f, 0x6e, 0x73,
    0x22, 0x2c, 0x22, 0x4f, 0x62, 0x73, 0x65, 0x72, 0x76, 0x65, 0x64, 0x41, 0x74, 0x22, 0x3a, 0x0c,
    0x2c, 0x22, 0x52, 0x65, 0x63, 0x65, 0x69, 0x76, 0x65, 0x72, 0x22, 0x3a, 0x10, 0x2c, 0x22, 0x52,
    0x65, 0x63, 0x65, 0x69, 0x76, 0x65, 0x72, 0x54, 0x79, 0x70, 0x65, 0x22, 0x3a, 0x0d, 0x2c, 0x22,
    0x41, 0x76, 0x61, 0x69, 0x6c, 0x61, 0x62, 0x6c, 0x65, 0x22, 0x3a, 0x0a, 0x2c, 0x22, 0x52, 0x65,
    0x61, 0x73, 0x6f, 0x6e, 0x22, 0x3a, 0x13, 0x2c, 0x22, 0x47, 0x65, 0x74, 0x74, 0x65, 0x72, 0x53,
    0x75, 0x63, 0x63, 0x65, 0x65, 0x64, 0x65, 0x64, 0x22, 0x3a, 0x0e, 0x2c, 0x22, 0x52, 0x65, 0x74,
    0x75, 0x72, 0x6e, 0x54, 0x79, 0x70, 0x65, 0x22, 0x3a, 0x0f, 0x2c, 0x22, 0x47, 0x65, 0x74, 0x74,
    0x65, 0x72, 0x45, 0x72, 0x72, 0x6f, 0x72, 0x22, 0x3a, 0x13, 0x2c, 0x22, 0x45, 0x6d, 0x70, 0x74,
    0x79, 0x4e, 0x61, 0x74, 0x69, 0x76, 0x65, 0x4c, 0x69, 0x73, 0x74, 0x22, 0x3a, 0x0f, 0x2c, 0x22,
    0x4e, 0x61, 0x74, 0x69, 0x76, 0x65, 0x43, 0x6f, 0x75, 0x6e, 0x74, 0x22, 0x3a, 0x11, 0x2c, 0x22,
    0x43, 0x61, 0x70, 0x74, 0x75, 0x72, 0x65, 0x64, 0x43, 0x6f, 0x75, 0x6e, 0x74, 0x22, 0x3a, 0x09,
    0x2c, 0x22, 0x43, 0x68, 0x75, 0x6e, 0x6b, 0x22, 0x3a, 0x0a, 0x2c, 0x22, 0x43, 0x68, 0x75, 0x6e,
    0x6b, 0x73, 0x22, 0x3a, 0x2c, 0x2c, 0x22, 0x43, 0x6f, 0x6d, 0x70, 0x6c, 0x65, 0x74, 0x65, 0x43,
    0x6f, 0x6e, 0x74, 0x72, 0x69, 0x62, 0x75, 0x74, 0x6f, 0x72, 0x4c, 0x69, 0x73, 0x74, 0x22, 0x3a,
    0x66, 0x61, 0x6c, 0x73, 0x65, 0x2c, 0x22, 0x52, 0x65, 0x63, 0x6f, 0x72, 0x64, 0x73, 0x22, 0x3a,
    0x5b, 0x02, 0x5d, 0x7d, 0x09, 0x42, 0x55, 0x46, 0x46, 0x5f, 0x4c, 0x49, 0x53, 0x54, 0x0a, 0x3a,
    0x7b, 0x22, 0x76, 0x61, 0x6c, 0x75, 0x65, 0x22, 0x3a, 0x0d, 0x2c, 0x22, 0x61, 0x76, 0x61, 0x69,
    0x6c, 0x61, 0x62, 0x6c, 0x65, 0x22, 0x3a, 0x0a, 0x2c, 0x22, 0x6f, 0x72, 0x69, 0x67, 0x69, 0x6e,
    0x22, 0x3a, 0x0a, 0x2c, 0x22, 0x72, 0x65, 0x61, 0x73, 0x6f, 0x6e, 0x22, 0x3a, 0x1c, 0x67, 0x65,
    0x74, 0x74, 0x65, 0x72, 0x2d, 0x75, 0x6e, 0x61, 0x76, 0x61, 0x69, 0x6c, 0x61, 0x62, 0x6c, 0x65,
    0x2d, 0x6f, 0x72, 0x2d, 0x66, 0x61, 0x69, 0x6c, 0x65, 0x64, 0x01, 0x78, 0x01, 0x79, 0x01, 0x7a,
    0x10, 0x41, 0x76, 0x61, 0x74, 0x61, 0x72, 0x2e, 0x47, 0x65, 0x74, 0x48, 0x65, 0x61, 0x6c, 0x74,
    0x68, 0x13, 0x41, 0x76, 0x61, 0x74, 0x61, 0x72, 0x2e, 0x47, 0x65, 0x74, 0x4d, 0x61, 0x78, 0x48,
    0x65, 0x61, 0x6c, 0x74, 0x68, 0x17, 0x44, 0x61, 0x6d, 0x61, 0x67, 0x65, 0x43, 0x6f, 0x6e, 0x74,
    0x72, 0x6f, 0x6c, 0x2e, 0x47, 0x65, 0x74, 0x53, 0x68, 0x69, 0x65, 0x6c, 0x64, 0x1a, 0x44, 0x61,
    0x6d, 0x61, 0x67, 0x65, 0x43, 0x6f, 0x6e, 0x74, 0x72, 0x6f, 0x6c, 0x2e, 0x47, 0x65, 0x74, 0x4d,
    0x61, 0x78, 0x53, 0x68, 0x69, 0x65, 0x6c, 0x64, 0x20, 0x44, 0x61, 0x6d, 0x61, 0x67, 0x65, 0x43,
    0x6f, 0x6e, 0x74, 0x72, 0x6f, 0x6c, 0x2e, 0x47, 0x65, 0x74, 0x4f, 0x76, 0x65, 0x72, 0x67, 0x75,
    0x61, 0x72, 0x64, 0x41, 0x6d, 0x6f, 0x75, 0x6e, 0x74, 0x05, 0x61, 0x72, 0x6d, 0x6f, 0x72, 0x1d,
    0x44, 0x61, 0x6d, 0x61, 0x67, 0x65, 0x43, 0x6f, 0x6e, 0x74, 0x72, 0x6f, 0x6c, 0x2e, 0x47, 0x65,
    0x74, 0x41, 0x72, 0x6d, 0x6f, 0x75, 0x72, 0x52, 0x61, 0x74, 0x69, 0x6e, 0x67, 0x06, 0x65, 0x6e,
    0x65, 0x72, 0x67, 0x79, 0x16, 0x50, 0x6f, 0x77, 0x65, 0x72, 0x53, 0x75, 0x69, 0x74, 0x2e, 0x47,
    0x65, 0x74, 0x43, 0x75, 0x72, 0x45, 0x6e, 0x65, 0x72, 0x67, 0x79, 0x09, 0x6d, 0x61, 0x78, 0x45,
    0x6e, 0x65, 0x72, 0x67, 0x79, 0x16, 0x50, 0x6f, 0x77, 0x65, 0x72, 0x53, 0x75, 0x69, 0x74, 0x2e,
    0x47, 0x65, 0x74, 0x4d, 0x61, 0x78, 0x45, 0x6e, 0x65, 0x72, 0x67, 0x79, 0x08, 0x73, 0x74, 0x72,
    0x65, 0x6e, 0x67, 0x74, 0x68, 0x3f, 0x49, 0x6e, 0x76, 0x65, 0x6e, 0x74, 0x6f, 0x72, 0x79, 0x43,
    0x6f, 0x6e, 0x74, 0x72, 0x6f, 0x6c, 0x2e, 0x4d, 0x6f, 0x64, 0x69, 0x66, 0x79, 0x56, 0x61, 0x6c,
    0x75, 0x65, 0x28, 0x75, 0x6e, 0x69, 0x74, 0x3d, 0x31, 0x2c, 0x6f, 0x70, 0x65, 0x72, 0x61, 0x74,
    0x69, 0x6f, 0x6e, 0x3d, 0x31, 0x30, 0x2c, 0x73, 0x75, 0x69, 0x74, 0x54, 0x79, 0x70, 0x65, 0x2c,
    0x73, 0x75, 0x69, 0x74, 0x29, 0x05, 0x72, 0x61, 0x6e, 0x67, 0x65, 0x4a, 0x49, 0x6e, 0x76, 0x65,
    0x6e, 0x74, 0x6f, 0x72, 0x79, 0x43, 0x6f, 0x6e, 0x74, 0x72, 0x6f, 0x6c, 0x2e, 0x47, 0x65, 0x74,
    0x55, 0x70, 0x67, 0x72, 0x61, 0x64, 0x65, 0x4d, 0x6f, 0x64, 0x69, 0x66, 0x69, 0x65, 0x64, 0x56,
    0x61, 0x6c, 0x75, 0x65, 0x28, 0x75, 0x6e, 0x69, 0x74, 0x3d, 0x31, 0x2c, 0x6f, 0x70, 0x65, 0x72,
    0x61, 0x74, 0x69, 0x6f, 0x6e, 0x3d, 0x39, 0x2c, 0x73, 0x75, 0x69, 0x74, 0x54, 0x79, 0x70, 0x65,
    0x2c, 0x73, 0x75, 0x69, 0x74, 0x29, 0x08, 0x64, 0x75, 0x72, 0x61, 0x74, 0x69, 0x6f, 0x6e, 0x4a,
    0x49, 0x6e, 0x76, 0x65, 0x6e, 0x74, 0x6f, 0x72, 0x79, 0x43, 0x6f, 0x6e, 0x74, 0x72, 0x6f, 0x6c,
    0x2e, 0x47, 0x65, 0x74, 0x55, 0x70, 0x67, 0x72, 0x61, 0x64, 0x65, 0x4d, 0x6f, 0x64, 0x69, 0x66,
    0x69, 0x65, 0x64, 0x56, 0x61, 0x6c, 0x75, 0x65, 0x28, 0x75, 0x6e, 0x69, 0x74, 0x3d, 0x31, 0x2c,
    0x6f, 0x70, 0x65, 0x72, 0x61, 0x74, 0x69, 0x6f, 0x6e, 0x3d, 0x33, 0x2c, 0x73, 0x75, 0x69, 0x74,
    0x54, 0x79, 0x70, 0x65, 0x2c, 0x73, 0x75, 0x69, 0x74, 0x29, 0x17, 0x65, 0x66, 0x66, 0x69, 0x63,
    0x69, 0x65, 0x6e, 0x63, 0x79, 0x55, 0x70, 0x67, 0x72, 0x61, 0x64, 0x65, 0x46, 0x61, 0x63, 0x74,
    0x6f, 0x72, 0x4a, 0x49, 0x6e, 0x76, 0x65, 0x6e, 0x74, 0x6f, 0x72, 0x79, 0x43, 0x6f, 0x6e, 0x74,
    0x72, 0x6f, 0x6c, 0x2e, 0x47, 0x65, 0x74, 0x55, 0x70, 0x67, 0x72, 0x61, 0x64, 0x65, 0x4d, 0x6f,
    0x64, 0x69, 0x66, 0x69, 0x65, 0x64, 0x56, 0x61, 0x6c, 0x75, 0x65, 0x28, 0x75, 0x6e, 0x69, 0x74,
    0x3d, 0x31, 0x2c, 0x6f, 0x70, 0x65, 0x72, 0x61, 0x74, 0x69, 0x6f, 0x6e, 0x3d, 0x34, 0x2c, 0x73,
    0x75, 0x69, 0x74, 0x54, 0x79, 0x70, 0x65, 0x2c, 0x73, 0x75, 0x69, 0x74, 0x29, 0x11, 0x65, 0x66,
    0x66, 0x69, 0x63, 0x69, 0x65, 0x6e, 0x63, 0x79, 0x50, 0x65, 0x72, 0x63, 0x65, 0x6e, 0x74, 0x44,
    0x31, 0x30, 0x30, 0x20, 0x2a, 0x20, 0x6f, 0x62, 0x73, 0x65, 0x72, 0x76, 0x65, 0x64, 0x20, 0x65,
    0x66, 0x66, 0x69, 0x63, 0x69, 0x65, 0x6e, 0x63, 0x79, 0x55, 0x70, 0x67, 0x72, 0x61, 0x64, 0x65,
    0x46, 0x61, 0x63, 0x74, 0x6f, 0x72, 0x3b, 0x20, 0x75, 0x6e, 0x63, 0x6c, 0x61, 0x6d, 0x70, 0x65,
    0x64, 0x20, 0x75, 0x70, 0x67, 0x72, 0x61, 0x64, 0x65, 0x20, 0x70, 0x65, 0x72, 0x63, 0x65, 0x6e,
    0x74, 0x61, 0x67, 0x65, 0x09, 0x76, 0x65, 0x6c, 0x6f, 0x63, 0x69, 0x74, 0x79, 0x58, 0x14, 0x41,
    0x76, 0x61, 0x74, 0x61, 0x72, 0x2e, 0x47, 0x65, 0x74, 0x56, 0x65, 0x6c, 0x6f, 0x63, 0x69, 0x74,
    0x79, 0x2e, 0x78, 0x09, 0x76, 0x65, 0x6c, 0x6f, 0x63, 0x69, 0x74, 0x79, 0x59, 0x14, 0x41, 0x76,
    0x61, 0x74, 0x61, 0x72, 0x2e, 0x47, 0x65, 0x74, 0x56, 0x65, 0x6c, 0x6f, 0x63, 0x69, 0x74, 0x79,
    0x2e, 0x79, 0x09, 0x76, 0x65, 0x6c, 0x6f, 0x63, 0x69, 0x74, 0x79, 0x5a, 0x14, 0x41, 0x76, 0x61,
    0x74, 0x61, 0x72, 0x2e, 0x47, 0x65, 0x74, 0x56, 0x65, 0x6c, 0x6f, 0x63, 0x69, 0x74, 0x79, 0x2e,
    0x7a, 0x0a, 0x2c, 0x22, 0x4d, 0x65, 0x74, 0x68, 0x6f, 0x64, 0x22, 0x3a, 0x0a, 0x2c, 0x22, 0x43,
    0x61, 0x73, 0x74, 0x65, 0x72, 0x22, 0x3a, 0x0f, 0x2c, 0x22, 0x43, 0x61, 0x73, 0x74, 0x65, 0x72,
    0x4b, 0x6e, 0x6f, 0x77, 0x6e, 0x22, 0x3a, 0x0c, 0x2c, 0x22, 0x53, 0x75, 0x69, 0x74, 0x54, 0x79,
    0x70, 0x65, 0x22, 0x3a, 0x1c, 0x2c, 0x22, 0x53, 0x6f, 0x75, 0x72, 0x63, 0x65, 0x41, 0x73, 0x73,
    0x69, 0x67, 0x6e, 0x6d, 0x65, 0x6e, 0x74, 0x53, 0x6e, 0x61, 0x70, 0x73, 0x68, 0x6f, 0x74, 0x22,
    0x3a, 0x39, 0x2c, 0x22, 0x53, 0x74, 0x61, 0x67, 0x65, 0x22, 0x3a, 0x22, 0x64, 0x69, 0x73, 0x70,
    0x61, 0x74, 0x63, 0x68, 0x2d, 0x6f, 0x72, 0x2d, 0x63, 0x61, 0x6c, 0x63, 0x75, 0x6c, 0x61, 0x74,
    0x69, 0x6f, 0x6e, 0x22, 0x2c, 0x22, 0x49, 0x73, 0x43, 0x61, 0x73, 0x74, 0x53, 0x6e, 0x61, 0x70,
    0x73, 0x68, 0x6f, 0x74, 0x22, 0x3a, 0x66, 0x61, 0x6c, 0x73, 0x65, 0x52, 0x2c, 0x22, 0x42, 0x61,
    0x73, 0x65, 0x22, 0x3a, 0x7b, 0x22, 0x61, 0x76, 0x61, 0x69, 0x6c, 0x61, 0x62, 0x6c, 0x65, 0x22,
    0x3a, 0x66, 0x61, 0x6c, 0x73, 0x65, 0x2c, 0x22, 0x72, 0x65, 0x61, 0x73, 0x6f, 0x6e, 0x22, 0x3a,
    0x22, 0x72, 0x61, 0x6e, 0x6b, 0x2d, 0x61, 0x77, 0x61, 0x72, 0x65, 0x2d, 0x75, 0x6e, 0x6d, 0x6f,
    0x64, 0x69, 0x66, 0x69, 0x65, 0x64, 0x2d, 0x62, 0x61, 0x73, 0x65, 0x6c, 0x69, 0x6e, 0x65, 0x2d,
    0x6e, 0x6f, 0x74, 0x2d, 0x76, 0x65, 0x72, 0x69, 0x66, 0x69, 0x65, 0x64, 0x22, 0x7d, 0x64, 0x2c,
    0x22, 0x4c, 0x6f, 0x61, 0x64, 0x6f, 0x75, 0x74, 0x22, 0x3a, 0x7b, 0x22, 0x61, 0x76, 0x61, 0x69,
    0x6c, 0x61, 0x62, 0x6c, 0x65, 0x22, 0x3a, 0x66, 0x61, 0x6c, 0x73, 0x65, 0x2c, 0x22, 0x72, 0x65,
    0x61, 0x73, 0x6f, 0x6e, 0x22, 0x3a, 0x22, 0x70, 0x65, 0x72, 0x6d, 0x61, 0x6e, 0x65, 0x6e, 0x74,
    0x2d, 0x76, 0x65, 0x72, 0x73, 0x75, 0x73, 0x2d, 0x74, 0x65, 0x6d, 0x70, 0x6f, 0x72, 0x61, 0x72,
    0x79, 0x2d, 0x75, 0x70, 0x67, 0x72, 0x61, 0x64, 0x65, 0x2d, 0x73, 0x65, 0x70, 0x61, 0x72, 0x61,
    0x74, 0x69, 0x6f, 0x6e, 0x2d, 0x6e, 0x6f, 0x74, 0x2d, 0x76, 0x65, 0x72, 0x69, 0x66, 0x69, 0x65,
    0x64, 0x22, 0x7d, 0x6d, 0x2c, 0x22, 0x43, 0x6f, 0x6e, 0x74, 0x72, 0x69, 0x62, 0x75, 0x74, 0x6f,
    0x72, 0x42, 0x72, 0x65, 0x61, 0x6b, 0x64, 0x6f, 0x77, 0x6e, 0x22, 0x3a, 0x7b, 0x22, 0x61, 0x76,
    0x61, 0x69, 0x6c, 0x61, 0x62, 0x6c, 0x65, 0x22, 0x3a, 0x66, 0x61, 0x6c, 0x73, 0x65, 0x2c, 0x22,
    0x72, 0x65, 0x61, 0x73, 0x6f, 0x6e, 0x22, 0x3a, 0x22, 0x69, 0x6e, 0x64, 0x69, 0x76, 0x69, 0x64,
    0x75, 0x61, 0x6c, 0x2d, 0x6d, 0x6f, 0x64, 0x2d, 0x73, 0x68, 0x61, 0x72, 0x64, 0x2d, 0x61, 0x6e,
    0x64, 0x2d, 0x62, 0x75, 0x66, 0x66, 0x2d, 0x61, 0x74, 0x74, 0x72, 0x69, 0x62, 0x75, 0x74, 0x69,
    0x6f, 0x6e, 0x2d, 0x6e, 0x6f, 0x74, 0x2d, 0x76, 0x65, 0x72, 0x69, 0x66, 0x69, 0x65, 0x64, 0x22,
    0x7d, 0x14, 0x2c, 0x22, 0x53, 0x63, 0x72, 0x69, 0x70, 0x74, 0x42, 0x6c, 0x61, 0x63, 0x6b, 0x62,
    0x6f, 0x61, 0x72, 0x64, 0x22, 0x3a, 0x09, 0x2c, 0x22, 0x4c, 0x69, 0x76, 0x65, 0x22, 0x3a, 0x7b,
    0x12, 0x7d, 0x2c, 0x22, 0x53, 0x74, 0x61, 0x74, 0x75, 0x73, 0x50, 0x72, 0x6f, 0x66, 0x69, 0x6c,
    0x65, 0x22, 0x3a, 0x0c, 0x43, 0x41, 0x53, 0x54, 0x45, 0x52, 0x5f, 0x53, 0x54, 0x41, 0x54, 0x53,
    0x16, 0x63, 0x61, 0x73, 0x74, 0x65, 0x72, 0x2d, 0x63, 0x6f, 0x6d, 0x62, 0x61, 0x74, 0x2d, 0x62,
    0x6f, 0x75, 0x6e, 0x64, 0x61, 0x72, 0x79, 0x14, 0x47, 0x65, 0x74, 0x42, 0x75, 0x66, 0x66, 0x4e,
    0x6f, 0x74, 0x69, 0x66, 0x69, 0x63, 0x61, 0x74, 0x69, 0x6f, 0x6e, 0x73, 0x0c, 0x47, 0x65, 0x74,
    0x48, 0x75, 0x64, 0x53, 0x74, 0x61, 0x74, 0x75, 0x73, 0x06, 0x6d, 0x65, 0x74, 0x68, 0x6f, 0x64,
    0x08, 0x72, 0x65, 0x63, 0x65, 0x69, 0x76, 0x65, 0x72, 0x09, 0x53, 0x65, 0x74, 0x53, 0x6f, 0x75,
    0x72, 0x63, 0x65, 0x08, 0x44, 0x61, 0x6d, 0x61, 0x67, 0x65, 0x44, 0x44, 0x0c, 0x52, 0x61, 0x64,
    0x69, 0x61, 0x6c, 0x44, 0x61, 0x6d, 0x61, 0x67, 0x65, 0x06, 0x63, 0x61, 0x73, 0x74, 0x65, 0x72,
    0x0a, 0x61, 0x73, 0x73, 0x69, 0x67, 0x6e, 0x6d, 0x65, 0x6e, 0x74, 0x0b, 0x4d, 0x6f, 0x64, 0x69,
    0x66, 0x79, 0x56, 0x61, 0x6c, 0x75, 0x65, 0x17, 0x47, 0x65, 0x74, 0x55, 0x70, 0x67, 0x72, 0x61,
    0x64, 0x65, 0x4d, 0x6f, 0x64, 0x69, 0x66, 0x69, 0x65, 0x64, 0x56, 0x61, 0x6c, 0x75, 0x65, 0x06,
    0x70, 0x61, 0x63, 0x6b, 0x65, 0x74, 0x0b, 0x62, 0x65, 0x66, 0x6f, 0x72, 0x65, 0x56, 0x61, 0x6c,
    0x75, 0x65, 0x09, 0x6f, 0x70, 0x65, 0x72, 0x61, 0x74, 0x69, 0x6f, 0x6e, 0x0b, 0x76, 0x61, 0x6c,
    0x75, 0x65, 0x4f, 0x62, 0x6a, 0x65, 0x63, 0x74, 0x1a, 0x73, 0x74, 0x6f, 0x63, 0x6b, 0x2d, 0x6e,
    0x61, 0x74, 0x69, 0x76, 0x65, 0x2d, 0x67, 0x65, 0x74, 0x74, 0x65, 0x72, 0x2d, 0x72, 0x65, 0x74,
    0x75, 0x72, 0x6e, 0x24, 0x2c, 0x22, 0x4d, 0x65, 0x74, 0x68, 0x6f, 0x64, 0x22, 0x3a, 0x22, 0x47,
    0x65, 0x74, 0x48, 0x75, 0x64, 0x53, 0x74, 0x61, 0x74, 0x75, 0x73, 0x22, 0x2c, 0x22, 0x52, 0x65,
    0x63, 0x65, 0x69, 0x76, 0x65, 0x72, 0x22, 0x3a, 0x3f, 0x2c, 0x22, 0x4f, 0x62, 0x73, 0x65, 0x72,
    0x76, 0x65, 0x64, 0x41, 0x74, 0x22, 0x3a, 0x22, 0x73, 0x74, 0x6f, 0x63, 0x6b, 0x2d, 0x68, 0x75,
    0x64, 0x2d, 0x6f, 0x77, 0x6e, 0x65, 0x72, 0x2d, 0x67, 0x65, 0x74, 0x74, 0x65, 0x72, 0x2d, 0x72,
    0x65, 0x74, 0x75, 0x72, 0x6e, 0x22, 0x2c, 0x22, 0x4f, 0x77, 0x6e, 0x65, 0x72, 0x41, 0x76, 0x61,
    0x69, 0x6c, 0x61, 0x62, 0x6c, 0x65, 0x22, 0x3a, 0x09, 0x2c, 0x22, 0x4f, 0x77, 0x6e, 0x65, 0x72,
    0x22, 0x3a, 0x13, 0x2c, 0x22, 0x4f, 0x77, 0x6e, 0x65, 0x72, 0x52, 0x65, 0x74, 0x75, 0x72, 0x6e,
    0x54, 0x79, 0x70, 0x65, 0x22, 0x3a, 0x18, 0x2c, 0x22, 0x51, 0x75, 0x65, 0x75, 0x65, 0x47, 0x65,
    0x74, 0x74, 0x65, 0x72, 0x41, 0x74, 0x74, 0x65, 0x6d, 0x70, 0x74, 0x65, 0x64, 0x22, 0x3a, 0x0a,
    0x42, 0x55, 0x46, 0x46, 0x5f, 0x4f, 0x57, 0x4e, 0x45, 0x52, 0x1d, 0x73, 0x74, 0x6f, 0x63, 0x6b,
    0x2d, 0x68, 0x75, 0x64, 0x2d, 0x6f, 0x77, 0x6e, 0x65, 0x72, 0x2d, 0x67, 0x65, 0x74, 0x74, 0x65,
    0x72, 0x2d, 0x72, 0x65, 0x74, 0x75, 0x72, 0x6e, 0x0d, 0x2c, 0x22, 0x4f, 0x70, 0x65, 0x72, 0x61,
    0x74, 0x69, 0x6f, 0x6e, 0x22, 0x3a, 0x0a, 0x2c, 0x22, 0x42, 0x65, 0x66, 0x6f, 0x72, 0x65, 0x22,
    0x3a, 0x09, 0x2c, 0x22, 0x41, 0x66, 0x74, 0x65, 0x72, 0x22, 0x3a, 0x14, 0x2c, 0x22, 0x43, 0x61,
    0x6c, 0x63, 0x75, 0x6c, 0x61, 0x74, 0x69, 0x6f, 0x6e, 0x4b, 0x6e, 0x6f, 0x77, 0x6e, 0x22, 0x3a,
    0x34, 0x2c, 0x22, 0x53, 0x74, 0x61, 0x67, 0x65, 0x22, 0x3a, 0x22, 0x73, 0x74, 0x6f, 0x63, 0x6b,
    0x2d, 0x63, 0x61, 0x6c, 0x63, 0x75, 0x6c, 0x61, 0x74, 0x69, 0x6f, 0x6e, 0x22, 0x2c, 0x22, 0x49,
    0x73, 0x43, 0x61, 0x73, 0x74, 0x53, 0x6e, 0x61, 0x70, 0x73, 0x68, 0x6f, 0x74, 0x22, 0x3a, 0x66,
    0x61, 0x6c, 0x73, 0x65, 0x7d, 0x12, 0x43, 0x41, 0x53, 0x54, 0x45, 0x52, 0x5f, 0x43, 0x41, 0x4c,
    0x43, 0x55, 0x4c, 0x41, 0x54, 0x49, 0x4f, 0x4e, 0x10, 0x41, 0x55, 0x54, 0x4f, 0x5f, 0x44, 0x41,
    0x4d, 0x41, 0x47, 0x45, 0x5f, 0x53, 0x4b, 0x49, 0x50, 0x06, 0x72, 0x65, 0x61, 0x73, 0x6f, 0x6e,
    0x18, 0x6d, 0x69, 0x73, 0x73, 0x69, 0x6e, 0x67, 0x2d, 0x74, 0x61, 0x72, 0x67, 0x65, 0x74, 0x2d,
    0x6f, 0x72, 0x2d, 0x70, 0x61, 0x63, 0x6b, 0x65, 0x74, 0x16, 0x64, 0x61, 0x6d, 0x61, 0x67, 0x65,
    0x2d, 0x74, 0x79, 0x70, 0x65, 0x2d, 0x75, 0x6e, 0x72, 0x65, 0x61, 0x64, 0x61, 0x62, 0x6c, 0x65,
    0x0a, 0x64, 0x61, 0x6d, 0x61, 0x67, 0x65, 0x54, 0x79, 0x70, 0x65, 0x1a, 0x64, 0x61, 0x6d, 0x61,
    0x67, 0x65, 0x2d, 0x63, 0x6f, 0x6e, 0x74, 0x72, 0x6f, 0x6c, 0x2d, 0x75, 0x6e, 0x61, 0x76, 0x61,
    0x69, 0x6c, 0x61, 0x62, 0x6c, 0x65, 0x17, 0x41, 0x55, 0x54, 0x4f, 0x5f, 0x53, 0x43, 0x52, 0x49,
    0x50, 0x54, 0x45, 0x44, 0x5f, 0x44, 0x41, 0x4d, 0x41, 0x47, 0x45, 0x5f, 0x44, 0x44, 0x23, 0x6f,
    0x62, 0x73, 0x65, 0x72, 0x76, 0x65, 0x64, 0x2d, 0x44, 0x61, 0x6d, 0x61, 0x67, 0x65, 0x44, 0x61,
    0x74, 0x61, 0x2d, 0x62, 0x65, 0x66, 0x6f, 0x72, 0x65, 0x2d, 0x44, 0x61, 0x6d, 0x61, 0x67, 0x65,
    0x44, 0x44, 0x13, 0x62, 0x61, 0x74, 0x74, 0x6c, 0x65, 0x2d, 0x62, 0x65, 0x67, 0x69, 0x6e, 0x2d,
    0x66, 0x61, 0x69, 0x6c, 0x65, 0x64, 0x0b, 0x74, 0x72, 0x61, 0x6e, 0x73, 0x61, 0x63, 0x74, 0x69,
    0x6f, 0x6e, 0x14, 0x41, 0x55, 0x54, 0x4f, 0x5f, 0x44, 0x41, 0x4d, 0x41, 0x47, 0x45, 0x5f, 0x49,
    0x44, 0x45, 0x4e, 0x54, 0x49, 0x54, 0x59, 0x0a, 0x74, 0x61, 0x72, 0x67, 0x65, 0x74, 0x54, 0x79,
    0x70, 0x65, 0x0e, 0x73, 0x6f, 0x75, 0x72, 0x63, 0x65, 0x49, 0x64, 0x65, 0x6e, 0x74, 0x69, 0x74,
    0x79, 0x0d, 0x63, 0x61, 0x6c, 0x6c, 0x65, 0x72, 0x2d, 0x6d, 0x6f, 0x64, 0x75, 0x6c, 0x65, 0x06,
    0x5f, 0x5f, 0x6d, 0x6f, 0x64, 0x65, 0x01, 0x6b, 0x08, 0x61, 0x63, 0x74, 0x69, 0x76, 0x61, 0x74,
    0x65, 0x07, 0x63, 0x6c, 0x65, 0x61, 0x6e, 0x75, 0x70, 0x05, 0x61, 0x66, 0x74, 0x65, 0x72, 0x05,
    0x72, 0x65, 0x73, 0x65, 0x74, 0x0c, 0x63, 0x61, 0x73, 0x74, 0x65, 0x72, 0x42, 0x65, 0x66, 0x6f,
    0x72, 0x65, 0x0b, 0x63, 0x61, 0x73, 0x74, 0x65, 0x72, 0x41, 0x66, 0x74, 0x65, 0x72, 0x00, 0x60,
    0x07, 0x01, 0x00, 0x00, 0x00, 0x00, 0x14, 0x35, 0x01, 0x01, 0x00, 0x00, 0x00, 0x00, 0x40, 0x0c,
    0x02, 0x00, 0x00, 0x47, 0x01, 0x02, 0x03, 0x42, 0x01, 0x0c, 0x00, 0x17, 0x28, 0x02, 0x03, 0x0c,
    0x04, 0x02, 0x00, 0x35, 0x03, 0x03, 0x00, 0x00, 0x00, 0x20, 0x40, 0x47, 0x03, 0x02, 0x02, 0x16,
    0x05, 0x04, 0x00, 0x0c, 0x06, 0x03, 0x00, 0x21, 0x06, 0x04, 0x00, 0x05, 0x00, 0x00, 0x00, 0x0c,
    0x03, 0x02, 0x00, 0x38, 0x04, 0x01, 0x00, 0x1b, 0x03, 0x03, 0x00, 0x23, 0x03, 0x00, 0x00, 0x38,
    0x04, 0x00, 0x00, 0x1b, 0x03, 0x03, 0x00, 0x05, 0x01, 0x5e, 0x00, 0xfe, 0xd6, 0x04, 0x00, 0x00,
    0x00, 0x40, 0x01, 0x8c, 0x8a, 0x4f, 0x40, 0x04, 0x00, 0x00, 0x20, 0x40, 0x03, 0x01, 0x00, 0x00,
    0x00, 0x00, 0x00, 0x07, 0x01, 0x00, 0x00, 0x00, 0x00, 0x14, 0x35, 0x01, 0x01, 0x00, 0x00, 0x00,
    0x00, 0x40, 0x0c, 0x02, 0x00, 0x00, 0x47, 0x01, 0x02, 0x03, 0x42, 0x01, 0x0c, 0x00, 0x17, 0x28,
    0x02, 0x03, 0x0c, 0x04, 0x02, 0x00, 0x35, 0x03, 0x03, 0x00, 0x00, 0x00, 0x20, 0x40, 0x47, 0x03,
    0x02, 0x02, 0x16, 0x05, 0x04, 0x00, 0x0c, 0x06, 0x03, 0x00, 0x21, 0x06, 0x04, 0x00, 0x05, 0x00,
    0x00, 0x00, 0x0c, 0x03, 0x02, 0x00, 0x38, 0x04, 0x01, 0x00, 0x1b, 0x03, 0x03, 0x00, 0x23, 0x03,
    0x00, 0x00, 0x38, 0x04, 0x00, 0x00, 0x1b, 0x03, 0x03, 0x00, 0x05, 0x01, 0x5e, 0x00, 0xfe, 0xd6,
    0x04, 0x00, 0x00, 0x00, 0x40, 0x01, 0x8c, 0x8a, 0x4f, 0x40, 0x04, 0x00, 0x00, 0x20, 0x40, 0x03,
    0x02, 0x00, 0x00, 0x00, 0x00, 0x00, 0x09, 0x01, 0x00, 0x00, 0x00, 0x00, 0x23, 0x35, 0x01, 0x01,
    0x00, 0x00, 0x00, 0x00, 0x40, 0x0c, 0x02, 0x00, 0x00, 0x47, 0x01, 0x02, 0x03, 0x46, 0x01, 0x03,
    0x00, 0x23, 0x03, 0x00, 0x00, 0x38, 0x04, 0x00, 0x00, 0x1b, 0x03, 0x03, 0x00, 0x48, 0x02, 0x04,
    0x00, 0x00, 0x00, 0x00, 0x80, 0x38, 0x03, 0x00, 0x00, 0x38, 0x04, 0x01, 0x00, 0x1b, 0x03, 0x03,
    0x00, 0x35, 0x03, 0x01, 0x00, 0x00, 0x00, 0x00, 0x40, 0x35, 0x04, 0x03, 0x00, 0x00, 0x00, 0x20,
    0x40, 0x0c, 0x05, 0x02, 0x00, 0x47, 0x03, 0x03, 0x03, 0x42, 0x03, 0x09, 0x00, 0x17, 0x28, 0x04,
    0x03, 0x0c, 0x06, 0x04, 0x00, 0x35, 0x05, 0x05, 0x00, 0x00, 0x00, 0x40, 0x40, 0x47, 0x05, 0x02,
    0x02, 0x16, 0x07, 0x06, 0x00, 0x0c, 0x08, 0x05, 0x00, 0x2c, 0x08, 0x04, 0x00, 0x07, 0x00, 0x00,
    0x00, 0x23, 0x05, 0x00, 0x00, 0x38, 0x06, 0x00, 0x00, 0x1b, 0x05, 0x03, 0x00, 0x06, 0x05, 0x04,
    0x00, 0x38, 0x06, 0x01, 0x00, 0x1b, 0x05, 0x03, 0x00, 0x07, 0x01, 0x5e, 0x00, 0xfe, 0xd6, 0x04,
    0x00, 0x00, 0x00, 0x40, 0x01, 0x08, 0xb2, 0x14, 0x65, 0x04, 0x00, 0x00, 0x20, 0x40, 0x01, 0x8c,
    0x8a, 0x4f, 0x40, 0x04, 0x00, 0x00, 0x40, 0x40, 0x03, 0x02, 0x00, 0x00, 0x00, 0x00, 0x00, 0x02,
    0x00, 0x01, 0x00, 0x00, 0x00, 0x05, 0x12, 0x00, 0x00, 0x00, 0x40, 0x00, 0x00, 0x00, 0x00, 0x00,
    0x00, 0x00, 0x47, 0x00, 0x02, 0x00, 0x1b, 0x00, 0x00, 0x00, 0x01, 0x01, 0xb7, 0x32, 0xea, 0xd9,
    0x00, 0x00, 0x00, 0x00, 0x00, 0x02, 0x00, 0x01, 0x00, 0x00, 0x00, 0x05, 0x12, 0x00, 0x00, 0x00,
    0x40, 0x00, 0x00, 0x00, 0x00, 0x00, 0x00, 0x00, 0x47, 0x00, 0x02, 0x00, 0x1b, 0x00, 0x00, 0x00,
    0x01, 0x01, 0x5f, 0x4d, 0x3f, 0x26, 0x00, 0x00, 0x00, 0x00, 0x00, 0x02, 0x00, 0x01, 0x00, 0x00,
    0x00, 0x05, 0x12, 0x00, 0x00, 0x00, 0x40, 0x00, 0x00, 0x00, 0x00, 0x00, 0x00, 0x00, 0x47, 0x00,
    0x02, 0x00, 0x1b, 0x00, 0x00, 0x00, 0x01, 0x01, 0x02, 0x53, 0x05, 0xc3, 0x00, 0x00, 0x00, 0x00,
    0x00, 0x02, 0x00, 0x01, 0x00, 0x00, 0x00, 0x05, 0x12, 0x00, 0x00, 0x00, 0x40, 0x00, 0x00, 0x00,
    0x00, 0x00, 0x00, 0x00, 0x47, 0x00, 0x02, 0x00, 0x1b, 0x00, 0x00, 0x00, 0x01, 0x01, 0x0c, 0xb6,
    0xd1, 0xd0, 0x00, 0x00, 0x00, 0x00, 0x00, 0x02, 0x00, 0x01, 0x00, 0x00, 0x00, 0x05, 0x12, 0x00,
    0x00, 0x00, 0x40, 0x00, 0x00, 0x00, 0x00, 0x00, 0x00, 0x00, 0x47, 0x00, 0x02, 0x00, 0x1b, 0x00,
    0x00, 0x00, 0x01, 0x01, 0xa6, 0xc4, 0x58, 0x6b, 0x00, 0x00, 0x00, 0x00, 0x00, 0x02, 0x00, 0x01,
    0x00, 0x00, 0x00, 0x05, 0x12, 0x00, 0x00, 0x00, 0x40, 0x00, 0x00, 0x00, 0x00, 0x00, 0x00, 0x00,
    0x47, 0x00, 0x02, 0x00, 0x1b, 0x00, 0x00, 0x00, 0x01, 0x01, 0x86, 0x26, 0x65, 0x52, 0x00, 0x00,
    0x00, 0x00, 0x00, 0x02, 0x00, 0x01, 0x00, 0x00, 0x00, 0x05, 0x12, 0x00, 0x00, 0x00, 0x40, 0x00,
    0x00, 0x00, 0x00, 0x00, 0x00, 0x00, 0x47, 0x00, 0x02, 0x00, 0x1b, 0x00, 0x00, 0x00, 0x01, 0x01,
    0xf9, 0x89, 0xcc, 0xde, 0x00, 0x00, 0x00, 0x00, 0x00, 0x02, 0x00, 0x01, 0x00, 0x00, 0x00, 0x05,
    0x12, 0x00, 0x00, 0x00, 0x40, 0x00, 0x00, 0x00, 0x00, 0x00, 0x00, 0x00, 0x47, 0x00, 0x02, 0x00,
    0x1b, 0x00, 0x00, 0x00, 0x01, 0x01, 0x5b, 0x11, 0x72, 0xfd, 0x00, 0x00, 0x00, 0x00, 0x00, 0x02,
    0x00, 0x01, 0x00, 0x00, 0x00, 0x05, 0x12, 0x00, 0x00, 0x00, 0x40, 0x00, 0x00, 0x00, 0x00, 0x00,
    0x00, 0x00, 0x47, 0x00, 0x02, 0x00, 0x1b, 0x00, 0x00, 0x00, 0x01, 0x01, 0x74, 0x8b, 0x91, 0x8c,
    0x00, 0x00, 0x00, 0x00, 0x00, 0x15, 0x02, 0x03, 0x00, 0x00, 0x00, 0x4a, 0x12, 0x02, 0x00, 0x00,
    0x10, 0x03, 0x00, 0x00, 0x41, 0x00, 0x00, 0x00, 0x47, 0x02, 0x02, 0x03, 0x12, 0x04, 0x00, 0x00,
    0x10, 0x05, 0x01, 0x00, 0x41, 0x00, 0x00, 0x00, 0x47, 0x04, 0x02, 0x03, 0x12, 0x06, 0x00, 0x00,
    0x10, 0x07, 0x02, 0x00, 0x41, 0x00, 0x01, 0x00, 0x47, 0x06, 0x02, 0x03, 0x12, 0x08, 0x00, 0x00,
    0x10, 0x09, 0x03, 0x00, 0x41, 0x00, 0x01, 0x00, 0x47, 0x08, 0x02, 0x03, 0x12, 0x0a, 0x00, 0x00,
    0x10, 0x0b, 0x04, 0x00, 0x41, 0x00, 0x01, 0x00, 0x47, 0x0a, 0x02, 0x03, 0x12, 0x0c, 0x00, 0x00,
    0x10, 0x0d, 0x05, 0x00, 0x41, 0x00, 0x01, 0x00, 0x47, 0x0c, 0x02, 0x03, 0x12, 0x0e, 0x01, 0x00,
    0x10, 0x0f, 0x06, 0x00, 0x41, 0x00, 0x00, 0x00, 0x47, 0x0e, 0x02, 0x03, 0x12, 0x10, 0x01, 0x00,
    0x10, 0x11, 0x07, 0x00, 0x41, 0x00, 0x00, 0x00, 0x47, 0x10, 0x02, 0x03, 0x12, 0x12, 0x02, 0x00,
    0x10, 0x13, 0x08, 0x00, 0x41, 0x00, 0x00, 0x00, 0x47, 0x12, 0x02, 0x03, 0x39, 0x14, 0x12, 0x00,
    0x09, 0x02, 0x14, 0x7a, 0x00, 0x00, 0x00, 0x00, 0x09, 0x03, 0x14, 0xc0, 0x01, 0x00, 0x00, 0x00,
    0x09, 0x04, 0x14, 0x7e, 0x02, 0x00, 0x00, 0x00, 0x09, 0x05, 0x14, 0xe6, 0x03, 0x00, 0x00, 0x00,
    0x09, 0x06, 0x14, 0x44, 0x04, 0x00, 0x00, 0x00, 0x09, 0x07, 0x14, 0x93, 0x05, 0x00, 0x00, 0x00,
    0x09, 0x08, 0x14, 0xb6, 0x06, 0x00, 0x00, 0x00, 0x09, 0x09, 0x14, 0xdf, 0x07, 0x00, 0x00, 0x00,
    0x09, 0x0a, 0x14, 0x28, 0x08, 0x00, 0x00, 0x00, 0x09, 0x0b, 0x14, 0x22, 0x09, 0x00, 0x00, 0x00,
    0x09, 0x0c, 0x14, 0xf2, 0x0a, 0x00, 0x00, 0x00, 0x09, 0x0d, 0x14, 0x4e, 0x0b, 0x00, 0x00, 0x00,
    0x09, 0x0e, 0x14, 0xaf, 0x0c, 0x00, 0x00, 0x00, 0x09, 0x0f, 0x14, 0xa0, 0x0d, 0x00, 0x00, 0x00,
    0x09, 0x10, 0x14, 0x6f, 0x0e, 0x00, 0x00, 0x00, 0x09, 0x11, 0x14, 0x5b, 0x0f, 0x00, 0x00, 0x00,
    0x09, 0x12, 0x14, 0x34, 0x10, 0x00, 0x00, 0x00, 0x09, 0x13, 0x14, 0xa5, 0x11, 0x00, 0x00, 0x00,
    0x1b, 0x14, 0x02, 0x00, 0x13, 0x03, 0x03, 0x03, 0x04, 0x03, 0x05, 0x03, 0x06, 0x03, 0x07, 0x03,
    0x08, 0x03, 0x09, 0x03, 0x0a, 0x03, 0x0b, 0x03, 0x0c, 0x03, 0x0d, 0x03, 0x0e, 0x03, 0x0f, 0x03,
    0x10, 0x03, 0x11, 0x03, 0x12, 0x03, 0x13, 0x03, 0x14, 0x05, 0x12, 0x00, 0x01, 0x02, 0x03, 0x04,
    0x05, 0x06, 0x07, 0x08, 0x09, 0x0a, 0x0b, 0x0c, 0x0d, 0x0e, 0x0f, 0x10, 0x11, 0x09, 0x03, 0x04,
    0x05, 0x06, 0x07, 0x08, 0x09, 0x0a, 0x0b, 0x00, 0x00, 0x00, 0x00, 0x03, 0x00, 0x02, 0x00, 0x00,
    0x00, 0x06, 0x12, 0x00, 0x00, 0x00, 0x12, 0x02, 0x01, 0x00, 0x40, 0x00, 0x00, 0x00, 0x00, 0x00,
    0x00, 0x00, 0x47, 0x00, 0x03, 0x00, 0x1b, 0x00, 0x00, 0x00, 0x01, 0x01, 0xeb, 0x1e, 0x84, 0xe6,
    0x00, 0x00, 0x00, 0x00, 0x00, 0x12, 0x01, 0x01, 0x00, 0x00, 0x00, 0x43, 0x0e, 0x01, 0x00, 0x00,
    0x00, 0x00, 0x00, 0x00, 0x08, 0x02, 0x00, 0x00, 0x08, 0x03, 0x00, 0x00, 0x08, 0x06, 0x00, 0x00,
    0x08, 0x04, 0x13, 0x00, 0x08, 0x05, 0x01, 0x00, 0x1d, 0x04, 0x1e, 0x00, 0x12, 0x07, 0x00, 0x00,
    0x10, 0x08, 0x00, 0x00, 0x41, 0x00, 0x00, 0x00, 0x41, 0x00, 0x06, 0x00, 0x47, 0x07, 0x02, 0x03,
    0x42, 0x08, 0x16, 0x00, 0x32, 0x02, 0x02, 0x00, 0x16, 0x10, 0x01, 0x00, 0x0c, 0x11, 0x07, 0x00,
    0x2c, 0x11, 0x13, 0x00, 0x10, 0x00, 0x00, 0x00, 0x4c, 0x0a, 0x01, 0x00, 0x32, 0x09, 0x0a, 0x00,
    0x17, 0x3f, 0x06, 0x03, 0x0c, 0x0f, 0x06, 0x00, 0x35, 0x0e, 0x03, 0x00, 0x00, 0x00, 0x20, 0x40,
    0x47, 0x0e, 0x02, 0x02, 0x0c, 0x0b, 0x0e, 0x00, 0x16, 0x0c, 0x04, 0x00, 0x17, 0x3f, 0x07, 0x03,
    0x0c, 0x0e, 0x07, 0x00, 0x35, 0x0d, 0x03, 0x00, 0x00, 0x00, 0x20, 0x40, 0x47, 0x0d, 0x02, 0x02,
    0x4f, 0x0a, 0x0b, 0x0d, 0x3d, 0x0a, 0x01, 0x09, 0x29, 0x00, 0x01, 0x00, 0x32, 0x03, 0x03, 0x00,
    0x51, 0x04, 0xe2, 0xff, 0x16, 0x04, 0x05, 0x00, 0x4c, 0x05, 0x01, 0x00, 0x08, 0x06, 0x00, 0x00,
    0x53, 0x06, 0x07, 0x00, 0x05, 0x00, 0x00, 0x00, 0x35, 0x05, 0x08, 0x00, 0x00, 0x1c, 0x60, 0x80,
    0x0c, 0x06, 0x01, 0x00, 0x16, 0x07, 0x09, 0x00, 0x47, 0x05, 0x03, 0x02, 0x0c, 0x04, 0x05, 0x00,
    0x16, 0x06, 0x0a, 0x00, 0x17, 0x3f, 0x02, 0x03, 0x0c, 0x0d, 0x02, 0x00, 0x35, 0x0c, 0x03, 0x00,
    0x00, 0x00, 0x20, 0x40, 0x47, 0x0c, 0x02, 0x02, 0x0c, 0x07, 0x0c, 0x00, 0x16, 0x08, 0x0b, 0x00,
    0x17, 0x3f, 0x03, 0x03, 0x0c, 0x0d, 0x03, 0x00, 0x35, 0x0c, 0x03, 0x00, 0x00, 0x00, 0x20, 0x40,
    0x47, 0x0c, 0x02, 0x02, 0x0c, 0x09, 0x0c, 0x00, 0x16, 0x0a, 0x0c, 0x00, 0x0c, 0x0b, 0x04, 0x00,
    0x4f, 0x05, 0x06, 0x0b, 0x1b, 0x05, 0x02, 0x00, 0x0d, 0x02, 0x00, 0x00, 0x00, 0x00, 0x00, 0x00,
    0xf0, 0x3f, 0x02, 0x00, 0x00, 0x00, 0x00, 0x00, 0x00, 0x00, 0x00, 0x01, 0x55, 0x00, 0x16, 0xcb,
    0x04, 0x00, 0x00, 0x20, 0x40, 0x03, 0x15, 0x03, 0x16, 0x01, 0x03, 0x22, 0x96, 0x6e, 0x01, 0xcd,
    0xd9, 0x4e, 0x4d, 0x04, 0x00, 0x1c, 0x60, 0x80, 0x03, 0x17, 0x03, 0x18, 0x03, 0x19, 0x03, 0x1a,
    0x01, 0x0d, 0x00, 0x00, 0x00, 0x00, 0x03, 0x00, 0x02, 0x00, 0x00, 0x00, 0x06, 0x12, 0x00, 0x00,
    0x00, 0x12, 0x02, 0x01, 0x00, 0x40, 0x00, 0x00, 0x00, 0x00, 0x00, 0x00, 0x00, 0x47, 0x00, 0x03,
    0x00, 0x1b, 0x00, 0x00, 0x00, 0x01, 0x01, 0xb4, 0x28, 0xae, 0xf4, 0x00, 0x00, 0x00, 0x00, 0x00,
    0x16, 0x02, 0x01, 0x00, 0x00, 0x00, 0x56, 0x0e, 0x02, 0x00, 0x00, 0x00, 0x00, 0x00, 0x00, 0x08,
    0x03, 0x00, 0x00, 0x08, 0x04, 0x00, 0x00, 0x08, 0x07, 0x00, 0x00, 0x08, 0x05, 0x13, 0x00, 0x08,
    0x06, 0x01, 0x00, 0x1d, 0x05, 0x31, 0x00, 0x12, 0x08, 0x00, 0x00, 0x10, 0x09, 0x00, 0x00, 0x41,
    0x00, 0x00, 0x00, 0x41, 0x00, 0x07, 0x00, 0x47, 0x08, 0x02, 0x03, 0x42, 0x09, 0x29, 0x00, 0x32,
    0x03, 0x03, 0x00, 0x16, 0x14, 0x01, 0x00, 0x0c, 0x15, 0x08, 0x00, 0x2c, 0x15, 0x26, 0x00, 0x14,
    0x00, 0x00, 0x00, 0x16, 0x0a, 0x02, 0x00, 0x17, 0x28, 0x01, 0x03, 0x0c, 0x0c, 0x01, 0x00, 0x35,
    0x0b, 0x04, 0x00, 0x00, 0x00, 0x30, 0x40, 0x47, 0x0b, 0x02, 0x02, 0x16, 0x14, 0x05, 0x00, 0x0c,
    0x15, 0x0b, 0x00, 0x21, 0x15, 0x07, 0x00, 0x14, 0x00, 0x00, 0x00, 0x1f, 0x0c, 0x01, 0x08, 0x17,
    0x3f, 0x0c, 0x02, 0x35, 0x0b, 0x07, 0x00, 0x00, 0x00, 0x60, 0x40, 0x47, 0x0b, 0x02, 0x02, 0x0c,
    0x0a, 0x0b, 0x00, 0x4c, 0x0c, 0x02, 0x00, 0x32, 0x0b, 0x0c, 0x00, 0x17, 0x3f, 0x07, 0x03, 0x0c,
    0x13, 0x07, 0x00, 0x35, 0x12, 0x07, 0x00, 0x00, 0x00, 0x60, 0x40, 0x47, 0x12, 0x02, 0x02, 0x0c,
    0x0d, 0x12, 0x00, 0x16, 0x0e, 0x08, 0x00, 0x17, 0x3f, 0x08, 0x03, 0x0c, 0x13, 0x08, 0x00, 0x35,
    0x12, 0x07, 0x00, 0x00, 0x00, 0x60, 0x40, 0x47, 0x12, 0x02, 0x02, 0x0c, 0x0f, 0x12, 0x00, 0x16,
    0x10, 0x08, 0x00, 0x0c, 0x11, 0x0a, 0x00, 0x4f, 0x0c, 0x0d, 0x11, 0x3d, 0x0c, 0x02, 0x0b, 0x29,
    0x00, 0x01, 0x00, 0x32, 0x04, 0x04, 0x00, 0x51, 0x05, 0xcf, 0xff, 0x16, 0x05, 0x09, 0x00, 0x4c,
    0x06, 0x02, 0x00, 0x08, 0x07, 0x00, 0x00, 0x53, 0x07, 0x07, 0x00, 0x06, 0x00, 0x00, 0x00, 0x35,
    0x06, 0x0c, 0x00, 0x00, 0x2c, 0xa0, 0x80, 0x0c, 0x07, 0x02, 0x00, 0x16, 0x08, 0x0d, 0x00, 0x47,
    0x06, 0x03, 0x02, 0x0c, 0x05, 0x06, 0x00, 0x16, 0x07, 0x0e, 0x00, 0x17, 0x3f, 0x03, 0x03, 0x0c,
    0x0e, 0x03, 0x00, 0x35, 0x0d, 0x07, 0x00, 0x00, 0x00, 0x60, 0x40, 0x47, 0x0d, 0x02, 0x02, 0x0c,
    0x08, 0x0d, 0x00, 0x16, 0x09, 0x0f, 0x00, 0x17, 0x3f, 0x04, 0x03, 0x0c, 0x0e, 0x04, 0x00, 0x35,
    0x0d, 0x07, 0x00, 0x00, 0x00, 0x60, 0x40, 0x47, 0x0d, 0x02, 0x02, 0x0c, 0x0a, 0x0d, 0x00, 0x16,
    0x0b, 0x10, 0x00, 0x0c, 0x0c, 0x05, 0x00, 0x4f, 0x06, 0x07, 0x0c, 0x1b, 0x06, 0x02, 0x00, 0x11,
    0x02, 0x00, 0x00, 0x00, 0x00, 0x00, 0x00, 0xf0, 0x3f, 0x02, 0x00, 0x00, 0x00, 0x00, 0x00, 0x00,
    0x00, 0x00, 0x03, 0x1b, 0x01, 0x8c, 0x8a, 0x4f, 0x40, 0x04, 0x00, 0x00, 0x30, 0x40, 0x03, 0x01,
    0x01, 0x55, 0x00, 0x16, 0xcb, 0x04, 0x00, 0x00, 0x60, 0x40, 0x03, 0x15, 0x03, 0x16, 0x01, 0x03,
    0x22, 0x96, 0x6e, 0x01, 0xcd, 0xd9, 0x4e, 0x4d, 0x04, 0x00, 0x2c, 0xa0, 0x80, 0x03, 0x17, 0x03,
    0x18, 0x03, 0x19, 0x03, 0x1c, 0x01, 0x0f, 0x00, 0x00, 0x00, 0x00, 0x06, 0x02, 0x00, 0x00, 0x00,
    0x00, 0x1a, 0x17, 0x28, 0x00, 0x03, 0x0c, 0x03, 0x00, 0x00, 0x35, 0x02, 0x01, 0x00, 0x00, 0x00,
    0x00, 0x40, 0x47, 0x02, 0x02, 0x02, 0x16, 0x04, 0x02, 0x00, 0x0c, 0x05, 0x02, 0x00, 0x21, 0x05,
    0x0a, 0x00, 0x04, 0x00, 0x00, 0x00, 0x17, 0x28, 0x01, 0x03, 0x0c, 0x03, 0x01, 0x00, 0x35, 0x02,
    0x01, 0x00, 0x00, 0x00, 0x00, 0x40, 0x47, 0x02, 0x02, 0x02, 0x16, 0x04, 0x02, 0x00, 0x0c, 0x05,
    0x02, 0x00, 0x2c, 0x05, 0x03, 0x00, 0x04, 0x00, 0x00, 0x00, 0x23, 0x02, 0x00, 0x00, 0x1b, 0x02,
    0x02, 0x00, 0x04, 0x00, 0x03, 0x00, 0x01, 0x00, 0x00, 0x00, 0x08, 0x02, 0x00, 0x00, 0x1b, 0x02,
    0x02, 0x00, 0x52, 0x02, 0x00, 0x01, 0x1b, 0x02, 0x02, 0x00, 0x03, 0x01, 0x8c, 0x8a, 0x4f, 0x40,
    0x04, 0x00, 0x00, 0x00, 0x40, 0x03, 0x01, 0x00, 0x00, 0x00, 0x00, 0x00, 0x04, 0x01, 0x00, 0x01,
    0x00, 0x00, 0x07, 0x0b, 0x01, 0x00, 0x00, 0x35, 0x01, 0x01, 0x00, 0x00, 0x00, 0x00, 0x40, 0x0c,
    0x02, 0x00, 0x00, 0x49, 0x03, 0x00, 0x00, 0x47, 0x01, 0x00, 0x01, 0x1b, 0x00, 0x01, 0x00, 0x02,
    0x01, 0x5e, 0x00, 0xfe, 0xd6, 0x04, 0x00, 0x00, 0x00, 0x40, 0x00, 0x00, 0x00, 0x00, 0x00, 0x27,
    0x02, 0x05, 0x00, 0x00, 0x00, 0xc8, 0x01, 0x48, 0x00, 0x03, 0x00, 0x00, 0x00, 0x00, 0x80, 0x23,
    0x02, 0x00, 0x00, 0x1b, 0x02, 0x02, 0x00, 0x17, 0x28, 0x01, 0x03, 0x0c, 0x03, 0x01, 0x00, 0x35,
    0x02, 0x01, 0x00, 0x00, 0x00, 0x00, 0x40, 0x47, 0x02, 0x02, 0x02, 0x16, 0x25, 0x02, 0x00, 0x0c,
    0x26, 0x02, 0x00, 0x2c, 0x26, 0x03, 0x00, 0x25, 0x00, 0x00, 0x00, 0x23, 0x02, 0x00, 0x00, 0x1b,
    0x02, 0x02, 0x00, 0x12, 0x03, 0x00, 0x00, 0x32, 0x02, 0x03, 0x03, 0x3a, 0x02, 0x00, 0x00, 0x12,
    0x02, 0x01, 0x00, 0x3b, 0x03, 0x01, 0x0c, 0x04, 0x00, 0x00, 0x00, 0x3b, 0x04, 0x01, 0x36, 0x05,
    0x00, 0x00, 0x00, 0x47, 0x02, 0x03, 0x02, 0x12, 0x03, 0x02, 0x00, 0x3b, 0x04, 0x01, 0x36, 0x05,
    0x00, 0x00, 0x00, 0x47, 0x03, 0x02, 0x02, 0x12, 0x04, 0x03, 0x00, 0x3b, 0x05, 0x01, 0x3e, 0x06,
    0x00, 0x00, 0x00, 0x3b, 0x06, 0x01, 0x92, 0x07, 0x00, 0x00, 0x00, 0x47, 0x04, 0x03, 0x02, 0x39,
    0x05, 0x0d, 0x00, 0x12, 0x06, 0x00, 0x00, 0x09, 0x06, 0x05, 0xf4, 0x08, 0x00, 0x00, 0x00, 0x09,
    0x00, 0x05, 0x4d, 0x09, 0x00, 0x00, 0x00, 0x09, 0x01, 0x05, 0xae, 0x0a, 0x00, 0x00, 0x00, 0x09,
    0x02, 0x05, 0x68, 0x0b, 0x00, 0x00, 0x00, 0x09, 0x03, 0x05, 0x8c, 0x0c, 0x00, 0x00, 0x00, 0x12,
    0x06, 0x04, 0x00, 0x0c, 0x07, 0x00, 0x00, 0x16, 0x08, 0x0e, 0x00, 0x3b, 0x09, 0x05, 0xf4, 0x08,
    0x00, 0x00, 0x00, 0x3b, 0x0a, 0x01, 0xe3, 0x0f, 0x00, 0x00, 0x00, 0x3b, 0x0b, 0x01, 0x54, 0x10,
    0x00, 0x00, 0x00, 0x3b, 0x0c, 0x01, 0xc8, 0x11, 0x00, 0x00, 0x00, 0x3b, 0x0d, 0x01, 0x0c, 0x04,
    0x00, 0x00, 0x00, 0x3b, 0x0e, 0x01, 0x3e, 0x06, 0x00, 0x00, 0x00, 0x16, 0x0f, 0x12, 0x00, 0x3b,
    0x10, 0x01, 0x62, 0x12, 0x00, 0x00, 0x00, 0x3b, 0x12, 0x01, 0x82, 0x13, 0x00, 0x00, 0x00, 0x38,
    0x25, 0x01, 0x00, 0x0c, 0x26, 0x12, 0x00, 0x2c, 0x26, 0x02, 0x00, 0x25, 0x00, 0x00, 0x00, 0x38,
    0x11, 0x00, 0x01, 0x38, 0x11, 0x01, 0x00, 0x16, 0x12, 0x14, 0x00, 0x3b, 0x13, 0x01, 0xcb, 0x14,
    0x00, 0x00, 0x00, 0x3b, 0x15, 0x01, 0x5d, 0x15, 0x00, 0x00, 0x00, 0x38, 0x25, 0x01, 0x00, 0x0c,
    0x26, 0x15, 0x00, 0x2c, 0x26, 0x02, 0x00, 0x25, 0x00, 0x00, 0x00, 0x38, 0x14, 0x00, 0x01, 0x38,
    0x14, 0x01, 0x00, 0x16, 0x15, 0x16, 0x00, 0x3b, 0x16, 0x01, 0x25, 0x17, 0x00, 0x00, 0x00, 0x3b,
    0x17, 0x01, 0xb2, 0x18, 0x00, 0x00, 0x00, 0x3b, 0x18, 0x01, 0xe1, 0x19, 0x00, 0x00, 0x00, 0x16,
    0x19, 0x1a, 0x00, 0x3b, 0x1a, 0x01, 0x89, 0x1a, 0x00, 0x00, 0x00, 0x16, 0x1b, 0x1b, 0x00, 0x3b,
    0x1c, 0x01, 0xa0, 0x1c, 0x00, 0x00, 0x00, 0x3b, 0x1d, 0x01, 0x9e, 0x1d, 0x00, 0x00, 0x00, 0x16,
    0x1e, 0x1e, 0x00, 0x3b, 0x1f, 0x01, 0xf0, 0x1f, 0x00, 0x00, 0x00, 0x3b, 0x20, 0x01, 0x92, 0x20,
    0x00, 0x00, 0x00, 0x16, 0x21, 0x21, 0x00, 0x3b, 0x22, 0x01, 0xe9, 0x21, 0x00, 0x00, 0x00, 0x16,
    0x23, 0x22, 0x00, 0x3b, 0x24, 0x01, 0x1a, 0x22, 0x00, 0x00, 0x00, 0x47, 0x06, 0x1f, 0x01, 0x12,
    0x06, 0x04, 0x00, 0x0c, 0x07, 0x00, 0x00, 0x16, 0x08, 0x23, 0x00, 0x3b, 0x09, 0x05, 0xf4, 0x08,
    0x00, 0x00, 0x00, 0x3b, 0x0a, 0x01, 0xe3, 0x0f, 0x00, 0x00, 0x00, 0x16, 0x0b, 0x24, 0x00, 0x3b,
    0x0c, 0x02, 0x7a, 0x24, 0x00, 0x00, 0x00, 0x3b, 0x0d, 0x02, 0xc0, 0x25, 0x00, 0x00, 0x00, 0x3b,
    0x0e, 0x02, 0x7e, 0x26, 0x00, 0x00, 0x00, 0x3b, 0x0f, 0x02, 0xe6, 0x27, 0x00, 0x00, 0x00, 0x16,
    0x10, 0x28, 0x00, 0x3b, 0x11, 0x02, 0x44, 0x28, 0x00, 0x00, 0x00, 0x3b, 0x12, 0x02, 0x93, 0x29,
    0x00, 0x00, 0x00, 0x3b, 0x13, 0x02, 0xb6, 0x2a, 0x00, 0x00, 0x00, 0x3b, 0x14, 0x02, 0xdf, 0x2b,
    0x00, 0x00, 0x00, 0x16, 0x15, 0x2c, 0x00, 0x3b, 0x16, 0x02, 0x28, 0x2c, 0x00, 0x00, 0x00, 0x3b,
    0x17, 0x02, 0x22, 0x2d, 0x00, 0x00, 0x00, 0x16, 0x18, 0x2e, 0x00, 0x3b, 0x19, 0x02, 0xf2, 0x2e,
    0x00, 0x00, 0x00, 0x3b, 0x1a, 0x02, 0x4e, 0x2f, 0x00, 0x00, 0x00, 0x47, 0x06, 0x15, 0x01, 0x12,
    0x06, 0x04, 0x00, 0x0c, 0x07, 0x00, 0x00, 0x16, 0x08, 0x30, 0x00, 0x3b, 0x09, 0x05, 0xf4, 0x08,
    0x00, 0x00, 0x00, 0x3b, 0x0a, 0x01, 0xe3, 0x0f, 0x00, 0x00, 0x00, 0x16, 0x0b, 0x31, 0x00, 0x3b,
    0x0c, 0x02, 0xaf, 0x31, 0x00, 0x00, 0x00, 0x3b, 0x0d, 0x02, 0xa0, 0x32, 0x00, 0x00, 0x00, 0x16,
    0x0e, 0x33, 0x00, 0x3b, 0x0f, 0x02, 0x6f, 0x33, 0x00, 0x00, 0x00, 0x3b, 0x10, 0x02, 0x5b, 0x34,
    0x00, 0x00, 0x00, 0x16, 0x11, 0x35, 0x00, 0x3b, 0x12, 0x02, 0x34, 0x35, 0x00, 0x00, 0x00, 0x3b,
    0x13, 0x02, 0xa5, 0x36, 0x00, 0x00, 0x00, 0x47, 0x06, 0x0e, 0x01, 0x12, 0x06, 0x04, 0x00, 0x0c,
    0x07, 0x00, 0x00, 0x16, 0x08, 0x37, 0x00, 0x3b, 0x09, 0x05, 0xf4, 0x08, 0x00, 0x00, 0x00, 0x3b,
    0x0a, 0x01, 0xe3, 0x0f, 0x00, 0x00, 0x00, 0x0c, 0x0b, 0x03, 0x00, 0x47, 0x06, 0x06, 0x01, 0x12,
    0x06, 0x04, 0x00, 0x0c, 0x07, 0x00, 0x00, 0x16, 0x08, 0x38, 0x00, 0x3b, 0x09, 0x05, 0xf4, 0x08,
    0x00, 0x00, 0x00, 0x3b, 0x0a, 0x01, 0xe3, 0x0f, 0x00, 0x00, 0x00, 0x16, 0x0b, 0x39, 0x00, 0x3b,
    0x0c, 0x01, 0x90, 0x39, 0x00, 0x00, 0x00, 0x16, 0x0d, 0x3a, 0x00, 0x3b, 0x0e, 0x01, 0xe6, 0x3a,
    0x00, 0x00, 0x00, 0x16, 0x0f, 0x07, 0x00, 0x3b, 0x10, 0x01, 0x92, 0x07, 0x00, 0x00, 0x00, 0x16,
    0x11, 0x3b, 0x00, 0x3b, 0x12, 0x01, 0x2e, 0x3b, 0x00, 0x00, 0x00, 0x0c, 0x13, 0x04, 0x00, 0x47,
    0x06, 0x0e, 0x01, 0x1b, 0x05, 0x02, 0x00, 0x3c, 0x01, 0x8c, 0x8a, 0x4f, 0x40, 0x04, 0x00, 0x00,
    0x00, 0x40, 0x03, 0x1d, 0x02, 0x00, 0x00, 0x00, 0x00, 0x00, 0x00, 0xf0, 0x3f, 0x03, 0x1e, 0x03,
    0x1f, 0x03, 0x20, 0x03, 0x21, 0x03, 0x22, 0x03, 0x23, 0x03, 0x24, 0x03, 0x25, 0x03, 0x26, 0x05,
    0x05, 0x08, 0x09, 0x0a, 0x0b, 0x0c, 0x03, 0x27, 0x03, 0x28, 0x03, 0x29, 0x03, 0x2a, 0x03, 0x2b,
    0x03, 0x2c, 0x03, 0x2d, 0x03, 0x2e, 0x03, 0x2f, 0x03, 0x30, 0x03, 0x31, 0x03, 0x32, 0x03, 0x33,
    0x03, 0x34, 0x03, 0x35, 0x03, 0x36, 0x03, 0x37, 0x03, 0x38, 0x03, 0x39, 0x03, 0x3a, 0x03, 0x3b,
    0x03, 0x3c, 0x03, 0x03, 0x03, 0x04, 0x03, 0x05, 0x03, 0x06, 0x03, 0x07, 0x03, 0x08, 0x03, 0x09,
    0x03, 0x0a, 0x03, 0x0b, 0x03, 0x0c, 0x03, 0x0d, 0x03, 0x0e, 0x03, 0x3d, 0x03, 0x0f, 0x03, 0x10,
    0x03, 0x11, 0x03, 0x12, 0x03, 0x13, 0x03, 0x14, 0x03, 0x3e, 0x03, 0x3f, 0x03, 0x40, 0x03, 0x41,
    0x03, 0x42, 0x00, 0x00, 0x00, 0x00, 0x00, 0x29, 0x02, 0x04, 0x00, 0x00, 0x00, 0xf2, 0x01, 0x48,
    0x00, 0x02, 0x00, 0x00, 0x00, 0x00, 0x80, 0x1b, 0x00, 0x01, 0x00, 0x17, 0x28, 0x01, 0x03, 0x0c,
    0x03, 0x01, 0x00, 0x35, 0x02, 0x01, 0x00, 0x00, 0x00, 0x00, 0x40, 0x47, 0x02, 0x02, 0x02, 0x16,
    0x27, 0x02, 0x00, 0x0c, 0x28, 0x02, 0x00, 0x2c, 0x28, 0x03, 0x00, 0x27, 0x00, 0x00, 0x00, 0x0e,
    0x01, 0x00, 0x00, 0x00, 0x00, 0x00, 0x00, 0x3b, 0x02, 0x00, 0xae, 0x03, 0x00, 0x00, 0x00, 0x12,
    0x03, 0x00, 0x00, 0x3b, 0x04, 0x02, 0x0c, 0x04, 0x00, 0x00, 0x00, 0x3b, 0x05, 0x02, 0x36, 0x05,
    0x00, 0x00, 0x00, 0x47, 0x03, 0x03, 0x02, 0x12, 0x04, 0x01, 0x00, 0x3b, 0x05, 0x00, 0x68, 0x06,
    0x00, 0x00, 0x00, 0x3b, 0x05, 0x05, 0x7a, 0x07, 0x00, 0x00, 0x00, 0x3b, 0x06, 0x03, 0x7a, 0x07,
    0x00, 0x00, 0x00, 0x47, 0x04, 0x03, 0x02, 0x12, 0x05, 0x01, 0x00, 0x3b, 0x06, 0x00, 0x68, 0x06,
    0x00, 0x00, 0x00, 0x3b, 0x06, 0x06, 0x44, 0x08, 0x00, 0x00, 0x00, 0x3b, 0x07, 0x03, 0x44, 0x08,
    0x00, 0x00, 0x00, 0x47, 0x05, 0x03, 0x02, 0x12, 0x06, 0x01, 0x00, 0x3b, 0x07, 0x00, 0x68, 0x06,
    0x00, 0x00, 0x00, 0x3b, 0x07, 0x07, 0x28, 0x09, 0x00, 0x00, 0x00, 0x3b, 0x08, 0x03, 0x28, 0x09,
    0x00, 0x00, 0x00, 0x47, 0x06, 0x03, 0x02, 0x08, 0x07, 0x00, 0x00, 0x38, 0x08, 0x01, 0x00, 0x17,
    0x28, 0x04, 0x03, 0x0c, 0x0a, 0x04, 0x00, 0x35, 0x09, 0x01, 0x00, 0x00, 0x00, 0x00, 0x40, 0x47,
    0x09, 0x02, 0x02, 0x16, 0x27, 0x0a, 0x00, 0x0c, 0x28, 0x09, 0x00, 0x21, 0x28, 0x03, 0x00, 0x27,
    0x00, 0x00, 0x00, 0x30, 0x07, 0x07, 0x04, 0x29, 0x00, 0x01, 0x00, 0x38, 0x08, 0x00, 0x00, 0x17,
    0x28, 0x05, 0x03, 0x0c, 0x0a, 0x05, 0x00, 0x35, 0x09, 0x01, 0x00, 0x00, 0x00, 0x00, 0x40, 0x47,
    0x09, 0x02, 0x02, 0x16, 0x27, 0x0a, 0x00, 0x0c, 0x28, 0x09, 0x00, 0x21, 0x28, 0x03, 0x00, 0x27,
    0x00, 0x00, 0x00, 0x30, 0x07, 0x07, 0x05, 0x29, 0x00, 0x01, 0x00, 0x38, 0x08, 0x00, 0x00, 0x17,
    0x28, 0x06, 0x03, 0x0c, 0x0a, 0x06, 0x00, 0x35, 0x09, 0x01, 0x00, 0x00, 0x00, 0x00, 0x40, 0x47,
    0x09, 0x02, 0x02, 0x16, 0x27, 0x0a, 0x00, 0x0c, 0x28, 0x09, 0x00, 0x21, 0x28, 0x03, 0x00, 0x27,
    0x00, 0x00, 0x00, 0x30, 0x07, 0x07, 0x06, 0x29, 0x00, 0x01, 0x00, 0x38, 0x08, 0x00, 0x00, 0x23,
    0x09, 0x00, 0x00, 0x23, 0x0a, 0x00, 0x00, 0x42, 0x08, 0x15, 0x00, 0x3b, 0x0c, 0x01, 0xbf, 0x0b,
    0x00, 0x00, 0x00, 0x17, 0x28, 0x0c, 0x02, 0x35, 0x0b, 0x01, 0x00, 0x00, 0x00, 0x00, 0x40, 0x47,
    0x0b, 0x02, 0x02, 0x16, 0x27, 0x0a, 0x00, 0x0c, 0x28, 0x0b, 0x00, 0x21, 0x28, 0x0c, 0x00, 0x27,
    0x00, 0x00, 0x00, 0x3b, 0x0b, 0x01, 0xbf, 0x0b, 0x00, 0x00, 0x00, 0x52, 0x09, 0x0b, 0x07, 0x3b,
    0x0b, 0x01, 0xbf, 0x0b, 0x00, 0x00, 0x00, 0x08, 0x0c, 0x00, 0x00, 0x53, 0x0c, 0x04, 0x00, 0x0b,
    0x00, 0x00, 0x00, 0x3b, 0x0b, 0x01, 0xbf, 0x0b, 0x00, 0x00, 0x00, 0x2f, 0x0a, 0x07, 0x0b, 0x12,
    0x0b, 0x02, 0x00, 0x3b, 0x0c, 0x02, 0x36, 0x05, 0x00, 0x00, 0x00, 0x47, 0x0b, 0x02, 0x02, 0x12,
    0x0c, 0x03, 0x00, 0x3b, 0x0d, 0x00, 0x4d, 0x0c, 0x00, 0x00, 0x00, 0x16, 0x0e, 0x0d, 0x00, 0x3b,
    0x0f, 0x00, 0xf4, 0x0e, 0x00, 0x00, 0x00, 0x3b, 0x10, 0x02, 0xe3, 0x0f, 0x00, 0x00, 0x00, 0x16,
    0x11, 0x07, 0x00, 0x3b, 0x12, 0x00, 0x68, 0x06, 0x00, 0x00, 0x00, 0x3b, 0x12, 0x12, 0x7a, 0x07,
    0x00, 0x00, 0x00, 0x3b, 0x13, 0x03, 0x7a, 0x07, 0x00, 0x00, 0x00, 0x0c, 0x14, 0x04, 0x00, 0x16,
    0x15, 0x08, 0x00, 0x3b, 0x16, 0x00, 0x68, 0x06, 0x00, 0x00, 0x00, 0x3b, 0x16, 0x16, 0x44, 0x08,
    0x00, 0x00, 0x00, 0x3b, 0x17, 0x03, 0x44, 0x08, 0x00, 0x00, 0x00, 0x0c, 0x18, 0x05, 0x00, 0x16,
    0x19, 0x09, 0x00, 0x3b, 0x1a, 0x00, 0x68, 0x06, 0x00, 0x00, 0x00, 0x3b, 0x1a, 0x1a, 0x28, 0x09,
    0x00, 0x00, 0x00, 0x3b, 0x1b, 0x03, 0x28, 0x09, 0x00, 0x00, 0x00, 0x0c, 0x1c, 0x06, 0x00, 0x16,
    0x1d, 0x10, 0x00, 0x3b, 0x1e, 0x00, 0x68, 0x06, 0x00, 0x00, 0x00, 0x3b, 0x1e, 0x1e, 0xf2, 0x10,
    0x00, 0x00, 0x00, 0x3b, 0x1f, 0x03, 0xf2, 0x10, 0x00, 0x00, 0x00, 0x16, 0x20, 0x11, 0x00, 0x0c,
    0x21, 0x07, 0x00, 0x0c, 0x22, 0x08, 0x00, 0x47, 0x0c, 0x17, 0x01, 0x12, 0x0c, 0x03, 0x00, 0x3b,
    0x0d, 0x00, 0x4d, 0x0c, 0x00, 0x00, 0x00, 0x16, 0x0e, 0x12, 0x00, 0x3b, 0x0f, 0x00, 0xf4, 0x0e,
    0x00, 0x00, 0x00, 0x3b, 0x10, 0x02, 0xe3, 0x0f, 0x00, 0x00, 0x00, 0x16, 0x11, 0x13, 0x00, 0x3b,
    0x12, 0x00, 0x68, 0x06, 0x00, 0x00, 0x00, 0x3b, 0x12, 0x12, 0xaf, 0x13, 0x00, 0x00, 0x00, 0x3b,
    0x13, 0x03, 0xaf, 0x13, 0x00, 0x00, 0x00, 0x3b, 0x14, 0x03, 0xa0, 0x14, 0x00, 0x00, 0x00, 0x16,
    0x15, 0x15, 0x00, 0x3b, 0x16, 0x00, 0x68, 0x06, 0x00, 0x00, 0x00, 0x3b, 0x16, 0x16, 0x6f, 0x15,
    0x00, 0x00, 0x00, 0x3b, 0x17, 0x03, 0x6f, 0x15, 0x00, 0x00, 0x00, 0x3b, 0x18, 0x03, 0x5b, 0x16,
    0x00, 0x00, 0x00, 0x16, 0x19, 0x17, 0x00, 0x3b, 0x1a, 0x00, 0x68, 0x06, 0x00, 0x00, 0x00, 0x3b,
    0x1a, 0x1a, 0x34, 0x17, 0x00, 0x00, 0x00, 0x3b, 0x1b, 0x03, 0x34, 0x17, 0x00, 0x00, 0x00, 0x3b,
    0x1c, 0x03, 0xa5, 0x18, 0x00, 0x00, 0x00, 0x47, 0x0c, 0x11, 0x01, 0x12, 0x0c, 0x03, 0x00, 0x3b,
    0x0d, 0x00, 0x4d, 0x0c, 0x00, 0x00, 0x00, 0x16, 0x0e, 0x19, 0x00, 0x3b, 0x0f, 0x00, 0xf4, 0x0e,
    0x00, 0x00, 0x00, 0x3b, 0x10, 0x02, 0xe3, 0x0f, 0x00, 0x00, 0x00, 0x3b, 0x11, 0x00, 0x8c, 0x1a,
    0x00, 0x00, 0x00, 0x0c, 0x12, 0x0b, 0x00, 0x47, 0x0c, 0x07, 0x01, 0x12, 0x0c, 0x03, 0x00, 0x3b,
    0x0d, 0x00, 0x4d, 0x0c, 0x00, 0x00, 0x00, 0x16, 0x0e, 0x1b, 0x00, 0x3b, 0x0f, 0x00, 0xf4, 0x0e,
    0x00, 0x00, 0x00, 0x3b, 0x10, 0x02, 0xe3, 0x0f, 0x00, 0x00, 0x00, 0x16, 0x11, 0x1c, 0x00, 0x3b,
    0x12, 0x02, 0x90, 0x1c, 0x00, 0x00, 0x00, 0x16, 0x13, 0x1d, 0x00, 0x3b, 0x14, 0x02, 0xe6, 0x1d,
    0x00, 0x00, 0x00, 0x16, 0x15, 0x1e, 0x00, 0x3b, 0x16, 0x02, 0x92, 0x1e, 0x00, 0x00, 0x00, 0x16,
    0x17, 0x0b, 0x00, 0x3b, 0x18, 0x01, 0xbf, 0x0b, 0x00, 0x00, 0x00, 0x16, 0x19, 0x1f, 0x00, 0x3b,
    0x1a, 0x01, 0x53, 0x1f, 0x00, 0x00, 0x00, 0x16, 0x1b, 0x20, 0x00, 0x3b, 0x1c, 0x01, 0x72, 0x20,
    0x00, 0x00, 0x00, 0x16, 0x1d, 0x11, 0x00, 0x0c, 0x1e, 0x07, 0x00, 0x16, 0x1f, 0x21, 0x00, 0x0c,
    0x20, 0x08, 0x00, 0x16, 0x21, 0x22, 0x00, 0x0c, 0x22, 0x09, 0x00, 0x16, 0x23, 0x23, 0x00, 0x0c,
    0x24, 0x0a, 0x00, 0x16, 0x25, 0x24, 0x00, 0x3b, 0x26, 0x01, 0x1f, 0x24, 0x00, 0x00, 0x00, 0x47,
    0x0c, 0x1b, 0x01, 0x1b, 0x00, 0x01, 0x00, 0x25, 0x01, 0x8c, 0x8a, 0x4f, 0x40, 0x04, 0x00, 0x00,
    0x00, 0x40, 0x03, 0x1d, 0x03, 0x24, 0x03, 0x1e, 0x03, 0x1f, 0x03, 0x25, 0x03, 0x03, 0x03, 0x07,
    0x03, 0x0b, 0x03, 0x01, 0x03, 0x43, 0x03, 0x23, 0x03, 0x44, 0x03, 0x22, 0x03, 0x28, 0x03, 0x0d,
    0x03, 0x45, 0x03, 0x46, 0x03, 0x0f, 0x03, 0x10, 0x03, 0x11, 0x03, 0x12, 0x03, 0x13, 0x03, 0x14,
    0x03, 0x47, 0x03, 0x26, 0x03, 0x48, 0x03, 0x40, 0x03, 0x41, 0x03, 0x21, 0x03, 0x49, 0x03, 0x4a,
    0x03, 0x4b, 0x03, 0x4c, 0x03, 0x4d, 0x03, 0x4e, 0x00, 0x00, 0x00, 0x00, 0x00, 0x01, 0x00, 0x01,
    0x00, 0x00, 0x00, 0x03, 0x08, 0x00, 0x00, 0x00, 0x3a, 0x00, 0x00, 0x00, 0x1b, 0x00, 0x01, 0x00,
    0x00, 0x00, 0x00, 0x00, 0x00, 0x00, 0x08, 0x01, 0x00, 0x00, 0x00, 0x00, 0x57, 0x48, 0x00, 0x03,
    0x00, 0x00, 0x00, 0x00, 0x80, 0x16, 0x01, 0x00, 0x00, 0x1b, 0x01, 0x02, 0x00, 0x17, 0x28, 0x00,
    0x03, 0x0c, 0x02, 0x00, 0x00, 0x35, 0x01, 0x02, 0x00, 0x00, 0x00, 0x10, 0x40, 0x47, 0x01, 0x02,
    0x02, 0x16, 0x06, 0x03, 0x00, 0x0c, 0x07, 0x01, 0x00, 0x21, 0x07, 0x10, 0x00, 0x06, 0x00, 0x00,
    0x00, 0x21, 0x00, 0x06, 0x00, 0x00, 0x00, 0x00, 0x00, 0x52, 0x01, 0x00, 0x00, 0x16, 0x06, 0x04,
    0x00, 0x0c, 0x07, 0x01, 0x00, 0x2c, 0x07, 0x03, 0x00, 0x06, 0x00, 0x00, 0x00, 0x16, 0x01, 0x00,
    0x00, 0x1b, 0x01, 0x02, 0x00, 0x17, 0x3f, 0x00, 0x03, 0x0c, 0x02, 0x00, 0x00, 0x35, 0x01, 0x06,
    0x00, 0x00, 0x00, 0x50, 0x40, 0x47, 0x01, 0x02, 0x00, 0x1b, 0x01, 0x00, 0x00, 0x17, 0x28, 0x00,
    0x03, 0x0c, 0x02, 0x00, 0x00, 0x35, 0x01, 0x02, 0x00, 0x00, 0x00, 0x10, 0x40, 0x47, 0x01, 0x02,
    0x02, 0x16, 0x06, 0x07, 0x00, 0x0c, 0x07, 0x01, 0x00, 0x21, 0x07, 0x06, 0x00, 0x06, 0x00, 0x00,
    0x00, 0x42, 0x00, 0x02, 0x00, 0x16, 0x01, 0x08, 0x00, 0x1b, 0x01, 0x02, 0x00, 0x16, 0x01, 0x09,
    0x00, 0x1b, 0x01, 0x02, 0x00, 0x17, 0x3f, 0x00, 0x03, 0x0c, 0x02, 0x00, 0x00, 0x35, 0x01, 0x06,
    0x00, 0x00, 0x00, 0x50, 0x40, 0x47, 0x01, 0x02, 0x02, 0x35, 0x02, 0x0c, 0x00, 0x00, 0x2c, 0xa0,
    0x80, 0x0c, 0x03, 0x01, 0x00, 0x16, 0x04, 0x0d, 0x00, 0x16, 0x05, 0x0e, 0x00, 0x47, 0x02, 0x04,
    0x02, 0x0c, 0x01, 0x02, 0x00, 0x35, 0x02, 0x0c, 0x00, 0x00, 0x2c, 0xa0, 0x80, 0x0c, 0x03, 0x01,
    0x00, 0x16, 0x04, 0x0f, 0x00, 0x16, 0x05, 0x10, 0x00, 0x47, 0x02, 0x04, 0x02, 0x0c, 0x01, 0x02,
    0x00, 0x35, 0x02, 0x0c, 0x00, 0x00, 0x2c, 0xa0, 0x80, 0x0c, 0x03, 0x01, 0x00, 0x16, 0x04, 0x11,
    0x00, 0x16, 0x05, 0x12, 0x00, 0x47, 0x02, 0x04, 0x02, 0x0c, 0x01, 0x02, 0x00, 0x35, 0x02, 0x0c,
    0x00, 0x00, 0x2c, 0xa0, 0x80, 0x0c, 0x03, 0x01, 0x00, 0x16, 0x04, 0x13, 0x00, 0x16, 0x05, 0x14,
    0x00, 0x47, 0x02, 0x04, 0x02, 0x0c, 0x01, 0x02, 0x00, 0x35, 0x02, 0x0c, 0x00, 0x00, 0x2c, 0xa0,
    0x80, 0x0c, 0x03, 0x01, 0x00, 0x16, 0x04, 0x15, 0x00, 0x16, 0x05, 0x16, 0x00, 0x47, 0x02, 0x04,
    0x02, 0x0c, 0x01, 0x02, 0x00, 0x16, 0x03, 0x0f, 0x00, 0x0c, 0x04, 0x01, 0x00, 0x16, 0x05, 0x0f,
    0x00, 0x4f, 0x02, 0x03, 0x05, 0x1b, 0x02, 0x02, 0x00, 0x17, 0x03, 0x4f, 0x01, 0x8c, 0x8a, 0x4f,
    0x40, 0x04, 0x00, 0x00, 0x10, 0x40, 0x03, 0x01, 0x02, 0x00, 0x00, 0x00, 0x00, 0x00, 0x00, 0x00,
    0x00, 0x01, 0x55, 0x00, 0x16, 0xcb, 0x04, 0x00, 0x00, 0x50, 0x40, 0x03, 0x02, 0x03, 0x50, 0x03,
    0x51, 0x01, 0xe0, 0x8d, 0x0c, 0x5e, 0x01, 0xee, 0xef, 0x75, 0x2f, 0x04, 0x00, 0x2c, 0xa0, 0x80,
    0x03, 0x52, 0x03, 0x53, 0x03, 0x54, 0x03, 0x55, 0x03, 0x56, 0x03, 0x57, 0x03, 0x58, 0x03, 0x59,
    0x03, 0x5a, 0x03, 0x5b, 0x00, 0x00, 0x00, 0x00, 0x00, 0x07, 0x01, 0x00, 0x00, 0x00, 0x00, 0x18,
    0x35, 0x01, 0x01, 0x00, 0x00, 0x00, 0x00, 0x40, 0x0c, 0x02, 0x00, 0x00, 0x47, 0x01, 0x02, 0x03,
    0x42, 0x01, 0x11, 0x00, 0x17, 0x28, 0x02, 0x03, 0x0c, 0x04, 0x02, 0x00, 0x35, 0x03, 0x03, 0x00,
    0x00, 0x00, 0x20, 0x40, 0x47, 0x03, 0x02, 0x02, 0x16, 0x05, 0x04, 0x00, 0x0c, 0x06, 0x03, 0x00,
    0x21, 0x06, 0x09, 0x00, 0x05, 0x00, 0x00, 0x00, 0x21, 0x02, 0x07, 0x00, 0x02, 0x00, 0x00, 0x00,
    0x52, 0x03, 0x02, 0x02, 0x16, 0x05, 0x05, 0x00, 0x0c, 0x06, 0x03, 0x00, 0x21, 0x06, 0x02, 0x00,
    0x05, 0x00, 0x00, 0x00, 0x1b, 0x02, 0x02, 0x00, 0x23, 0x03, 0x00, 0x00, 0x1b, 0x03, 0x02, 0x00,
    0x06, 0x01, 0x5e, 0x00, 0xfe, 0xd6, 0x04, 0x00, 0x00, 0x00, 0x40, 0x01, 0x8c, 0x8a, 0x4f, 0x40,
    0x04, 0x00, 0x00, 0x20, 0x40, 0x03, 0x01, 0x02, 0x00, 0x00, 0x00, 0x00, 0x00, 0x00, 0x00, 0x00,
    0x00, 0x00, 0x00, 0x00, 0x00, 0x01, 0x00, 0x01, 0x00, 0x00, 0x00, 0x02, 0x12, 0x00, 0x00, 0x00,
    0x1b, 0x00, 0x02, 0x00, 0x00, 0x00, 0x00, 0x00, 0x00, 0x00, 0x02, 0x00, 0x01, 0x00, 0x00, 0x00,
    0x05, 0x12, 0x00, 0x00, 0x00, 0x40, 0x00, 0x00, 0x00, 0x00, 0x00, 0x00, 0x00, 0x47, 0x00, 0x02,
    0x00, 0x1b, 0x00, 0x00, 0x00, 0x01, 0x01, 0x6e, 0x34, 0x0e, 0x8a, 0x00, 0x00, 0x00, 0x00, 0x00,
    0x05, 0x01, 0x01, 0x00, 0x00, 0x00, 0x13, 0x17, 0x28, 0x00, 0x03, 0x0c, 0x02, 0x00, 0x00, 0x35,
    0x01, 0x01, 0x00, 0x00, 0x00, 0x00, 0x40, 0x47, 0x01, 0x02, 0x02, 0x16, 0x03, 0x02, 0x00, 0x0c,
    0x04, 0x01, 0x00, 0x21, 0x04, 0x06, 0x00, 0x03, 0x00, 0x00, 0x00, 0x12, 0x01, 0x00, 0x00, 0x10,
    0x02, 0x00, 0x00, 0x41, 0x00, 0x00, 0x00, 0x47, 0x01, 0x02, 0x00, 0x1b, 0x01, 0x00, 0x00, 0x12,
    0x01, 0x00, 0x00, 0x10, 0x02, 0x01, 0x00, 0x41, 0x00, 0x00, 0x00, 0x47, 0x01, 0x02, 0x00, 0x1b,
    0x01, 0x00, 0x00, 0x03, 0x01, 0x8c, 0x8a, 0x4f, 0x40, 0x04, 0x00, 0x00, 0x00, 0x40, 0x03, 0x01,
    0x02, 0x18, 0x19, 0x00, 0x00, 0x00, 0x00, 0x08, 0x01, 0x00, 0x00, 0x00, 0x00, 0x1e, 0x35, 0x01,
    0x01, 0x00, 0x00, 0x00, 0x00, 0x40, 0x0c, 0x02, 0x00, 0x00, 0x47, 0x01, 0x02, 0x03, 0x42, 0x01,
    0x02, 0x00, 0x48, 0x02, 0x03, 0x00, 0x00, 0x00, 0x00, 0x80, 0x23, 0x03, 0x00, 0x00, 0x1b, 0x03,
    0x02, 0x00, 0x35, 0x04, 0x03, 0x00, 0x00, 0x00, 0x20, 0x40, 0x17, 0x28, 0x04, 0x02, 0x35, 0x03,
    0x05, 0x00, 0x00, 0x00, 0x40, 0x40, 0x47, 0x03, 0x02, 0x02, 0x16, 0x06, 0x06, 0x00, 0x0c, 0x07,
    0x03, 0x00, 0x21, 0x07, 0x0b, 0x00, 0x06, 0x00, 0x00, 0x00, 0x35, 0x03, 0x01, 0x00, 0x00, 0x00,
    0x00, 0x40, 0x35, 0x04, 0x03, 0x00, 0x00, 0x00, 0x20, 0x40, 0x0c, 0x05, 0x02, 0x00, 0x47, 0x03,
    0x03, 0x03, 0x42, 0x03, 0x01, 0x00, 0x42, 0x04, 0x02, 0x00, 0x23, 0x05, 0x00, 0x00, 0x1b, 0x05,
    0x02, 0x00, 0x1b, 0x02, 0x02, 0x00, 0x07, 0x01, 0x5e, 0x00, 0xfe, 0xd6, 0x04, 0x00, 0x00, 0x00,
    0x40, 0x01, 0x08, 0xb2, 0x14, 0x65, 0x04, 0x00, 0x00, 0x20, 0x40, 0x01, 0x8c, 0x8a, 0x4f, 0x40,
    0x04, 0x00, 0x00, 0x40, 0x40, 0x03, 0x5c, 0x00, 0x00, 0x00, 0x00, 0x00, 0x02, 0x00, 0x01, 0x00,
    0x00, 0x00, 0x05, 0x12, 0x00, 0x00, 0x00, 0x40, 0x00, 0x00, 0x00, 0x00, 0x00, 0x00, 0x00, 0x47,
    0x00, 0x02, 0x00, 0x1b, 0x00, 0x00, 0x00, 0x01, 0x01, 0x4c, 0x52, 0x73, 0x10, 0x00, 0x00, 0x00,
    0x00, 0x00, 0x01, 0x00, 0x01, 0x00, 0x00, 0x00, 0x02, 0x12, 0x00, 0x00, 0x00, 0x1b, 0x00, 0x02,
    0x00, 0x00, 0x00, 0x00, 0x00, 0x00, 0x00, 0x12, 0x02, 0x07, 0x00, 0x00, 0x00, 0x7c, 0x12, 0x02,
    0x00, 0x00, 0x38, 0x03, 0x01, 0x00, 0x3d, 0x03, 0x02, 0x00, 0x0e, 0x02, 0x00, 0x00, 0x00, 0x00,
    0x00, 0x00, 0x35, 0x03, 0x01, 0x00, 0x00, 0x00, 0x00, 0x40, 0x0c, 0x04, 0x00, 0x00, 0x47, 0x03,
    0x02, 0x04, 0x15, 0x03, 0x66, 0x00, 0x12, 0x08, 0x01, 0x00, 0x16, 0x10, 0x02, 0x00, 0x0c, 0x11,
    0x08, 0x00, 0x21, 0x11, 0x04, 0x00, 0x10, 0x00, 0x00, 0x00, 0x38, 0x08, 0x01, 0x00, 0x3a, 0x08,
    0x02, 0x00, 0x29, 0x00, 0x60, 0x00, 0x12, 0x09, 0x01, 0x00, 0x16, 0x10, 0x03, 0x00, 0x52, 0x08,
    0x09, 0x10, 0x3a, 0x08, 0x01, 0x00, 0x23, 0x08, 0x00, 0x00, 0x17, 0x28, 0x06, 0x03, 0x0c, 0x0a,
    0x06, 0x00, 0x35, 0x09, 0x05, 0x00, 0x00, 0x00, 0x40, 0x40, 0x47, 0x09, 0x02, 0x02, 0x16, 0x10,
    0x06, 0x00, 0x0c, 0x11, 0x09, 0x00, 0x21, 0x11, 0x41, 0x00, 0x10, 0x00, 0x00, 0x00, 0x4c, 0x09,
    0x06, 0x00, 0x08, 0x0a, 0x60, 0x00, 0x04, 0x09, 0x3d, 0x00, 0x0a, 0x00, 0x00, 0x00, 0x35, 0x09,
    0x08, 0x00, 0x00, 0x1c, 0x30, 0x81, 0x0c, 0x0a, 0x06, 0x00, 0x16, 0x0b, 0x09, 0x00, 0x47, 0x09,
    0x03, 0x02, 0x46, 0x09, 0x36, 0x00, 0x17, 0x28, 0x07, 0x03, 0x0c, 0x0a, 0x07, 0x00, 0x35, 0x09,
    0x05, 0x00, 0x00, 0x00, 0x40, 0x40, 0x47, 0x09, 0x02, 0x02, 0x16, 0x10, 0x0a, 0x00, 0x0c, 0x11,
    0x09, 0x00, 0x21, 0x11, 0x0c, 0x00, 0x10, 0x00, 0x00, 0x00, 0x12, 0x09, 0x03, 0x00, 0x10, 0x0a,
    0x00, 0x00, 0x41, 0x00, 0x07, 0x00, 0x47, 0x09, 0x02, 0x02, 0x48, 0x09, 0x28, 0x00, 0x00, 0x00,
    0x00, 0x00, 0x12, 0x0a, 0x04, 0x00, 0x0c, 0x0b, 0x09, 0x00, 0x47, 0x0a, 0x02, 0x02, 0x0c, 0x08,
    0x0a, 0x00, 0x29, 0x00, 0x22, 0x00, 0x17, 0x28, 0x07, 0x03, 0x0c, 0x0a, 0x07, 0x00, 0x35, 0x09,
    0x05, 0x00, 0x00, 0x00, 0x40, 0x40, 0x47, 0x09, 0x02, 0x02, 0x16, 0x10, 0x0b, 0x00, 0x0c, 0x11,
    0x09, 0x00, 0x21, 0x11, 0x06, 0x00, 0x10, 0x00, 0x00, 0x00, 0x12, 0x09, 0x04, 0x00, 0x0c, 0x0a,
    0x07, 0x00, 0x47, 0x09, 0x02, 0x02, 0x0c, 0x08, 0x09, 0x00, 0x29, 0x00, 0x14, 0x00, 0x17, 0x28,
    0x07, 0x03, 0x0c, 0x0a, 0x07, 0x00, 0x35, 0x09, 0x05, 0x00, 0x00, 0x00, 0x40, 0x40, 0x47, 0x09,
    0x02, 0x02, 0x16, 0x10, 0x0c, 0x00, 0x0c, 0x11, 0x09, 0x00, 0x21, 0x11, 0x0c, 0x00, 0x10, 0x00,
    0x00, 0x00, 0x08, 0x09, 0x02, 0x00, 0x53, 0x01, 0x09, 0x00, 0x09, 0x00, 0x00, 0x00, 0x12, 0x0a,
    0x00, 0x00, 0x43, 0x09, 0x0a, 0x07, 0x46, 0x09, 0x05, 0x00, 0x12, 0x09, 0x05, 0x00, 0x0c, 0x0a,
    0x07, 0x00, 0x32, 0x0b, 0x01, 0x03, 0x47, 0x09, 0x03, 0x02, 0x0c, 0x08, 0x09, 0x00, 0x48, 0x08,
    0x0c, 0x00, 0x00, 0x00, 0x00, 0x00, 0x4c, 0x0a, 0x02, 0x00, 0x32, 0x09, 0x0a, 0x03, 0x12, 0x0e,
    0x04, 0x00, 0x0c, 0x0f, 0x06, 0x00, 0x47, 0x0e, 0x02, 0x02, 0x0c, 0x0b, 0x0e, 0x00, 0x16, 0x0c,
    0x0d, 0x00, 0x0c, 0x0d, 0x08, 0x00, 0x4f, 0x0a, 0x0b, 0x0d, 0x3d, 0x0a, 0x02, 0x09, 0x29, 0x00,
    0x03, 0x00, 0x12, 0x0a, 0x06, 0x00, 0x32, 0x09, 0x0a, 0x03, 0x3a, 0x09, 0x06, 0x00, 0x11, 0x03,
    0x99, 0xff, 0x02, 0x00, 0x00, 0x00, 0x16, 0x04, 0x0e, 0x00, 0x35, 0x07, 0x10, 0x00, 0x00, 0x3c,
    0x40, 0x81, 0x0c, 0x08, 0x02, 0x00, 0x16, 0x09, 0x11, 0x00, 0x47, 0x07, 0x03, 0x02, 0x0c, 0x05,
    0x07, 0x00, 0x16, 0x06, 0x12, 0x00, 0x4f, 0x03, 0x04, 0x06, 0x1b, 0x03, 0x02, 0x00, 0x15, 0x01,
    0xf0, 0x88, 0x75, 0x32, 0x04, 0x00, 0x00, 0x00, 0x40, 0x02, 0x00, 0x00, 0x00, 0x00, 0x00, 0x00,
    0x00, 0x00, 0x02, 0x00, 0x00, 0x00, 0x00, 0x00, 0x00, 0xf0, 0x3f, 0x01, 0x8c, 0x8a, 0x4f, 0x40,
    0x04, 0x00, 0x00, 0x40, 0x40, 0x03, 0x5d, 0x01, 0x41, 0xe8, 0xe8, 0xa0, 0x04, 0x00, 0x1c, 0x30,
    0x81, 0x03, 0x5e, 0x03, 0x01, 0x03, 0x02, 0x03, 0x1d, 0x03, 0x15, 0x03, 0x5f, 0x01, 0xcd, 0xd9,
    0x4e, 0x4d, 0x04, 0x00, 0x3c, 0x40, 0x81, 0x03, 0x17, 0x03, 0x60, 0x01, 0xe0, 0x8d, 0x0c, 0x5e,
    0x01, 0x03, 0x22, 0x96, 0x6e, 0x01, 0x1d, 0x00, 0x00, 0x00, 0x00, 0x16, 0x01, 0x02, 0x00, 0x00,
    0x00, 0x33, 0x35, 0x01, 0x01, 0x00, 0x00, 0x00, 0x00, 0x40, 0x10, 0x02, 0x00, 0x00, 0x41, 0x00,
    0x00, 0x00, 0x47, 0x01, 0x02, 0x03, 0x42, 0x01, 0x09, 0x00, 0x17, 0x28, 0x02, 0x03, 0x0c, 0x04,
    0x02, 0x00, 0x35, 0x03, 0x03, 0x00, 0x00, 0x00, 0x20, 0x40, 0x47, 0x03, 0x02, 0x02, 0x16, 0x14,
    0x04, 0x00, 0x0c, 0x15, 0x03, 0x00, 0x2c, 0x15, 0x03, 0x00, 0x14, 0x00, 0x00, 0x00, 0x16, 0x03,
    0x05, 0x00, 0x1b, 0x03, 0x02, 0x00, 0x08, 0x03, 0x20, 0x00, 0x38, 0x04, 0x00, 0x00, 0x08, 0x05,
    0x00, 0x00, 0x0e, 0x06, 0x00, 0x00, 0x00, 0x00, 0x00, 0x00, 0x10, 0x07, 0x01, 0x00, 0x41, 0x00,
    0x06, 0x00, 0x41, 0x01, 0x03, 0x00, 0x41, 0x01, 0x04, 0x00, 0x41, 0x02, 0x00, 0x00, 0x41, 0x02,
    0x01, 0x00, 0x41, 0x00, 0x07, 0x00, 0x41, 0x01, 0x05, 0x00, 0x0c, 0x08, 0x07, 0x00, 0x0c, 0x09,
    0x02, 0x00, 0x08, 0x0a, 0x00, 0x00, 0x47, 0x08, 0x03, 0x02, 0x16, 0x0a, 0x06, 0x00, 0x16, 0x0b,
    0x07, 0x00, 0x0c, 0x0c, 0x08, 0x00, 0x16, 0x0d, 0x08, 0x00, 0x12, 0x12, 0x01, 0x00, 0x0c, 0x13,
    0x04, 0x00, 0x47, 0x12, 0x02, 0x02, 0x0c, 0x0e, 0x12, 0x00, 0x16, 0x0f, 0x09, 0x00, 0x12, 0x12,
    0x01, 0x00, 0x0c, 0x13, 0x05, 0x00, 0x47, 0x12, 0x02, 0x02, 0x0c, 0x10, 0x12, 0x00, 0x16, 0x11,
    0x0a, 0x00, 0x4f, 0x09, 0x0a, 0x11, 0x22, 0x03, 0x00, 0x00, 0x1b, 0x09, 0x02, 0x00, 0x0b, 0x01,
    0x5e, 0x00, 0xfe, 0xd6, 0x04, 0x00, 0x00, 0x00, 0x40, 0x01, 0x8c, 0x8a, 0x4f, 0x40, 0x04, 0x00,
    0x00, 0x20, 0x40, 0x03, 0x1d, 0x03, 0x61, 0x03, 0x62, 0x03, 0x63, 0x03, 0x64, 0x03, 0x65, 0x03,
    0x60, 0x02, 0x1c, 0x1e, 0x00, 0x00, 0x00, 0x00, 0x04, 0x01, 0x00, 0x00, 0x00, 0x00, 0x08, 0x35,
    0x01, 0x01, 0x00, 0x00, 0x00, 0x00, 0x40, 0x0c, 0x02, 0x00, 0x00, 0x47, 0x01, 0x02, 0x03, 0x42,
    0x01, 0x01, 0x00, 0x1b, 0x02, 0x02, 0x00, 0x23, 0x03, 0x00, 0x00, 0x1b, 0x03, 0x02, 0x00, 0x02,
    0x01, 0x5e, 0x00, 0xfe, 0xd6, 0x04, 0x00, 0x00, 0x00, 0x40, 0x00, 0x00, 0x00, 0x00, 0x00, 0x07,
    0x02, 0x00, 0x00, 0x00, 0x00, 0x17, 0x48, 0x00, 0x03, 0x00, 0x00, 0x00, 0x00, 0x80, 0x23, 0x02,
    0x00, 0x00, 0x1b, 0x02, 0x02, 0x00, 0x35, 0x02, 0x01, 0x00, 0x00, 0x00, 0x00, 0x40, 0x35, 0x03,
    0x03, 0x00, 0x00, 0x00, 0x20, 0x40, 0x0c, 0x04, 0x00, 0x00, 0x47, 0x02, 0x03, 0x03, 0x42, 0x02,
    0x09, 0x00, 0x4c, 0x04, 0x03, 0x00, 0x13, 0x01, 0x07, 0x00, 0x04, 0x00, 0x00, 0x00, 0x35, 0x04,
    0x06, 0x00, 0x00, 0x14, 0x40, 0x80, 0x0c, 0x05, 0x03, 0x00, 0x16, 0x06, 0x07, 0x00, 0x47, 0x04,
    0x03, 0x02, 0x42, 0x04, 0x02, 0x00, 0x23, 0x04, 0x00, 0x00, 0x1b, 0x04, 0x02, 0x00, 0x1b, 0x03,
    0x02, 0x00, 0x08, 0x01, 0x5e, 0x00, 0xfe, 0xd6, 0x04, 0x00, 0x00, 0x00, 0x40, 0x01, 0x55, 0x00,
    0x16, 0xcb, 0x04, 0x00, 0x00, 0x20, 0x40, 0x01, 0xe0, 0x8d, 0x0c, 0x5e, 0x01, 0x41, 0xe8, 0xe8,
    0xa0, 0x04, 0x00, 0x14, 0x40, 0x80, 0x03, 0x5e, 0x00, 0x00, 0x00, 0x00, 0x00, 0x05, 0x01, 0x00,
    0x00, 0x00, 0x00, 0x0c, 0x17, 0x28, 0x00, 0x03, 0x0c, 0x02, 0x00, 0x00, 0x35, 0x01, 0x01, 0x00,
    0x00, 0x00, 0x00, 0x40, 0x47, 0x01, 0x02, 0x02, 0x16, 0x03, 0x02, 0x00, 0x0c, 0x04, 0x01, 0x00,
    0x21, 0x04, 0x02, 0x00, 0x03, 0x00, 0x00, 0x00, 0x1b, 0x00, 0x02, 0x00, 0x23, 0x01, 0x00, 0x00,
    0x1b, 0x01, 0x02, 0x00, 0x03, 0x01, 0x8c, 0x8a, 0x4f, 0x40, 0x04, 0x00, 0x00, 0x00, 0x40, 0x03,
    0x02, 0x00, 0x00, 0x00, 0x00, 0x00, 0x01, 0x00, 0x01, 0x00, 0x00, 0x00, 0x04, 0x12, 0x00, 0x00,
    0x00, 0x3b, 0x00, 0x00, 0x8e, 0x00, 0x00, 0x00, 0x00, 0x1b, 0x00, 0x02, 0x00, 0x01, 0x03, 0x66,
    0x00, 0x00, 0x00, 0x00, 0x00, 0x02, 0x00, 0x01, 0x00, 0x00, 0x00, 0x05, 0x35, 0x00, 0x01, 0x00,
    0x00, 0x00, 0x00, 0x40, 0x12, 0x01, 0x00, 0x00, 0x47, 0x00, 0x02, 0x00, 0x1b, 0x00, 0x00, 0x00,
    0x02, 0x01, 0x0b, 0xa6, 0x66, 0x94, 0x04, 0x00, 0x00, 0x00, 0x40, 0x00, 0x00, 0x00, 0x00, 0x00,
    0x02, 0x00, 0x01, 0x00, 0x00, 0x00, 0x05, 0x12, 0x00, 0x00, 0x00, 0x40, 0x00, 0x00, 0x00, 0x00,
    0x00, 0x00, 0x00, 0x47, 0x00, 0x02, 0x00, 0x1b, 0x00, 0x00, 0x00, 0x01, 0x01, 0x0e, 0x86, 0x6a,
    0x0d, 0x00, 0x00, 0x00, 0x00, 0x00, 0x02, 0x00, 0x01, 0x00, 0x00, 0x00, 0x05, 0x12, 0x00, 0x00,
    0x00, 0x40, 0x00, 0x00, 0x00, 0x00, 0x00, 0x00, 0x00, 0x47, 0x00, 0x02, 0x00, 0x1b, 0x00, 0x00,
    0x00, 0x01, 0x01, 0x26, 0x60, 0x54, 0x95, 0x00, 0x00, 0x00, 0x00, 0x00, 0x01, 0x00, 0x01, 0x00,
    0x00, 0x00, 0x04, 0x12, 0x00, 0x00, 0x00, 0x3b, 0x00, 0x00, 0xcc, 0x00, 0x00, 0x00, 0x00, 0x1b,
    0x00, 0x02, 0x00, 0x01, 0x03, 0x67, 0x00, 0x00, 0x00, 0x00, 0x00, 0x01, 0x00, 0x01, 0x00, 0x00,
    0x00, 0x04, 0x12, 0x00, 0x00, 0x00, 0x3b, 0x00, 0x00, 0xe0, 0x00, 0x00, 0x00, 0x00, 0x1b, 0x00,
    0x02, 0x00, 0x01, 0x03, 0x68, 0x00, 0x00, 0x00, 0x00, 0x00, 0x01, 0x00, 0x01, 0x00, 0x00, 0x00,
    0x04, 0x12, 0x00, 0x00, 0x00, 0x3b, 0x00, 0x00, 0xdf, 0x00, 0x00, 0x00, 0x00, 0x1b, 0x00, 0x02,
    0x00, 0x01, 0x03, 0x69, 0x00, 0x00, 0x00, 0x00, 0x00, 0x02, 0x00, 0x01, 0x00, 0x00, 0x00, 0x05,
    0x35, 0x00, 0x02, 0x00, 0x00, 0x04, 0x00, 0x80, 0x12, 0x01, 0x00, 0x00, 0x47, 0x00, 0x02, 0x00,
    0x1b, 0x00, 0x00, 0x00, 0x03, 0x01, 0xd0, 0x68, 0xca, 0xaa, 0x01, 0x89, 0xdf, 0xcf, 0x48, 0x04,
    0x00, 0x04, 0x00, 0x80, 0x00, 0x00, 0x00, 0x00, 0x00, 0x0a, 0x02, 0x02, 0x00, 0x00, 0x00, 0x0f,
    0x12, 0x02, 0x00, 0x00, 0x12, 0x05, 0x00, 0x00, 0x4c, 0x04, 0x05, 0x00, 0x32, 0x03, 0x04, 0x00,
    0x12, 0x08, 0x01, 0x00, 0x0c, 0x09, 0x00, 0x00, 0x47, 0x08, 0x02, 0x02, 0x0c, 0x05, 0x08, 0x00,
    0x16, 0x06, 0x01, 0x00, 0x12, 0x07, 0x01, 0x00, 0x0c, 0x08, 0x01, 0x00, 0x47, 0x07, 0x02, 0x02,
    0x4f, 0x04, 0x05, 0x07, 0x3d, 0x04, 0x02, 0x03, 0x1b, 0x00, 0x01, 0x00, 0x02, 0x02, 0x00, 0x00,
    0x00, 0x00, 0x00, 0x00, 0xf0, 0x3f, 0x03, 0x15, 0x00, 0x00, 0x00, 0x00, 0x00, 0x01, 0x00, 0x01,
    0x00, 0x00, 0x00, 0x04, 0x12, 0x00, 0x00, 0x00, 0x3b, 0x00, 0x00, 0xf3, 0x00, 0x00, 0x00, 0x00,
    0x1b, 0x00, 0x02, 0x00, 0x01, 0x03, 0x6a, 0x00, 0x00, 0x00, 0x00, 0x00, 0x01, 0x00, 0x01, 0x00,
    0x00, 0x00, 0x04, 0x12, 0x00, 0x00, 0x00, 0x3b, 0x00, 0x00, 0xff, 0x00, 0x00, 0x00, 0x00, 0x1b,
    0x00, 0x02, 0x00, 0x01, 0x03, 0x6b, 0x00, 0x00, 0x00, 0x00, 0x00, 0x01, 0x00, 0x01, 0x00, 0x00,
    0x00, 0x04, 0x12, 0x00, 0x00, 0x00, 0x3b, 0x00, 0x00, 0x65, 0x00, 0x00, 0x00, 0x00, 0x1b, 0x00,
    0x02, 0x00, 0x01, 0x03, 0x6c, 0x00, 0x00, 0x00, 0x00, 0x00, 0x01, 0x00, 0x01, 0x00, 0x00, 0x00,
    0x04, 0x12, 0x00, 0x00, 0x00, 0x3b, 0x00, 0x00, 0x13, 0x00, 0x00, 0x00, 0x00, 0x1b, 0x00, 0x02,
    0x00, 0x01, 0x03, 0x6d, 0x00, 0x00, 0x00, 0x00, 0x00, 0x01, 0x00, 0x01, 0x00, 0x00, 0x00, 0x04,
    0x12, 0x00, 0x00, 0x00, 0x3b, 0x00, 0x00, 0x8e, 0x00, 0x00, 0x00, 0x00, 0x1b, 0x00, 0x02, 0x00,
    0x01, 0x03, 0x6e, 0x00, 0x00, 0x00, 0x00, 0x00, 0x01, 0x00, 0x01, 0x00, 0x00, 0x00, 0x04, 0x12,
    0x00, 0x00, 0x00, 0x3b, 0x00, 0x00, 0xc0, 0x00, 0x00, 0x00, 0x00, 0x1b, 0x00, 0x02, 0x00, 0x01,
    0x03, 0x6f, 0x00, 0x00, 0x00, 0x00, 0x00, 0x01, 0x00, 0x01, 0x00, 0x00, 0x00, 0x04, 0x12, 0x00,
    0x00, 0x00, 0x3b, 0x00, 0x00, 0x01, 0x00, 0x00, 0x00, 0x00, 0x1b, 0x00, 0x02, 0x00, 0x01, 0x03,
    0x70, 0x00, 0x00, 0x00, 0x00, 0x00, 0x18, 0x02, 0x06, 0x00, 0x00, 0x00, 0xf0, 0x02, 0x12, 0x02,
    0x00, 0x00, 0x10, 0x03, 0x00, 0x00, 0x41, 0x00, 0x00, 0x00, 0x47, 0x02, 0x02, 0x02, 0x12, 0x03,
    0x01, 0x00, 0x10, 0x04, 0x01, 0x00, 0x41, 0x00, 0x02, 0x00, 0x47, 0x03, 0x02, 0x02, 0x12, 0x04,
    0x02, 0x00, 0x12, 0x05, 0x00, 0x00, 0x10, 0x06, 0x02, 0x00, 0x41, 0x00, 0x03, 0x00, 0x47, 0x05,
    0x02, 0x02, 0x08, 0x06, 0xc0, 0x00, 0x47, 0x04, 0x03, 0x02, 0x12, 0x05, 0x02, 0x00, 0x12, 0x06,
    0x00, 0x00, 0x10, 0x07, 0x03, 0x00, 0x41, 0x00, 0x03, 0x00, 0x47, 0x06, 0x02, 0x02, 0x08, 0x07,
    0xc0, 0x00, 0x47, 0x05, 0x03, 0x02, 0x12, 0x06, 0x03, 0x00, 0x10, 0x07, 0x04, 0x00, 0x41, 0x00,
    0x00, 0x00, 0x47, 0x06, 0x02, 0x02, 0x12, 0x07, 0x03, 0x00, 0x10, 0x08, 0x05, 0x00, 0x41, 0x00,
    0x00, 0x00, 0x47, 0x07, 0x02, 0x02, 0x12, 0x08, 0x03, 0x00, 0x10, 0x09, 0x06, 0x00, 0x41, 0x00,
    0x00, 0x00, 0x47, 0x08, 0x02, 0x02, 0x12, 0x09, 0x04, 0x00, 0x12, 0x0a, 0x00, 0x00, 0x10, 0x0b,
    0x07, 0x00, 0x41, 0x00, 0x06, 0x00, 0x47, 0x0a, 0x02, 0x00, 0x47, 0x09, 0x00, 0x02, 0x0e, 0x0a,
    0x00, 0x00, 0x00, 0x00, 0x00, 0x00, 0x10, 0x0b, 0x08, 0x00, 0x41, 0x00, 0x0a, 0x00, 0x41, 0x02,
    0x05, 0x00, 0x0c, 0x0c, 0x0b, 0x00, 0x16, 0x0d, 0x00, 0x00, 0x0c, 0x0e, 0x01, 0x00, 0x47, 0x0c,
    0x03, 0x01, 0x0c, 0x0c, 0x0b, 0x00, 0x16, 0x0d, 0x01, 0x00, 0x0c, 0x0e, 0x04, 0x00, 0x47, 0x0c,
    0x03, 0x01, 0x0c, 0x0c, 0x0b, 0x00, 0x16, 0x0d, 0x02, 0x00, 0x48, 0x04, 0x06, 0x00, 0x00, 0x00,
    0x00, 0x80, 0x12, 0x0e, 0x02, 0x00, 0x0c, 0x0f, 0x02, 0x00, 0x08, 0x10, 0x60, 0x00, 0x47, 0x0e,
    0x03, 0x02, 0x46, 0x0e, 0x01, 0x00, 0x23, 0x0e, 0x00, 0x00, 0x47, 0x0c, 0x03, 0x01, 0x0c, 0x0c,
    0x0b, 0x00, 0x16, 0x0d, 0x03, 0x00, 0x0c, 0x0e, 0x05, 0x00, 0x47, 0x0c, 0x03, 0x01, 0x0c, 0x0c,
    0x0b, 0x00, 0x16, 0x0d, 0x04, 0x00, 0x48, 0x05, 0x02, 0x00, 0x00, 0x00, 0x00, 0x80, 0x38, 0x0e,
    0x00, 0x01, 0x38, 0x0e, 0x01, 0x00, 0x47, 0x0c, 0x03, 0x01, 0x0c, 0x0c, 0x0b, 0x00, 0x16, 0x0d,
    0x05, 0x00, 0x12, 0x0e, 0x02, 0x00, 0x12, 0x0f, 0x00, 0x00, 0x10, 0x10, 0x09, 0x00, 0x41, 0x00,
    0x00, 0x00, 0x47, 0x0f, 0x02, 0x02, 0x08, 0x10, 0x60, 0x00, 0x47, 0x0e, 0x03, 0x00, 0x47, 0x0c,
    0x00, 0x01, 0x0c, 0x0c, 0x0b, 0x00, 0x16, 0x0d, 0x06, 0x00, 0x12, 0x0e, 0x03, 0x00, 0x10, 0x0f,
    0x0a, 0x00, 0x41, 0x00, 0x00, 0x00, 0x47, 0x0e, 0x02, 0x00, 0x47, 0x0c, 0x00, 0x01, 0x0c, 0x0c,
    0x0b, 0x00, 0x16, 0x0d, 0x07, 0x00, 0x0c, 0x0e, 0x06, 0x00, 0x47, 0x0c, 0x03, 0x01, 0x0c, 0x0c,
    0x0b, 0x00, 0x16, 0x0d, 0x08, 0x00, 0x0c, 0x0e, 0x07, 0x00, 0x47, 0x0c, 0x03, 0x01, 0x0c, 0x0c,
    0x0b, 0x00, 0x16, 0x0d, 0x09, 0x00, 0x0c, 0x0e, 0x08, 0x00, 0x47, 0x0c, 0x03, 0x01, 0x0c, 0x0c,
    0x0b, 0x00, 0x16, 0x0d, 0x0a, 0x00, 0x12, 0x0e, 0x04, 0x00, 0x12, 0x0f, 0x00, 0x00, 0x10, 0x10,
    0x0b, 0x00, 0x41, 0x00, 0x00, 0x00, 0x47, 0x0f, 0x02, 0x00, 0x47, 0x0e, 0x00, 0x00, 0x47, 0x0c,
    0x00, 0x01, 0x0c, 0x0c, 0x0b, 0x00, 0x16, 0x0d, 0x0b, 0x00, 0x12, 0x0e, 0x04, 0x00, 0x12, 0x0f,
    0x00, 0x00, 0x10, 0x10, 0x0c, 0x00, 0x41, 0x00, 0x00, 0x00, 0x47, 0x0f, 0x02, 0x00, 0x47, 0x0e,
    0x00, 0x00, 0x47, 0x0c, 0x00, 0x01, 0x0c, 0x0c, 0x0b, 0x00, 0x16, 0x0d, 0x0c, 0x00, 0x12, 0x0e,
    0x04, 0x00, 0x12, 0x0f, 0x00, 0x00, 0x10, 0x10, 0x0d, 0x00, 0x41, 0x00, 0x00, 0x00, 0x47, 0x0f,
    0x02, 0x00, 0x47, 0x0e, 0x00, 0x00, 0x47, 0x0c, 0x00, 0x01, 0x0c, 0x0c, 0x0b, 0x00, 0x16, 0x0d,
    0x0d, 0x00, 0x12, 0x0e, 0x04, 0x00, 0x12, 0x0f, 0x00, 0x00, 0x10, 0x10, 0x0e, 0x00, 0x41, 0x00,
    0x00, 0x00, 0x47, 0x0f, 0x02, 0x00, 0x47, 0x0e, 0x00, 0x00, 0x47, 0x0c, 0x00, 0x01, 0x0c, 0x0c,
    0x0b, 0x00, 0x16, 0x0d, 0x0e, 0x00, 0x0c, 0x0e, 0x09, 0x00, 0x47, 0x0c, 0x03, 0x01, 0x0c, 0x0c,
    0x0b, 0x00, 0x16, 0x0d, 0x0f, 0x00, 0x16, 0x16, 0x10, 0x00, 0x0c, 0x17, 0x06, 0x00, 0x2c, 0x17,
    0x05, 0x00, 0x16, 0x00, 0x00, 0x00, 0x16, 0x16, 0x11, 0x00, 0x0c, 0x17, 0x06, 0x00, 0x21, 0x17,
    0x03, 0x00, 0x16, 0x00, 0x00, 0x00, 0x0c, 0x0e, 0x07, 0x00, 0x46, 0x0e, 0x13, 0x00, 0x16, 0x16,
    0x12, 0x00, 0x0c, 0x17, 0x06, 0x00, 0x2c, 0x17, 0x0d, 0x00, 0x16, 0x00, 0x00, 0x00, 0x16, 0x16,
    0x13, 0x00, 0x0c, 0x17, 0x06, 0x00, 0x2c, 0x17, 0x09, 0x00, 0x16, 0x00, 0x00, 0x00, 0x16, 0x16,
    0x14, 0x00, 0x0c, 0x17, 0x06, 0x00, 0x2c, 0x17, 0x05, 0x00, 0x16, 0x00, 0x00, 0x00, 0x16, 0x16,
    0x15, 0x00, 0x0c, 0x17, 0x06, 0x00, 0x21, 0x17, 0x03, 0x00, 0x16, 0x00, 0x00, 0x00, 0x0c, 0x0e,
    0x08, 0x00, 0x46, 0x0e, 0x01, 0x00, 0x23, 0x0e, 0x00, 0x00, 0x47, 0x0c, 0x03, 0x01, 0x0c, 0x0c,
    0x0b, 0x00, 0x16, 0x0d, 0x16, 0x00, 0x16, 0x16, 0x17, 0x00, 0x0c, 0x17, 0x06, 0x00, 0x2c, 0x17,
    0x0d, 0x00, 0x16, 0x00, 0x00, 0x00, 0x16, 0x16, 0x13, 0x00, 0x0c, 0x17, 0x06, 0x00, 0x2c, 0x17,
    0x09, 0x00, 0x16, 0x00, 0x00, 0x00, 0x16, 0x16, 0x14, 0x00, 0x0c, 0x17, 0x06, 0x00, 0x2c, 0x17,
    0x05, 0x00, 0x16, 0x00, 0x00, 0x00, 0x16, 0x16, 0x15, 0x00, 0x0c, 0x17, 0x06, 0x00, 0x21, 0x17,
    0x03, 0x00, 0x16, 0x00, 0x00, 0x00, 0x0c, 0x0e, 0x07, 0x00, 0x46, 0x0e, 0x0d, 0x00, 0x16, 0x16,
    0x18, 0x00, 0x0c, 0x17, 0x06, 0x00, 0x21, 0x17, 0x03, 0x00, 0x16, 0x00, 0x00, 0x00, 0x0c, 0x0e,
    0x08, 0x00, 0x46, 0x0e, 0x07, 0x00, 0x16, 0x16, 0x19, 0x00, 0x0c, 0x17, 0x06, 0x00, 0x21, 0x17,
    0x03, 0x00, 0x16, 0x00, 0x00, 0x00, 0x0c, 0x0e, 0x08, 0x00, 0x46, 0x0e, 0x01, 0x00, 0x23, 0x0e,
    0x00, 0x00, 0x47, 0x0c, 0x03, 0x01, 0x0c, 0x0c, 0x0b, 0x00, 0x16, 0x0d, 0x1a, 0x00, 0x16, 0x16,
    0x1b, 0x00, 0x0c, 0x17, 0x06, 0x00, 0x2c, 0x17, 0x05, 0x00, 0x16, 0x00, 0x00, 0x00, 0x16, 0x16,
    0x1c, 0x00, 0x0c, 0x17, 0x06, 0x00, 0x21, 0x17, 0x03, 0x00, 0x16, 0x00, 0x00, 0x00, 0x0c, 0x0e,
    0x07, 0x00, 0x46, 0x0e, 0x13, 0x00, 0x16, 0x16, 0x1d, 0x00, 0x0c, 0x17, 0x06, 0x00, 0x2c, 0x17,
    0x05, 0x00, 0x16, 0x00, 0x00, 0x00, 0x16, 0x16, 0x1e, 0x00, 0x0c, 0x17, 0x06, 0x00, 0x21, 0x17,
    0x03, 0x00, 0x16, 0x00, 0x00, 0x00, 0x0c, 0x0e, 0x08, 0x00, 0x46, 0x0e, 0x09, 0x00, 0x16, 0x16,
    0x1f, 0x00, 0x0c, 0x17, 0x06, 0x00, 0x21, 0x17, 0x05, 0x00, 0x16, 0x00, 0x00, 0x00, 0x48, 0x08,
    0x03, 0x00, 0x00, 0x00, 0x00, 0x00, 0x4e, 0x0e, 0x08, 0x20, 0x46, 0x0e, 0x01, 0x00, 0x23, 0x0e,
    0x00, 0x00, 0x47, 0x0c, 0x03, 0x01, 0x0c, 0x0c, 0x0b, 0x00, 0x16, 0x0d, 0x21, 0x00, 0x38, 0x16,
    0x01, 0x00, 0x0c, 0x17, 0x09, 0x00, 0x21, 0x17, 0x08, 0x00, 0x16, 0x00, 0x00, 0x00, 0x48, 0x07,
    0x06, 0x00, 0x00, 0x00, 0x00, 0x00, 0x08, 0x0f, 0x00, 0x00, 0x04, 0x0f, 0x03, 0x00, 0x07, 0x00,
    0x00, 0x00, 0x0c, 0x0e, 0x07, 0x00, 0x46, 0x0e, 0x01, 0x00, 0x23, 0x0e, 0x00, 0x00, 0x47, 0x0c,
    0x03, 0x01, 0x0c, 0x0c, 0x0b, 0x00, 0x16, 0x0d, 0x22, 0x00, 0x38, 0x0e, 0x00, 0x00, 0x38, 0x16,
    0x01, 0x00, 0x0c, 0x17, 0x09, 0x00, 0x21, 0x17, 0x09, 0x00, 0x16, 0x00, 0x00, 0x00, 0x38, 0x0e,
    0x00, 0x00, 0x48, 0x07, 0x06, 0x00, 0x00, 0x00, 0x00, 0x00, 0x08, 0x0f, 0x00, 0x00, 0x13, 0x07,
    0x02, 0x00, 0x0f, 0x00, 0x00, 0x00, 0x38, 0x0e, 0x00, 0x01, 0x38, 0x0e, 0x01, 0x00, 0x47, 0x0c,
    0x03, 0x01, 0x0c, 0x0c, 0x0b, 0x00, 0x16, 0x0d, 0x23, 0x00, 0x23, 0x0e, 0x00, 0x00, 0x47, 0x0c,
    0x03, 0x01, 0x0c, 0x0c, 0x0b, 0x00, 0x16, 0x0d, 0x24, 0x00, 0x16, 0x0e, 0x25, 0x00, 0x47, 0x0c,
    0x03, 0x01, 0x12, 0x0c, 0x00, 0x00, 0x10, 0x0d, 0x0f, 0x00, 0x41, 0x00, 0x00, 0x00, 0x47, 0x0c,
    0x02, 0x02, 0x0e, 0x0d, 0x00, 0x00, 0x00, 0x00, 0x00, 0x00, 0x17, 0x28, 0x0c, 0x03, 0x0c, 0x0f,
    0x0c, 0x00, 0x35, 0x0e, 0x27, 0x00, 0x00, 0x00, 0x60, 0x42, 0x47, 0x0e, 0x02, 0x02, 0x16, 0x16,
    0x28, 0x00, 0x0c, 0x17, 0x0e, 0x00, 0x21, 0x17, 0x12, 0x00, 0x16, 0x00, 0x00, 0x00, 0x08, 0x10,
    0x01, 0x00, 0x4c, 0x0e, 0x0c, 0x00, 0x08, 0x0f, 0x01, 0x00, 0x1d, 0x0e, 0x0d, 0x00, 0x08, 0x11,
    0x04, 0x00, 0x13, 0x11, 0x0b, 0x00, 0x10, 0x00, 0x00, 0x00, 0x4c, 0x12, 0x0d, 0x00, 0x32, 0x11,
    0x12, 0x29, 0x12, 0x12, 0x05, 0x00, 0x12, 0x13, 0x02, 0x00, 0x43, 0x14, 0x0c, 0x10, 0x08, 0x15,
    0x60, 0x00, 0x47, 0x13, 0x03, 0x00, 0x47, 0x12, 0x00, 0x02, 0x3d, 0x12, 0x0d, 0x11, 0x51, 0x0e,
    0xf3, 0xff, 0x4c, 0x0f, 0x0a, 0x00, 0x32, 0x0e, 0x0f, 0x29, 0x16, 0x10, 0x2a, 0x00, 0x35, 0x13,
    0x2c, 0x00, 0x00, 0xac, 0x30, 0x83, 0x0c, 0x14, 0x0d, 0x00, 0x16, 0x15, 0x2d, 0x00, 0x47, 0x13,
    0x03, 0x02, 0x0c, 0x11, 0x13, 0x00, 0x16, 0x12, 0x2e, 0x00, 0x4f, 0x0f, 0x10, 0x12, 0x3d, 0x0f,
    0x0a, 0x0e, 0x0c, 0x0e, 0x0b, 0x00, 0x16, 0x0f, 0x2f, 0x00, 0x17, 0x28, 0x0c, 0x03, 0x0c, 0x12,
    0x0c, 0x00, 0x35, 0x11, 0x27, 0x00, 0x00, 0x00, 0x60, 0x42, 0x47, 0x11, 0x02, 0x02, 0x16, 0x16,
    0x28, 0x00, 0x0c, 0x17, 0x11, 0x00, 0x2c, 0x17, 0x02, 0x00, 0x16, 0x00, 0x00, 0x00, 0x38, 0x10,
    0x00, 0x01, 0x38, 0x10, 0x01, 0x00, 0x47, 0x0e, 0x03, 0x01, 0x0c, 0x0e, 0x0b, 0x00, 0x16, 0x0f,
    0x30, 0x00, 0x38, 0x10, 0x00, 0x00, 0x17, 0x28, 0x0c, 0x03, 0x0c, 0x12, 0x0c, 0x00, 0x35, 0x11,
    0x27, 0x00, 0x00, 0x00, 0x60, 0x42, 0x47, 0x11, 0x02, 0x02, 0x16, 0x16, 0x28, 0x00, 0x0c, 0x17,
    0x11, 0x00, 0x21, 0x17, 0x07, 0x00, 0x16, 0x00, 0x00, 0x00, 0x4c, 0x11, 0x0c, 0x00, 0x08, 0x12,
    0x04, 0x00, 0x13, 0x12, 0x02, 0x00, 0x11, 0x00, 0x00, 0x00, 0x38, 0x10, 0x00, 0x01, 0x38, 0x10,
    0x01, 0x00, 0x47, 0x0e, 0x03, 0x01, 0x16, 0x0f, 0x31, 0x00, 0x35, 0x12, 0x2c, 0x00, 0x00, 0xac,
    0x30, 0x83, 0x0c, 0x13, 0x0a, 0x00, 0x16, 0x14, 0x2d, 0x00, 0x47, 0x12, 0x03, 0x02, 0x0c, 0x10,
    0x12, 0x00, 0x16, 0x11, 0x32, 0x00, 0x4f, 0x0e, 0x0f, 0x11, 0x1b, 0x0e, 0x02, 0x00, 0x34, 0x03,
    0x71, 0x03, 0x72, 0x03, 0x73, 0x03, 0x74, 0x03, 0x75, 0x03, 0x76, 0x03, 0x77, 0x03, 0x78, 0x03,
    0x79, 0x03, 0x7a, 0x03, 0x7b, 0x03, 0x7c, 0x03, 0x7d, 0x03, 0x7e, 0x03, 0x7f, 0x03, 0x80, 0x01,
    0x02, 0x00, 0x00, 0x00, 0x00, 0x00, 0x00, 0x00, 0x40, 0x02, 0x00, 0x00, 0x00, 0x00, 0x00, 0x00,
    0x10, 0x40, 0x02, 0x00, 0x00, 0x00, 0x00, 0x00, 0x00, 0x08, 0x40, 0x02, 0x00, 0x00, 0x00, 0x00,
    0x00, 0x00, 0x20, 0x40, 0x02, 0x00, 0x00, 0x00, 0x00, 0x00, 0x00, 0x22, 0x40, 0x02, 0x00, 0x00,
    0x00, 0x00, 0x00, 0x00, 0x26, 0x40, 0x03, 0x81, 0x01, 0x02, 0x00, 0x00, 0x00, 0x00, 0x00, 0x00,
    0x14, 0x40, 0x02, 0x00, 0x00, 0x00, 0x00, 0x00, 0x00, 0x1c, 0x40, 0x02, 0x00, 0x00, 0x00, 0x00,
    0x00, 0x00, 0x2e, 0x40, 0x03, 0x82, 0x01, 0x02, 0x00, 0x00, 0x00, 0x00, 0x00, 0x00, 0x18, 0x40,
    0x02, 0x00, 0x00, 0x00, 0x00, 0x00, 0x00, 0x28, 0x40, 0x02, 0x00, 0x00, 0x00, 0x00, 0x00, 0x00,
    0x2a, 0x40, 0x02, 0x00, 0x00, 0x00, 0x00, 0x00, 0x00, 0x2c, 0x40, 0x02, 0x00, 0x00, 0x00, 0x00,
    0x00, 0x00, 0x30, 0x40, 0x02, 0x00, 0x00, 0x00, 0x00, 0x00, 0x00, 0x59, 0x40, 0x03, 0x83, 0x01,
    0x03, 0x84, 0x01, 0x03, 0x85, 0x01, 0x03, 0x86, 0x01, 0x03, 0x87, 0x01, 0x01, 0x8c, 0x8a, 0x4f,
    0x40, 0x04, 0x00, 0x00, 0x60, 0x42, 0x03, 0x1d, 0x02, 0x00, 0x00, 0x00, 0x00, 0x00, 0x00, 0xf0,
    0x3f, 0x03, 0x88, 0x01, 0x01, 0xcd, 0xd9, 0x4e, 0x4d, 0x04, 0x00, 0xac, 0x30, 0x83, 0x03, 0x17,
    0x03, 0x89, 0x01, 0x03, 0x8a, 0x01, 0x03, 0x8b, 0x01, 0x03, 0x5f, 0x03, 0x60, 0x01, 0x03, 0x22,
    0x96, 0x6e, 0x10, 0x23, 0x24, 0x25, 0x26, 0x27, 0x28, 0x29, 0x2a, 0x2b, 0x2c, 0x2d, 0x2e, 0x2f,
    0x30, 0x31, 0x32, 0x00, 0x00, 0x00, 0x00, 0x07, 0x01, 0x00, 0x00, 0x00, 0x00, 0x22, 0x48, 0x00,
    0x03, 0x00, 0x00, 0x00, 0x00, 0x80, 0x23, 0x01, 0x00, 0x00, 0x1b, 0x01, 0x02, 0x00, 0x35, 0x01,
    0x01, 0x00, 0x00, 0x00, 0x00, 0x40, 0x35, 0x02, 0x03, 0x00, 0x00, 0x00, 0x20, 0x40, 0x0c, 0x03,
    0x00, 0x00, 0x47, 0x01, 0x03, 0x03, 0x46, 0x01, 0x02, 0x00, 0x16, 0x03, 0x04, 0x00, 0x1b, 0x03,
    0x02, 0x00, 0x35, 0x03, 0x07, 0x00, 0x00, 0x18, 0x50, 0x80, 0x0c, 0x04, 0x02, 0x00, 0x16, 0x05,
    0x08, 0x00, 0x16, 0x06, 0x09, 0x00, 0x47, 0x03, 0x04, 0x02, 0x0c, 0x02, 0x03, 0x00, 0x4c, 0x03,
    0x02, 0x00, 0x08, 0x04, 0x00, 0x01, 0x53, 0x04, 0x0a, 0x00, 0x03, 0x00, 0x00, 0x00, 0x08, 0x05,
    0x01, 0x00, 0x08, 0x06, 0x00, 0x01, 0x3f, 0x2d, 0x02, 0x04, 0x05, 0x06, 0x00, 0x00, 0x0c, 0x04,
    0x02, 0x00, 0x35, 0x03, 0x0b, 0x00, 0x00, 0x28, 0x50, 0x80, 0x47, 0x03, 0x04, 0x02, 0x0c, 0x02,
    0x03, 0x00, 0x1b, 0x02, 0x02, 0x00, 0x0c, 0x01, 0x5e, 0x00, 0xfe, 0xd6, 0x04, 0x00, 0x00, 0x00,
    0x40, 0x01, 0x55, 0x00, 0x16, 0xcb, 0x04, 0x00, 0x00, 0x20, 0x40, 0x03, 0x8c, 0x01, 0x01, 0xe0,
    0x8d, 0x0c, 0x5e, 0x01, 0xee, 0xef, 0x75, 0x2f, 0x04, 0x00, 0x18, 0x50, 0x80, 0x03, 0x5e, 0x03,
    0x8d, 0x01, 0x01, 0xbc, 0x05, 0xdb, 0x05, 0x04, 0x00, 0x28, 0x50, 0x80, 0x00, 0x00, 0x00, 0x00,
    0x00, 0x02, 0x00, 0x01, 0x00, 0x00, 0x00, 0x05, 0x12, 0x00, 0x00, 0x00, 0x40, 0x00, 0x00, 0x00,
    0x00, 0x00, 0x00, 0x00, 0x47, 0x00, 0x02, 0x00, 0x1b, 0x00, 0x00, 0x00, 0x01, 0x01, 0x11, 0xc4,
    0xb6, 0xba, 0x00, 0x00, 0x00, 0x00, 0x00, 0x3f, 0x08, 0x06, 0x00, 0x00, 0x00, 0x9d, 0x02, 0x48,
    0x00, 0x03, 0x00, 0x00, 0x00, 0x00, 0x80, 0x08, 0x08, 0x00, 0x00, 0x1b, 0x08, 0x02, 0x00, 0x48,
    0x06, 0x02, 0x00, 0x00, 0x00, 0x00, 0x80, 0x38, 0x06, 0x01, 0x00, 0x17, 0x28, 0x03, 0x03, 0x0c,
    0x09, 0x03, 0x00, 0x35, 0x08, 0x01, 0x00, 0x00, 0x00, 0x00, 0x40, 0x47, 0x08, 0x02, 0x02, 0x0c,
    0x09, 0x06, 0x00, 0x42, 0x09, 0x0b, 0x00, 0x38, 0x09, 0x01, 0x00, 0x16, 0x3d, 0x02, 0x00, 0x0c,
    0x3e, 0x08, 0x00, 0x2c, 0x3e, 0x07, 0x00, 0x3d, 0x00, 0x00, 0x00, 0x16, 0x3d, 0x03, 0x00, 0x0c,
    0x3e, 0x08, 0x00, 0x2c, 0x3e, 0x02, 0x00, 0x3d, 0x00, 0x00, 0x00, 0x38, 0x09, 0x00, 0x01, 0x38,
    0x09, 0x01, 0x00, 0x23, 0x0a, 0x00, 0x00, 0x42, 0x09, 0x06, 0x00, 0x48, 0x03, 0x03, 0x00, 0x00,
    0x00, 0x00, 0x80, 0x08, 0x0b, 0x00, 0x00, 0x29, 0x00, 0x01, 0x00, 0x4c, 0x0b, 0x03, 0x00, 0x0c,
    0x0a, 0x0b, 0x00, 0x23, 0x0b, 0x00, 0x00, 0x46, 0x06, 0x02, 0x00, 0x16, 0x0b, 0x04, 0x00, 0x29,
    0x00, 0x02, 0x00, 0x46, 0x09, 0x01, 0x00, 0x16, 0x0b, 0x05, 0x00, 0x42, 0x05, 0x06, 0x00, 0x16,
    0x3d, 0x06, 0x00, 0x0c, 0x3e, 0x0a, 0x00, 0x21, 0x3e, 0x03, 0x00, 0x3d, 0x00, 0x00, 0x00, 0x08,
    0x0c, 0x00, 0x00, 0x1b, 0x0c, 0x02, 0x00, 0x48, 0x0a, 0x03, 0x00, 0x00, 0x00, 0x00, 0x00, 0x0c,
    0x0c, 0x0a, 0x00, 0x46, 0x0c, 0x01, 0x00, 0x08, 0x0c, 0x00, 0x00, 0x08, 0x0d, 0x20, 0x00, 0x53,
    0x0d, 0x02, 0x00, 0x0c, 0x00, 0x00, 0x00, 0x08, 0x0c, 0x20, 0x00, 0x0e, 0x0d, 0x00, 0x00, 0x00,
    0x00, 0x00, 0x00, 0x08, 0x10, 0x01, 0x00, 0x0c, 0x0e, 0x0c, 0x00, 0x08, 0x0f, 0x01, 0x00, 0x1d,
    0x0e, 0x06, 0x00, 0x12, 0x11, 0x00, 0x00, 0x43, 0x12, 0x03, 0x10, 0x0c, 0x13, 0x10, 0x00, 0x47,
    0x11, 0x03, 0x02, 0x3d, 0x11, 0x0d, 0x10, 0x51, 0x0e, 0xfa, 0xff, 0x12, 0x0e, 0x01, 0x00, 0x12,
    0x0f, 0x02, 0x00, 0x10, 0x10, 0x00, 0x00, 0x41, 0x00, 0x02, 0x00, 0x47, 0x0f, 0x02, 0x02, 0x08,
    0x10, 0xc0, 0x00, 0x47, 0x0e, 0x03, 0x02, 0x12, 0x0f, 0x03, 0x00, 0x0c, 0x10, 0x07, 0x00, 0x47,
    0x0f, 0x02, 0x02, 0x35, 0x10, 0x08, 0x00, 0x00, 0x1c, 0x40, 0x82, 0x0e, 0x11, 0x00, 0x00, 0x0a,
    0x00, 0x00, 0x00, 0x17, 0x3f, 0x04, 0x03, 0x0c, 0x13, 0x04, 0x00, 0x35, 0x12, 0x0a, 0x00, 0x00,
    0x00, 0x90, 0x40, 0x47, 0x12, 0x02, 0x02, 0x17, 0x3f, 0x09, 0x03, 0x0c, 0x14, 0x09, 0x00, 0x35,
    0x13, 0x0a, 0x00, 0x00, 0x00, 0x90, 0x40, 0x47, 0x13, 0x02, 0x02, 0x17, 0x3f, 0x0b, 0x03, 0x0c,
    0x15, 0x0b, 0x00, 0x35, 0x14, 0x0a, 0x00, 0x00, 0x00, 0x90, 0x40, 0x47, 0x14, 0x02, 0x02, 0x17,
    0x3f, 0x06, 0x03, 0x0c, 0x16, 0x06, 0x00, 0x35, 0x15, 0x0a, 0x00, 0x00, 0x00, 0x90, 0x40, 0x47,
    0x15, 0x02, 0x02, 0x17, 0x3f, 0x08, 0x03, 0x0c, 0x17, 0x08, 0x00, 0x35, 0x16, 0x0a, 0x00, 0x00,
    0x00, 0x90, 0x40, 0x47, 0x16, 0x02, 0x02, 0x17, 0x3f, 0x0f, 0x03, 0x0c, 0x18, 0x0f, 0x00, 0x35,
    0x17, 0x0a, 0x00, 0x00, 0x00, 0x90, 0x40, 0x47, 0x17, 0x02, 0x02, 0x17, 0x3f, 0x0a, 0x03, 0x0c,
    0x19, 0x0a, 0x00, 0x35, 0x18, 0x0a, 0x00, 0x00, 0x00, 0x90, 0x40, 0x47, 0x18, 0x02, 0x02, 0x17,
    0x3f, 0x0c, 0x03, 0x0c, 0x1a, 0x0c, 0x00, 0x35, 0x19, 0x0a, 0x00, 0x00, 0x00, 0x90, 0x40, 0x47,
    0x19, 0x02, 0x02, 0x17, 0x3f, 0x0e, 0x03, 0x0c, 0x1b, 0x0e, 0x00, 0x35, 0x1a, 0x0a, 0x00, 0x00,
    0x00, 0x90, 0x40, 0x47, 0x1a, 0x02, 0x02, 0x35, 0x1b, 0x08, 0x00, 0x00, 0x1c, 0x40, 0x82, 0x0c,
    0x1c, 0x0d, 0x00, 0x16, 0x1d, 0x0b, 0x00, 0x47, 0x1b, 0x03, 0x00, 0x03, 0x11, 0x12, 0x00, 0x01,
    0x00, 0x00, 0x00, 0x16, 0x12, 0x0c, 0x00, 0x47, 0x10, 0x03, 0x02, 0x12, 0x12, 0x04, 0x00, 0x43,
    0x11, 0x12, 0x04, 0x21, 0x11, 0x03, 0x00, 0x10, 0x00, 0x00, 0x00, 0x08, 0x11, 0x00, 0x00, 0x1b,
    0x11, 0x02, 0x00, 0x12, 0x11, 0x04, 0x00, 0x3d, 0x10, 0x11, 0x04, 0x08, 0x11, 0x01, 0x00, 0x08,
    0x12, 0x00, 0x00, 0x53, 0x12, 0x08, 0x00, 0x0c, 0x00, 0x00, 0x00, 0x08, 0x11, 0x00, 0x00, 0x08,
    0x14, 0x01, 0x00, 0x0c, 0x12, 0x0c, 0x00, 0x08, 0x13, 0x02, 0x00, 0x1d, 0x12, 0x02, 0x00, 0x32,
    0x11, 0x11, 0x0d, 0x51, 0x12, 0xfe, 0xff, 0x08, 0x12, 0x00, 0x00, 0x08, 0x15, 0x01, 0x00, 0x0c,
    0x13, 0x11, 0x00, 0x08, 0x14, 0x01, 0x00, 0x1d, 0x13, 0x7d, 0x00, 0x0e, 0x16, 0x00, 0x00, 0x00,
    0x00, 0x00, 0x00, 0x16, 0x3d, 0x0d, 0x00, 0x52, 0x1b, 0x15, 0x3d, 0x24, 0x1a, 0x1b, 0x0e, 0x32,
    0x19, 0x1a, 0x0d, 0x24, 0x17, 0x15, 0x0e, 0x08, 0x18, 0x01, 0x00, 0x1d, 0x17, 0x07, 0x00, 0x13,
    0x0c, 0x06, 0x00, 0x19, 0x00, 0x00, 0x00, 0x4c, 0x1b, 0x16, 0x00, 0x32, 0x1a, 0x1b, 0x0d, 0x43,
    0x1b, 0x0d, 0x19, 0x3d, 0x1b, 0x16, 0x1a, 0x51, 0x17, 0xf9, 0xff, 0x16, 0x18, 0x0f, 0x00, 0x12,
    0x39, 0x05, 0x00, 0x0c, 0x3a, 0x01, 0x00, 0x47, 0x39, 0x02, 0x02, 0x0c, 0x19, 0x39, 0x00, 0x16,
    0x1a, 0x10, 0x00, 0x12, 0x39, 0x05, 0x00, 0x0c, 0x3a, 0x04, 0x00, 0x47, 0x39, 0x02, 0x02, 0x0c,
    0x1b, 0x39, 0x00, 0x16, 0x1c, 0x11, 0x00, 0x12, 0x39, 0x05, 0x00, 0x12, 0x3a, 0x01, 0x00, 0x0c,
    0x3b, 0x02, 0x00, 0x08, 0x3c, 0x60, 0x00, 0x47, 0x3a, 0x03, 0x00, 0x47, 0x39, 0x00, 0x02, 0x0c,
    0x1d, 0x39, 0x00, 0x16, 0x1e, 0x12, 0x00, 0x12, 0x39, 0x05, 0x00, 0x0c, 0x3a, 0x0e, 0x00, 0x47,
    0x39, 0x02, 0x02, 0x0c, 0x1f, 0x39, 0x00, 0x16, 0x20, 0x13, 0x00, 0x12, 0x39, 0x05, 0x00, 0x0c,
    0x3a, 0x09, 0x00, 0x47, 0x39, 0x02, 0x02, 0x0c, 0x21, 0x39, 0x00, 0x16, 0x22, 0x14, 0x00, 0x12,
    0x39, 0x05, 0x00, 0x0c, 0x3a, 0x0b, 0x00, 0x47, 0x39, 0x02, 0x02, 0x0c, 0x23, 0x39, 0x00, 0x16,
    0x24, 0x15, 0x00, 0x12, 0x39, 0x05, 0x00, 0x0c, 0x3a, 0x06, 0x00, 0x47, 0x39, 0x02, 0x02, 0x0c,
    0x25, 0x39, 0x00, 0x16, 0x26, 0x16, 0x00, 0x12, 0x39, 0x05, 0x00, 0x0c, 0x3a, 0x08, 0x00, 0x47,
    0x39, 0x02, 0x02, 0x0c, 0x27, 0x39, 0x00, 0x16, 0x28, 0x17, 0x00, 0x12, 0x39, 0x05, 0x00, 0x0c,
    0x3a, 0x0f, 0x00, 0x47, 0x39, 0x02, 0x02, 0x0c, 0x29, 0x39, 0x00, 0x16, 0x2a, 0x18, 0x00, 0x12,
    0x39, 0x05, 0x00, 0x0c, 0x3a, 0x09, 0x00, 0x42, 0x3a, 0x06, 0x00, 0x16, 0x3d, 0x06, 0x00, 0x0c,
    0x3e, 0x0a, 0x00, 0x2c, 0x3e, 0x02, 0x00, 0x3d, 0x00, 0x00, 0x00, 0x38, 0x3a, 0x00, 0x01, 0x38,
    0x3a, 0x01, 0x00, 0x47, 0x39, 0x02, 0x02, 0x0c, 0x2b, 0x39, 0x00, 0x16, 0x2c, 0x19, 0x00, 0x12,
    0x39, 0x05, 0x00, 0x0c, 0x3a, 0x0a, 0x00, 0x47, 0x39, 0x02, 0x02, 0x0c, 0x2d, 0x39, 0x00, 0x16,
    0x2e, 0x1a, 0x00, 0x12, 0x39, 0x05, 0x00, 0x0c, 0x3a, 0x0c, 0x00, 0x47, 0x39, 0x02, 0x02, 0x0c,
    0x2f, 0x39, 0x00, 0x16, 0x30, 0x1b, 0x00, 0x12, 0x39, 0x05, 0x00, 0x38, 0x3a, 0x00, 0x00, 0x48,
    0x0a, 0x05, 0x00, 0x00, 0x00, 0x00, 0x00, 0x13, 0x0c, 0x02, 0x00, 0x0a, 0x00, 0x00, 0x00, 0x38,
    0x3a, 0x00, 0x01, 0x38, 0x3a, 0x01, 0x00, 0x47, 0x39, 0x02, 0x02, 0x0c, 0x31, 0x39, 0x00, 0x16,
    0x32, 0x1c, 0x00, 0x12, 0x39, 0x05, 0x00, 0x0c, 0x3a, 0x15, 0x00, 0x47, 0x39, 0x02, 0x02, 0x0c,
    0x33, 0x39, 0x00, 0x16, 0x34, 0x1d, 0x00, 0x12, 0x39, 0x05, 0x00, 0x0c, 0x3a, 0x11, 0x00, 0x47,
    0x39, 0x02, 0x02, 0x0c, 0x35, 0x39, 0x00, 0x16, 0x36, 0x1e, 0x00, 0x35, 0x39, 0x08, 0x00, 0x00,
    0x1c, 0x40, 0x82, 0x0c, 0x3a, 0x16, 0x00, 0x16, 0x3b, 0x1f, 0x00, 0x47, 0x39, 0x03, 0x02, 0x0c,
    0x37, 0x39, 0x00, 0x16, 0x38, 0x20, 0x00, 0x4f, 0x17, 0x18, 0x38, 0x35, 0x18, 0x22, 0x00, 0x00,
    0x00, 0x10, 0x42, 0x0c, 0x19, 0x00, 0x00, 0x16, 0x1a, 0x23, 0x00, 0x0c, 0x1b, 0x01, 0x00, 0x0c,
    0x1c, 0x17, 0x00, 0x47, 0x18, 0x05, 0x01, 0x32, 0x12, 0x12, 0x0d, 0x51, 0x13, 0x83, 0xff, 0x1b,
    0x12, 0x02, 0x00, 0x25, 0x01, 0x8c, 0x8a, 0x4f, 0x40, 0x04, 0x00, 0x00, 0x00, 0x40, 0x03, 0x1d,
    0x03, 0x8e, 0x01, 0x03, 0x8f, 0x01, 0x03, 0x90, 0x01, 0x02, 0x00, 0x00, 0x00, 0x00, 0x00, 0x00,
    0x00, 0x00, 0x01, 0xcd, 0xd9, 0x4e, 0x4d, 0x04, 0x00, 0x1c, 0x40, 0x82, 0x01, 0x55, 0x00, 0x16,
    0xcb, 0x04, 0x00, 0x00, 0x90, 0x40, 0x03, 0x91, 0x01, 0x03, 0x92, 0x01, 0x02, 0x00, 0x00, 0x00,
    0x00, 0x00, 0x00, 0xf0, 0x3f, 0x02, 0x00, 0x00, 0x00, 0x00, 0x00, 0x00, 0x00, 0x40, 0x03, 0x93,
    0x01, 0x03, 0x94, 0x01, 0x03, 0x95, 0x01, 0x03, 0x96, 0x01, 0x03, 0x97, 0x01, 0x03, 0x98, 0x01,
    0x03, 0x99, 0x01, 0x03, 0x9a, 0x01, 0x03, 0x9b, 0x01, 0x03, 0x9c, 0x01, 0x03, 0x9d, 0x01, 0x03,
    0x9e, 0x01, 0x03, 0x64, 0x03, 0x9f, 0x01, 0x03, 0xa0, 0x01, 0x03, 0xa1, 0x01, 0x03, 0x17, 0x03,
    0xa2, 0x01, 0x01, 0x5e, 0x00, 0xfe, 0xd6, 0x04, 0x00, 0x00, 0x10, 0x42, 0x03, 0xa3, 0x01, 0x01,
    0x03, 0x22, 0x96, 0x6e, 0x01, 0x35, 0x00, 0x00, 0x00, 0x00, 0x13, 0x03, 0x03, 0x00, 0x00, 0x00,
    0x2a, 0x12, 0x03, 0x00, 0x00, 0x0c, 0x04, 0x01, 0x00, 0x47, 0x03, 0x02, 0x02, 0x12, 0x04, 0x01,
    0x00, 0x12, 0x07, 0x01, 0x00, 0x4c, 0x06, 0x07, 0x00, 0x32, 0x05, 0x06, 0x00, 0x12, 0x11, 0x02,
    0x00, 0x0c, 0x12, 0x00, 0x00, 0x47, 0x11, 0x02, 0x02, 0x0c, 0x07, 0x11, 0x00, 0x16, 0x08, 0x01,
    0x00, 0x12, 0x11, 0x02, 0x00, 0x0c, 0x12, 0x03, 0x00, 0x47, 0x11, 0x02, 0x02, 0x0c, 0x09, 0x11,
    0x00, 0x16, 0x0a, 0x02, 0x00, 0x12, 0x11, 0x02, 0x00, 0x48, 0x03, 0x02, 0x00, 0x00, 0x00, 0x00,
    0x80, 0x38, 0x12, 0x00, 0x01, 0x38, 0x12, 0x01, 0x00, 0x47, 0x11, 0x02, 0x02, 0x0c, 0x0b, 0x11,
    0x00, 0x16, 0x0c, 0x03, 0x00, 0x12, 0x11, 0x02, 0x00, 0x0c, 0x12, 0x02, 0x00, 0x47, 0x11, 0x02,
    0x02, 0x0c, 0x0d, 0x11, 0x00, 0x16, 0x0e, 0x04, 0x00, 0x12, 0x11, 0x02, 0x00, 0x48, 0x03, 0x03,
    0x00, 0x00, 0x00, 0x00, 0x80, 0x16, 0x12, 0x05, 0x00, 0x29, 0x00, 0x01, 0x00, 0x23, 0x12, 0x00,
    0x00, 0x47, 0x11, 0x02, 0x02, 0x0c, 0x0f, 0x11, 0x00, 0x16, 0x10, 0x06, 0x00, 0x4f, 0x06, 0x07,
    0x10, 0x3d, 0x06, 0x04, 0x05, 0x1b, 0x03, 0x02, 0x00, 0x07, 0x02, 0x00, 0x00, 0x00, 0x00, 0x00,
    0x00, 0xf0, 0x3f, 0x03, 0xa4, 0x01, 0x03, 0xa5, 0x01, 0x03, 0xa6, 0x01, 0x03, 0xa7, 0x01, 0x03,
    0xa8, 0x01, 0x03, 0x60, 0x00, 0x00, 0x00, 0x00, 0x00, 0x02, 0x00, 0x01, 0x00, 0x00, 0x00, 0x05,
    0x12, 0x00, 0x00, 0x00, 0x40, 0x00, 0x00, 0x00, 0x00, 0x00, 0x00, 0x00, 0x47, 0x00, 0x02, 0x00,
    0x1b, 0x00, 0x00, 0x00, 0x01, 0x01, 0x57, 0xbf, 0x2c, 0x68, 0x00, 0x00, 0x00, 0x00, 0x00, 0x02,
    0x00, 0x01, 0x00, 0x00, 0x00, 0x05, 0x12, 0x00, 0x00, 0x00, 0x40, 0x00, 0x00, 0x00, 0x00, 0x00,
    0x00, 0x00, 0x47, 0x00, 0x02, 0x00, 0x1b, 0x00, 0x00, 0x00, 0x01, 0x01, 0xcd, 0x2f, 0xe2, 0xb2,
    0x00, 0x00, 0x00, 0x00, 0x00, 0x02, 0x00, 0x01, 0x00, 0x00, 0x00, 0x05, 0x12, 0x00, 0x00, 0x00,
    0x40, 0x00, 0x00, 0x00, 0x00, 0x00, 0x00, 0x00, 0x47, 0x00, 0x02, 0x00, 0x1b, 0x00, 0x00, 0x00,
    0x01, 0x01, 0x11, 0xc4, 0xb6, 0xba, 0x00, 0x00, 0x00, 0x00, 0x00, 0x02, 0x00, 0x01, 0x00, 0x00,
    0x00, 0x05, 0x12, 0x00, 0x00, 0x00, 0x40, 0x00, 0x00, 0x00, 0x00, 0x00, 0x00, 0x00, 0x47, 0x00,
    0x02, 0x00, 0x1b, 0x00, 0x00, 0x00, 0x01, 0x01, 0x66, 0x31, 0x2a, 0x40, 0x00, 0x00, 0x00, 0x00,
    0x00, 0x02, 0x00, 0x01, 0x00, 0x00, 0x00, 0x05, 0x12, 0x00, 0x00, 0x00, 0x40, 0x00, 0x00, 0x00,
    0x00, 0x00, 0x00, 0x00, 0x47, 0x00, 0x02, 0x00, 0x1b, 0x00, 0x00, 0x00, 0x01, 0x01, 0xb7, 0x32,
    0xea, 0xd9, 0x00, 0x00, 0x00, 0x00, 0x00, 0x02, 0x00, 0x01, 0x00, 0x00, 0x00, 0x05, 0x12, 0x00,
    0x00, 0x00, 0x40, 0x00, 0x00, 0x00, 0x00, 0x00, 0x00, 0x00, 0x47, 0x00, 0x02, 0x00, 0x1b, 0x00,
    0x00, 0x00, 0x01, 0x01, 0x5f, 0x4d, 0x3f, 0x26, 0x00, 0x00, 0x00, 0x00, 0x00, 0x02, 0x00, 0x01,
    0x00, 0x00, 0x00, 0x05, 0x12, 0x00, 0x00, 0x00, 0x40, 0x00, 0x00, 0x00, 0x00, 0x00, 0x00, 0x00,
    0x47, 0x00, 0x02, 0x00, 0x1b, 0x00, 0x00, 0x00, 0x01, 0x01, 0x02, 0x53, 0x05, 0xc3, 0x00, 0x00,
    0x00, 0x00, 0x00, 0x02, 0x00, 0x01, 0x00, 0x00, 0x00, 0x05, 0x12, 0x00, 0x00, 0x00, 0x40, 0x00,
    0x00, 0x00, 0x00, 0x00, 0x00, 0x00, 0x47, 0x00, 0x02, 0x00, 0x1b, 0x00, 0x00, 0x00, 0x01, 0x01,
    0x0c, 0xb6, 0xd1, 0xd0, 0x00, 0x00, 0x00, 0x00, 0x00, 0x02, 0x00, 0x01, 0x00, 0x00, 0x00, 0x05,
    0x12, 0x00, 0x00, 0x00, 0x40, 0x00, 0x00, 0x00, 0x00, 0x00, 0x00, 0x00, 0x47, 0x00, 0x02, 0x00,
    0x1b, 0x00, 0x00, 0x00, 0x01, 0x01, 0xa6, 0xc4, 0x58, 0x6b, 0x00, 0x00, 0x00, 0x00, 0x00, 0x02,
    0x00, 0x01, 0x00, 0x00, 0x00, 0x05, 0x12, 0x00, 0x00, 0x00, 0x40, 0x00, 0x00, 0x00, 0x00, 0x00,
    0x00, 0x00, 0x47, 0x00, 0x02, 0x00, 0x1b, 0x00, 0x00, 0x00, 0x01, 0x01, 0x86, 0x26, 0x65, 0x52,
    0x00, 0x00, 0x00, 0x00, 0x00, 0x02, 0x00, 0x01, 0x00, 0x00, 0x00, 0x05, 0x12, 0x00, 0x00, 0x00,
    0x40, 0x00, 0x00, 0x00, 0x00, 0x00, 0x00, 0x00, 0x47, 0x00, 0x02, 0x00, 0x1b, 0x00, 0x00, 0x00,
    0x01, 0x01, 0xa4, 0xdb, 0xd3, 0xe3, 0x00, 0x00, 0x00, 0x00, 0x00, 0x02, 0x00, 0x01, 0x00, 0x00,
    0x00, 0x05, 0x12, 0x00, 0x00, 0x00, 0x40, 0x00, 0x00, 0x00, 0x00, 0x00, 0x00, 0x00, 0x47, 0x00,
    0x02, 0x00, 0x1b, 0x00, 0x00, 0x00, 0x01, 0x01, 0x66, 0x2c, 0x1a, 0x09, 0x00, 0x00, 0x00, 0x00,
    0x00, 0x07, 0x00, 0x03, 0x00, 0x00, 0x00, 0x10, 0x35, 0x00, 0x02, 0x00, 0x00, 0x04, 0x00, 0x80,
    0x08, 0x01, 0x01, 0x00, 0x47, 0x00, 0x02, 0x02, 0x12, 0x01, 0x00, 0x00, 0x0c, 0x03, 0x00, 0x00,
    0x08, 0x04, 0x0a, 0x00, 0x12, 0x05, 0x01, 0x00, 0x12, 0x06, 0x02, 0x00, 0x40, 0x01, 0x01, 0x00,
    0x03, 0x00, 0x00, 0x00, 0x47, 0x01, 0x06, 0x01, 0x40, 0x01, 0x00, 0x00, 0x04, 0x00, 0x00, 0x00,
    0x47, 0x01, 0x02, 0x00, 0x1b, 0x01, 0x00, 0x00, 0x05, 0x01, 0xda, 0xa8, 0xba, 0x5e, 0x01, 0x6f,
    0x54, 0x8c, 0xb7, 0x04, 0x00, 0x04, 0x00, 0x80, 0x01, 0xb5, 0xe8, 0x01, 0x71, 0x01, 0x6e, 0x34,
    0x0e, 0x8a, 0x00, 0x00, 0x00, 0x00, 0x00, 0x06, 0x00, 0x03, 0x00, 0x00, 0x00, 0x09, 0x12, 0x00,
    0x00, 0x00, 0x08, 0x02, 0x01, 0x00, 0x08, 0x03, 0x09, 0x00, 0x12, 0x04, 0x01, 0x00, 0x12, 0x05,
    0x02, 0x00, 0x40, 0x00, 0x00, 0x00, 0x00, 0x00, 0x00, 0x00, 0x47, 0x00, 0x06, 0x00, 0x1b, 0x00,
    0x00, 0x00, 0x01, 0x01, 0xec, 0x1b, 0xd7, 0xd7, 0x00, 0x00, 0x00, 0x00, 0x00, 0x06, 0x00, 0x03,
    0x00, 0x00, 0x00, 0x09, 0x12, 0x00, 0x00, 0x00, 0x08, 0x02, 0x01, 0x00, 0x08, 0x03, 0x03, 0x00,
    0x12, 0x04, 0x01, 0x00, 0x12, 0x05, 0x02, 0x00, 0x40, 0x00, 0x00, 0x00, 0x00, 0x00, 0x00, 0x00,
    0x47, 0x00, 0x06, 0x00, 0x1b, 0x00, 0x00, 0x00, 0x01, 0x01, 0xec, 0x1b, 0xd7, 0xd7, 0x00, 0x00,
    0x00, 0x00, 0x00, 0x06, 0x00, 0x03, 0x00, 0x00, 0x00, 0x09, 0x12, 0x00, 0x00, 0x00, 0x08, 0x02,
    0x01, 0x00, 0x08, 0x03, 0x04, 0x00, 0x12, 0x04, 0x01, 0x00, 0x12, 0x05, 0x02, 0x00, 0x40, 0x00,
    0x00, 0x00, 0x00, 0x00, 0x00, 0x00, 0x47, 0x00, 0x06, 0x00, 0x1b, 0x00, 0x00, 0x00, 0x01, 0x01,
    0xec, 0x1b, 0xd7, 0xd7, 0x00, 0x00, 0x00, 0x00, 0x00, 0x02, 0x00, 0x01, 0x00, 0x00, 0x00, 0x08,
    0x12, 0x00, 0x00, 0x00, 0x48, 0x00, 0x04, 0x00, 0x00, 0x00, 0x00, 0x00, 0x12, 0x01, 0x00, 0x00,
    0x24, 0x00, 0x01, 0x00, 0x1b, 0x00, 0x02, 0x00, 0x23, 0x00, 0x00, 0x00, 0x1b, 0x00, 0x02, 0x00,
    0x01, 0x02, 0x00, 0x00, 0x00, 0x00, 0x00, 0x00, 0x59, 0x40, 0x00, 0x00, 0x00, 0x00, 0x00, 0x02,
    0x00, 0x01, 0x00, 0x00, 0x00, 0x05, 0x12, 0x00, 0x00, 0x00, 0x40, 0x00, 0x00, 0x00, 0x00, 0x00,
    0x00, 0x00, 0x47, 0x00, 0x02, 0x00, 0x1b, 0x00, 0x00, 0x00, 0x01, 0x01, 0x9d, 0x68, 0xb1, 0x4e,
    0x00, 0x00, 0x00, 0x00, 0x00, 0x01, 0x00, 0x01, 0x00, 0x00, 0x00, 0x04, 0x12, 0x00, 0x00, 0x00,
    0x3b, 0x00, 0x00, 0x99, 0x00, 0x00, 0x00, 0x00, 0x1b, 0x00, 0x02, 0x00, 0x01, 0x03, 0xa9, 0x01,
    0x00, 0x00, 0x00, 0x00, 0x00, 0x01, 0x00, 0x01, 0x00, 0x00, 0x00, 0x04, 0x12, 0x00, 0x00, 0x00,
    0x3b, 0x00, 0x00, 0x98, 0x00, 0x00, 0x00, 0x00, 0x1b, 0x00, 0x02, 0x00, 0x01, 0x03, 0xaa, 0x01,
    0x00, 0x00, 0x00, 0x00, 0x00, 0x01, 0x00, 0x01, 0x00, 0x00, 0x00, 0x04, 0x12, 0x00, 0x00, 0x00,
    0x3b, 0x00, 0x00, 0x9b, 0x00, 0x00, 0x00, 0x00, 0x1b, 0x00, 0x02, 0x00, 0x01, 0x03, 0xab, 0x01,
    0x00, 0x00, 0x00, 0x00, 0x00, 0x02, 0x00, 0x01, 0x00, 0x00, 0x00, 0x05, 0x12, 0x00, 0x00, 0x00,
    0x40, 0x00, 0x00, 0x00, 0x00, 0x00, 0x00, 0x00, 0x47, 0x00, 0x02, 0x00, 0x1b, 0x00, 0x00, 0x00,
    0x01, 0x01, 0x6e, 0x75, 0xc1, 0xc2, 0x00, 0x00, 0x00, 0x00, 0x00, 0x2a, 0x06, 0x06, 0x00, 0x00,
    0x00, 0xe0, 0x01, 0x0e, 0x06, 0x00, 0x00, 0x00, 0x00, 0x00, 0x00, 0x10, 0x07, 0x00, 0x00, 0x41,
    0x02, 0x00, 0x00, 0x41, 0x00, 0x06, 0x00, 0x41, 0x02, 0x01, 0x00, 0x12, 0x08, 0x02, 0x00, 0x10,
    0x09, 0x01, 0x00, 0x41, 0x00, 0x03, 0x00, 0x47, 0x08, 0x02, 0x02, 0x12, 0x09, 0x02, 0x00, 0x10,
    0x0a, 0x02, 0x00, 0x41, 0x00, 0x08, 0x00, 0x47, 0x09, 0x02, 0x02, 0x12, 0x0a, 0x02, 0x00, 0x10,
    0x0b, 0x03, 0x00, 0x41, 0x00, 0x09, 0x00, 0x47, 0x0a, 0x02, 0x02, 0x12, 0x0b, 0x02, 0x00, 0x10,
    0x0c, 0x04, 0x00, 0x41, 0x00, 0x03, 0x00, 0x47, 0x0b, 0x02, 0x02, 0x0c, 0x0c, 0x07, 0x00, 0x16,
    0x0d, 0x00, 0x00, 0x10, 0x0e, 0x05, 0x00, 0x41, 0x00, 0x03, 0x00, 0x16, 0x0f, 0x01, 0x00, 0x47,
    0x0c, 0x04, 0x01, 0x0c, 0x0c, 0x07, 0x00, 0x16, 0x0d, 0x02, 0x00, 0x10, 0x0e, 0x06, 0x00, 0x41,
    0x00, 0x03, 0x00, 0x16, 0x0f, 0x03, 0x00, 0x47, 0x0c, 0x04, 0x01, 0x0c, 0x0c, 0x07, 0x00, 0x16,
    0x0d, 0x04, 0x00, 0x10, 0x0e, 0x07, 0x00, 0x41, 0x00, 0x0b, 0x00, 0x16, 0x0f, 0x05, 0x00, 0x47,
    0x0c, 0x04, 0x01, 0x0c, 0x0c, 0x07, 0x00, 0x16, 0x0d, 0x06, 0x00, 0x10, 0x0e, 0x08, 0x00, 0x41,
    0x00, 0x0b, 0x00, 0x16, 0x0f, 0x07, 0x00, 0x47, 0x0c, 0x04, 0x01, 0x0c, 0x0c, 0x07, 0x00, 0x16,
    0x0d, 0x08, 0x00, 0x10, 0x0e, 0x09, 0x00, 0x41, 0x00, 0x0b, 0x00, 0x16, 0x0f, 0x09, 0x00, 0x47,
    0x0c, 0x04, 0x01, 0x0c, 0x0c, 0x07, 0x00, 0x16, 0x0d, 0x0a, 0x00, 0x10, 0x0e, 0x0a, 0x00, 0x41,
    0x00, 0x0b, 0x00, 0x16, 0x0f, 0x0b, 0x00, 0x47, 0x0c, 0x04, 0x01, 0x0c, 0x0c, 0x07, 0x00, 0x16,
    0x0d, 0x0c, 0x00, 0x10, 0x0e, 0x0b, 0x00, 0x41, 0x00, 0x09, 0x00, 0x16, 0x0f, 0x0d, 0x00, 0x47,
    0x0c, 0x04, 0x01, 0x0c, 0x0c, 0x07, 0x00, 0x16, 0x0d, 0x0e, 0x00, 0x10, 0x0e, 0x0c, 0x00, 0x41,
    0x00, 0x09, 0x00, 0x16, 0x0f, 0x0f, 0x00, 0x47, 0x0c, 0x04, 0x01, 0x0c, 0x0c, 0x07, 0x00, 0x16,
    0x0d, 0x10, 0x00, 0x10, 0x0e, 0x0d, 0x00, 0x41, 0x00, 0x08, 0x00, 0x41, 0x00, 0x0a, 0x00, 0x41,
    0x00, 0x09, 0x00, 0x16, 0x0f, 0x11, 0x00, 0x47, 0x0c, 0x04, 0x01, 0x0c, 0x0c, 0x07, 0x00, 0x16,
    0x0d, 0x12, 0x00, 0x10, 0x0e, 0x0e, 0x00, 0x41, 0x00, 0x08, 0x00, 0x41, 0x00, 0x0a, 0x00, 0x41,
    0x00, 0x09, 0x00, 0x16, 0x0f, 0x13, 0x00, 0x47, 0x0c, 0x04, 0x01, 0x0c, 0x0c, 0x07, 0x00, 0x16,
    0x0d, 0x14, 0x00, 0x10, 0x0e, 0x0f, 0x00, 0x41, 0x00, 0x08, 0x00, 0x41, 0x00, 0x0a, 0x00, 0x41,
    0x00, 0x09, 0x00, 0x16, 0x0f, 0x15, 0x00, 0x47, 0x0c, 0x04, 0x01, 0x0c, 0x0c, 0x07, 0x00, 0x16,
    0x0d, 0x16, 0x00, 0x10, 0x0e, 0x10, 0x00, 0x41, 0x00, 0x08, 0x00, 0x41, 0x00, 0x0a, 0x00, 0x41,
    0x00, 0x09, 0x00, 0x16, 0x0f, 0x17, 0x00, 0x47, 0x0c, 0x04, 0x02, 0x0c, 0x0d, 0x07, 0x00, 0x16,
    0x0e, 0x18, 0x00, 0x10, 0x0f, 0x11, 0x00, 0x41, 0x00, 0x0c, 0x00, 0x16, 0x10, 0x19, 0x00, 0x47,
    0x0d, 0x04, 0x01, 0x12, 0x0d, 0x02, 0x00, 0x10, 0x0e, 0x12, 0x00, 0x41, 0x00, 0x03, 0x00, 0x47,
    0x0d, 0x02, 0x02, 0x0c, 0x0e, 0x07, 0x00, 0x16, 0x0f, 0x1a, 0x00, 0x10, 0x10, 0x13, 0x00, 0x41,
    0x00, 0x0d, 0x00, 0x16, 0x11, 0x1b, 0x00, 0x47, 0x0e, 0x04, 0x01, 0x0c, 0x0e, 0x07, 0x00, 0x16,
    0x0f, 0x1c, 0x00, 0x10, 0x10, 0x14, 0x00, 0x41, 0x00, 0x0d, 0x00, 0x16, 0x11, 0x1d, 0x00, 0x47,
    0x0e, 0x04, 0x01, 0x0c, 0x0e, 0x07, 0x00, 0x16, 0x0f, 0x1e, 0x00, 0x10, 0x10, 0x15, 0x00, 0x41,
    0x00, 0x0d, 0x00, 0x16, 0x11, 0x1f, 0x00, 0x47, 0x0e, 0x04, 0x01, 0x23, 0x0e, 0x00, 0x00, 0x48,
    0x0b, 0x08, 0x00, 0x00, 0x00, 0x00, 0x00, 0x35, 0x0f, 0x21, 0x00, 0x00, 0x00, 0x00, 0x42, 0x12,
    0x10, 0x03, 0x00, 0x0c, 0x11, 0x0b, 0x00, 0x47, 0x0f, 0x03, 0x03, 0x42, 0x0f, 0x01, 0x00, 0x0c,
    0x0e, 0x10, 0x00, 0x16, 0x10, 0x22, 0x00, 0x12, 0x27, 0x01, 0x00, 0x0c, 0x28, 0x01, 0x00, 0x47,
    0x27, 0x02, 0x02, 0x0c, 0x11, 0x27, 0x00, 0x16, 0x12, 0x23, 0x00, 0x12, 0x27, 0x01, 0x00, 0x0c,
    0x28, 0x02, 0x00, 0x47, 0x27, 0x02, 0x02, 0x0c, 0x13, 0x27, 0x00, 0x16, 0x14, 0x24, 0x00, 0x12,
    0x27, 0x01, 0x00, 0x0c, 0x28, 0x03, 0x00, 0x47, 0x27, 0x02, 0x02, 0x0c, 0x15, 0x27, 0x00, 0x16,
    0x16, 0x25, 0x00, 0x12, 0x27, 0x01, 0x00, 0x48, 0x03, 0x02, 0x00, 0x00, 0x00, 0x00, 0x80, 0x38,
    0x28, 0x00, 0x01, 0x38, 0x28, 0x01, 0x00, 0x47, 0x27, 0x02, 0x02, 0x0c, 0x17, 0x27, 0x00, 0x16,
    0x18, 0x26, 0x00, 0x12, 0x27, 0x01, 0x00, 0x0c, 0x28, 0x0a, 0x00, 0x47, 0x27, 0x02, 0x02, 0x0c,
    0x19, 0x27, 0x00, 0x16, 0x1a, 0x27, 0x00, 0x12, 0x27, 0x01, 0x00, 0x0c, 0x28, 0x04, 0x00, 0x47,
    0x27, 0x02, 0x02, 0x0c, 0x1b, 0x27, 0x00, 0x16, 0x1c, 0x28, 0x00, 0x16, 0x1d, 0x29, 0x00, 0x16,
    0x1e, 0x2a, 0x00, 0x16, 0x1f, 0x2b, 0x00, 0x16, 0x20, 0x2c, 0x00, 0x12, 0x27, 0x04, 0x00, 0x0c,
    0x28, 0x03, 0x00, 0x47, 0x27, 0x02, 0x02, 0x0c, 0x21, 0x27, 0x00, 0x16, 0x22, 0x2d, 0x00, 0x35,
    0x27, 0x30, 0x00, 0x00, 0xbc, 0xe0, 0x82, 0x0c, 0x28, 0x06, 0x00, 0x16, 0x29, 0x31, 0x00, 0x47,
    0x27, 0x03, 0x02, 0x0c, 0x23, 0x27, 0x00, 0x16, 0x24, 0x32, 0x00, 0x12, 0x27, 0x01, 0x00, 0x0c,
    0x28, 0x0e, 0x00, 0x47, 0x27, 0x02, 0x02, 0x0c, 0x25, 0x27, 0x00, 0x16, 0x26, 0x33, 0x00, 0x4f,
    0x0f, 0x10, 0x26, 0x35, 0x10, 0x21, 0x00, 0x00, 0x00, 0x00, 0x42, 0x0c, 0x11, 0x00, 0x00, 0x16,
    0x12, 0x34, 0x00, 0x0c, 0x13, 0x01, 0x00, 0x0c, 0x14, 0x0f, 0x00, 0x47, 0x10, 0x05, 0x01, 0x42,
    0x05, 0x13, 0x00, 0x35, 0x10, 0x21, 0x00, 0x00, 0x00, 0x00, 0x42, 0x10, 0x11, 0x16, 0x00, 0x41,
    0x00, 0x03, 0x00, 0x47, 0x10, 0x02, 0x03, 0x23, 0x12, 0x00, 0x00, 0x46, 0x10, 0x02, 0x00, 0x0c,
    0x12, 0x11, 0x00, 0x23, 0x11, 0x00, 0x00, 0x12, 0x13, 0x05, 0x00, 0x0c, 0x14, 0x00, 0x00, 0x0c,
    0x15, 0x01, 0x00, 0x0c, 0x16, 0x03, 0x00, 0x0c, 0x17, 0x11, 0x00, 0x16, 0x18, 0x35, 0x00, 0x38,
    0x19, 0x00, 0x00, 0x0c, 0x1a, 0x10, 0x00, 0x0c, 0x1b, 0x12, 0x00, 0x47, 0x13, 0x09, 0x01, 0x1b,
    0x00, 0x01, 0x00, 0x36, 0x03, 0x03, 0x03, 0xac, 0x01, 0x03, 0x05, 0x03, 0xad, 0x01, 0x03, 0x07,
    0x03, 0xae, 0x01, 0x03, 0x09, 0x03, 0xaf, 0x01, 0x03, 0x0b, 0x03, 0xb0, 0x01, 0x03, 0xb1, 0x01,
    0x03, 0xb2, 0x01, 0x03, 0xb3, 0x01, 0x03, 0xb4, 0x01, 0x03, 0xb5, 0x01, 0x03, 0xb6, 0x01, 0x03,
    0xb7, 0x01, 0x03, 0xb8, 0x01, 0x03, 0xb9, 0x01, 0x03, 0xba, 0x01, 0x03, 0xbb, 0x01, 0x03, 0xbc,
    0x01, 0x03, 0xbd, 0x01, 0x03, 0xbe, 0x01, 0x03, 0xbf, 0x01, 0x03, 0xc0, 0x01, 0x03, 0xc1, 0x01,
    0x03, 0xc2, 0x01, 0x03, 0xc3, 0x01, 0x03, 0xc4, 0x01, 0x03, 0xc5, 0x01, 0x03, 0xc6, 0x01, 0x01,
    0x5e, 0x00, 0xfe, 0xd6, 0x04, 0x00, 0x00, 0x00, 0x42, 0x03, 0x93, 0x01, 0x03, 0xc7, 0x01, 0x03,
    0xc8, 0x01, 0x03, 0xc9, 0x01, 0x03, 0xca, 0x01, 0x03, 0xcb, 0x01, 0x03, 0xcc, 0x01, 0x03, 0xcd,
    0x01, 0x03, 0xce, 0x01, 0x03, 0xcf, 0x01, 0x03, 0xd0, 0x01, 0x03, 0xd1, 0x01, 0x01, 0x03, 0x22,
    0x96, 0x6e, 0x01, 0xcd, 0xd9, 0x4e, 0x4d, 0x04, 0x00, 0xbc, 0xe0, 0x82, 0x03, 0x17, 0x03, 0xd2,
    0x01, 0x03, 0x60, 0x03, 0xd3, 0x01, 0x03, 0xd4, 0x01, 0x17, 0x37, 0x38, 0x39, 0x3a, 0x3b, 0x3c,
    0x3d, 0x3e, 0x3f, 0x40, 0x41, 0x42, 0x43, 0x44, 0x45, 0x46, 0x47, 0x48, 0x49, 0x4a, 0x4b, 0x4c,
    0x4d, 0x00, 0x00, 0x00, 0x00, 0x02, 0x00, 0x01, 0x00, 0x00, 0x00, 0x06, 0x12, 0x01, 0x00, 0x00,
    0x26, 0x00, 0x01, 0x04, 0x40, 0x00, 0x00, 0x00, 0x00, 0x00, 0x00, 0x00, 0x47, 0x00, 0x02, 0x00,
    0x1b, 0x00, 0x00, 0x00, 0x01, 0x01, 0x50, 0x2f, 0x36, 0x8c, 0x00, 0x00, 0x00, 0x00, 0x00, 0x01,
    0x00, 0x01, 0x00, 0x00, 0x00, 0x02, 0x12, 0x00, 0x00, 0x00, 0x1b, 0x00, 0x02, 0x00, 0x00, 0x00,
    0x00, 0x00, 0x00, 0x00, 0x11, 0x05, 0x05, 0x00, 0x00, 0x00, 0x7c, 0x48, 0x00, 0x0a, 0x00, 0x00,
    0x00, 0x00, 0x00, 0x17, 0x28, 0x03, 0x03, 0x0c, 0x06, 0x03, 0x00, 0x35, 0x05, 0x01, 0x00, 0x00,
    0x00, 0x00, 0x40, 0x47, 0x05, 0x02, 0x02, 0x16, 0x0f, 0x02, 0x00, 0x0c, 0x10, 0x05, 0x00, 0x2c,
    0x10, 0x03, 0x00, 0x0f, 0x00, 0x00, 0x00, 0x08, 0x05, 0x00, 0x00, 0x1b, 0x05, 0x02, 0x00, 0x16,
    0x0f, 0x03, 0x00, 0x0c, 0x10, 0x02, 0x00, 0x2c, 0x10, 0x05, 0x00, 0x0f, 0x00, 0x00, 0x00, 0x16,
    0x0f, 0x04, 0x00, 0x0c, 0x10, 0x02, 0x00, 0x21, 0x10, 0x0c, 0x00, 0x0f, 0x00, 0x00, 0x00, 0x12,
    0x05, 0x00, 0x00, 0x39, 0x06, 0x08, 0x00, 0x09, 0x00, 0x06, 0x4d, 0x05, 0x00, 0x00, 0x00, 0x09,
    0x02, 0x06, 0xf2, 0x06, 0x00, 0x00, 0x00, 0x26, 0x07, 0x03, 0x00, 0x09, 0x07, 0x06, 0x9a, 0x07,
    0x00, 0x00, 0x00, 0x3d, 0x06, 0x05, 0x01, 0x1b, 0x01, 0x02, 0x00, 0x26, 0x05, 0x03, 0x00, 0x23,
    0x06, 0x00, 0x00, 0x23, 0x07, 0x00, 0x00, 0x16, 0x0f, 0x09, 0x00, 0x0c, 0x10, 0x02, 0x00, 0x21,
    0x10, 0x03, 0x00, 0x0f, 0x00, 0x00, 0x00, 0x26, 0x06, 0x03, 0x01, 0x29, 0x00, 0x2c, 0x00, 0x16,
    0x0f, 0x0a, 0x00, 0x0c, 0x10, 0x02, 0x00, 0x2c, 0x10, 0x05, 0x00, 0x0f, 0x00, 0x00, 0x00, 0x16,
    0x0f, 0x0b, 0x00, 0x0c, 0x10, 0x02, 0x00, 0x21, 0x10, 0x0f, 0x00, 0x0f, 0x00, 0x00, 0x00, 0x26,
    0x05, 0x03, 0x01, 0x48, 0x05, 0x04, 0x00, 0x00, 0x00, 0x00, 0x00, 0x12, 0x09, 0x01, 0x00, 0x43,
    0x08, 0x09, 0x05, 0x46, 0x08, 0x01, 0x00, 0x23, 0x08, 0x00, 0x00, 0x48, 0x08, 0x1c, 0x00, 0x00,
    0x00, 0x00, 0x00, 0x3b, 0x06, 0x08, 0x33, 0x0c, 0x00, 0x00, 0x00, 0x3b, 0x07, 0x08, 0xc1, 0x0d,
    0x00, 0x00, 0x00, 0x29, 0x00, 0x16, 0x00, 0x16, 0x0f, 0x0e, 0x00, 0x0c, 0x10, 0x02, 0x00, 0x2c,
    0x10, 0x05, 0x00, 0x0f, 0x00, 0x00, 0x00, 0x16, 0x0f, 0x0f, 0x00, 0x0c, 0x10, 0x02, 0x00, 0x21,
    0x10, 0x0c, 0x00, 0x0f, 0x00, 0x00, 0x00, 0x4c, 0x08, 0x03, 0x00, 0x16, 0x0f, 0x10, 0x00, 0x0c,
    0x10, 0x08, 0x00, 0x21, 0x10, 0x0a, 0x00, 0x0f, 0x00, 0x00, 0x00, 0x12, 0x08, 0x02, 0x00, 0x10,
    0x09, 0x00, 0x00, 0x41, 0x00, 0x03, 0x00, 0x47, 0x08, 0x02, 0x02, 0x0c, 0x06, 0x08, 0x00, 0x29,
    0x00, 0x03, 0x00, 0x08, 0x08, 0x00, 0x00, 0x22, 0x06, 0x00, 0x00, 0x1b, 0x08, 0x02, 0x00, 0x12,
    0x08, 0x02, 0x00, 0x10, 0x09, 0x01, 0x00, 0x41, 0x01, 0x06, 0x00, 0x47, 0x08, 0x02, 0x02, 0x0c,
    0x06, 0x08, 0x00, 0x48, 0x06, 0x09, 0x00, 0x00, 0x00, 0x00, 0x00, 0x12, 0x08, 0x03, 0x00, 0x0c,
    0x09, 0x00, 0x00, 0x0c, 0x0a, 0x01, 0x00, 0x0c, 0x0b, 0x02, 0x00, 0x0c, 0x0c, 0x06, 0x00, 0x0c,
    0x0d, 0x07, 0x00, 0x0c, 0x0e, 0x04, 0x00, 0x47, 0x08, 0x07, 0x01, 0x12, 0x08, 0x00, 0x00, 0x39,
    0x09, 0x15, 0x00, 0x09, 0x00, 0x09, 0x4d, 0x05, 0x00, 0x00, 0x00, 0x09, 0x02, 0x09, 0xf2, 0x06,
    0x00, 0x00, 0x00, 0x09, 0x05, 0x09, 0x74, 0x11, 0x00, 0x00, 0x00, 0x09, 0x06, 0x09, 0x33, 0x0c,
    0x00, 0x00, 0x00, 0x12, 0x0a, 0x04, 0x00, 0x26, 0x0b, 0x03, 0x01, 0x47, 0x0a, 0x02, 0x02, 0x09,
    0x0a, 0x09, 0xe5, 0x12, 0x00, 0x00, 0x00, 0x26, 0x0a, 0x03, 0x02, 0x09, 0x0a, 0x09, 0xa4, 0x13,
    0x00, 0x00, 0x00, 0x26, 0x0a, 0x03, 0x01, 0x09, 0x0a, 0x09, 0xa4, 0x14, 0x00, 0x00, 0x00, 0x3d,
    0x09, 0x08, 0x01, 0x22, 0x06, 0x00, 0x00, 0x1b, 0x01, 0x02, 0x00, 0x16, 0x01, 0x8c, 0x8a, 0x4f,
    0x40, 0x04, 0x00, 0x00, 0x00, 0x40, 0x03, 0x1d, 0x03, 0xd5, 0x01, 0x03, 0xd6, 0x01, 0x03, 0x23,
    0x03, 0xd7, 0x01, 0x03, 0xd8, 0x01, 0x05, 0x03, 0x05, 0x06, 0x07, 0x03, 0xd9, 0x01, 0x03, 0xda,
    0x01, 0x03, 0xdb, 0x01, 0x03, 0xdc, 0x01, 0x03, 0xdd, 0x01, 0x03, 0xde, 0x01, 0x03, 0xdf, 0x01,
    0x02, 0x00, 0x00, 0x00, 0x00, 0x00, 0x00, 0x14, 0x40, 0x03, 0xe0, 0x01, 0x03, 0xe1, 0x01, 0x03,
    0xe2, 0x01, 0x03, 0xe3, 0x01, 0x05, 0x07, 0x05, 0x06, 0x11, 0x0c, 0x12, 0x13, 0x14, 0x02, 0x4f,
    0x50, 0x00, 0x00, 0x00, 0x00, 0x02, 0x00, 0x01, 0x00, 0x00, 0x00, 0x05, 0x12, 0x00, 0x00, 0x00,
    0x40, 0x00, 0x00, 0x00, 0x00, 0x00, 0x00, 0x00, 0x47, 0x00, 0x02, 0x00, 0x1b, 0x00, 0x00, 0x00,
    0x01, 0x01, 0x6e, 0x75, 0xc1, 0xc2, 0x00, 0x00, 0x00, 0x00, 0x00, 0x1c, 0x02, 0x07, 0x00, 0x00,
    0x00, 0xad, 0x02, 0x12, 0x03, 0x00, 0x00, 0x43, 0x02, 0x03, 0x00, 0x48, 0x02, 0x02, 0x00, 0x00,
    0x00, 0x00, 0x80, 0x1b, 0x00, 0x01, 0x00, 0x3b, 0x03, 0x02, 0xf2, 0x00, 0x00, 0x00, 0x00, 0x16,
    0x1a, 0x01, 0x00, 0x0c, 0x1b, 0x03, 0x00, 0x21, 0x1b, 0x1a, 0x00, 0x1a, 0x00, 0x00, 0x00, 0x23,
    0x03, 0x00, 0x00, 0x17, 0x28, 0x01, 0x03, 0x0c, 0x05, 0x01, 0x00, 0x35, 0x04, 0x03, 0x00, 0x00,
    0x00, 0x20, 0x40, 0x47, 0x04, 0x02, 0x02, 0x16, 0x1a, 0x04, 0x00, 0x0c, 0x1b, 0x04, 0x00, 0x21,
    0x1b, 0x02, 0x00, 0x1a, 0x00, 0x00, 0x00, 0x26, 0x03, 0x01, 0x00, 0x12, 0x04, 0x01, 0x00, 0x3b,
    0x05, 0x02, 0x4d, 0x05, 0x00, 0x00, 0x00, 0x0c, 0x06, 0x00, 0x00, 0x3b, 0x07, 0x02, 0x9a, 0x06,
    0x00, 0x00, 0x00, 0x0c, 0x08, 0x03, 0x00, 0x16, 0x09, 0x07, 0x00, 0x38, 0x0a, 0x01, 0x00, 0x47,
    0x04, 0x07, 0x01, 0x12, 0x04, 0x00, 0x00, 0x23, 0x05, 0x00, 0x00, 0x3d, 0x05, 0x04, 0x00, 0x1b,
    0x00, 0x01, 0x00, 0x3b, 0x03, 0x02, 0xf2, 0x00, 0x00, 0x00, 0x00, 0x16, 0x1a, 0x08, 0x00, 0x0c,
    0x1b, 0x03, 0x00, 0x21, 0x1b, 0x8c, 0x00, 0x1a, 0x00, 0x00, 0x00, 0x12, 0x03, 0x00, 0x00, 0x23,
    0x04, 0x00, 0x00, 0x3d, 0x04, 0x03, 0x00, 0x23, 0x03, 0x00, 0x00, 0x17, 0x28, 0x01, 0x03, 0x0c,
    0x05, 0x01, 0x00, 0x35, 0x04, 0x03, 0x00, 0x00, 0x00, 0x20, 0x40, 0x47, 0x04, 0x02, 0x02, 0x16,
    0x1a, 0x04, 0x00, 0x0c, 0x1b, 0x04, 0x00, 0x21, 0x1b, 0x02, 0x00, 0x1a, 0x00, 0x00, 0x00, 0x26,
    0x03, 0x01, 0x00, 0x12, 0x04, 0x02, 0x00, 0x0c, 0x05, 0x03, 0x00, 0x08, 0x06, 0x60, 0x00, 0x47,
    0x04, 0x03, 0x02, 0x17, 0x28, 0x03, 0x03, 0x0c, 0x06, 0x03, 0x00, 0x35, 0x05, 0x03, 0x00, 0x00,
    0x00, 0x20, 0x40, 0x47, 0x05, 0x02, 0x02, 0x35, 0x06, 0x0a, 0x00, 0x00, 0x24, 0xa0, 0x82, 0x0e,
    0x07, 0x00, 0x00, 0x04, 0x00, 0x00, 0x00, 0x48, 0x03, 0x02, 0x00, 0x00, 0x00, 0x00, 0x80, 0x38,
    0x09, 0x00, 0x01, 0x38, 0x09, 0x01, 0x00, 0x17, 0x3f, 0x09, 0x02, 0x35, 0x08, 0x0c, 0x00, 0x00,
    0x00, 0xb0, 0x40, 0x47, 0x08, 0x02, 0x02, 0x17, 0x3f, 0x04, 0x03, 0x0c, 0x0a, 0x04, 0x00, 0x35,
    0x09, 0x0c, 0x00, 0x00, 0x00, 0xb0, 0x40, 0x47, 0x09, 0x02, 0x02, 0x17, 0x3f, 0x05, 0x03, 0x0c,
    0x0b, 0x05, 0x00, 0x35, 0x0a, 0x0c, 0x00, 0x00, 0x00, 0xb0, 0x40, 0x47, 0x0a, 0x02, 0x02, 0x48,
    0x03, 0x02, 0x00, 0x00, 0x00, 0x00, 0x80, 0x38, 0x0c, 0x00, 0x01, 0x38, 0x0c, 0x01, 0x00, 0x17,
    0x3f, 0x0c, 0x02, 0x35, 0x0b, 0x0c, 0x00, 0x00, 0x00, 0xb0, 0x40, 0x47, 0x0b, 0x02, 0x00, 0x03,
    0x07, 0x08, 0x00, 0x01, 0x00, 0x00, 0x00, 0x16, 0x08, 0x0d, 0x00, 0x47, 0x06, 0x03, 0x02, 0x12,
    0x08, 0x03, 0x00, 0x21, 0x08, 0x02, 0x00, 0x06, 0x00, 0x00, 0x00, 0x38, 0x07, 0x00, 0x01, 0x38,
    0x07, 0x01, 0x00, 0x3a, 0x06, 0x03, 0x00, 0x16, 0x09, 0x0e, 0x00, 0x12, 0x16, 0x04, 0x00, 0x0c,
    0x17, 0x00, 0x00, 0x47, 0x16, 0x02, 0x02, 0x0c, 0x0a, 0x16, 0x00, 0x16, 0x0b, 0x0f, 0x00, 0x12,
    0x16, 0x04, 0x00, 0x12, 0x17, 0x02, 0x00, 0x3b, 0x18, 0x02, 0x9a, 0x06, 0x00, 0x00, 0x00, 0x08,
    0x19, 0x60, 0x00, 0x47, 0x17, 0x03, 0x00, 0x47, 0x16, 0x00, 0x02, 0x0c, 0x0c, 0x16, 0x00, 0x16,
    0x0d, 0x10, 0x00, 0x12, 0x16, 0x04, 0x00, 0x48, 0x03, 0x02, 0x00, 0x00, 0x00, 0x00, 0x80, 0x38,
    0x17, 0x00, 0x01, 0x38, 0x17, 0x01, 0x00, 0x47, 0x16, 0x02, 0x02, 0x0c, 0x0e, 0x16, 0x00, 0x16,
    0x0f, 0x11, 0x00, 0x12, 0x16, 0x04, 0x00, 0x0c, 0x17, 0x04, 0x00, 0x47, 0x16, 0x02, 0x02, 0x0c,
    0x10, 0x16, 0x00, 0x16, 0x11, 0x12, 0x00, 0x12, 0x16, 0x04, 0x00, 0x0c, 0x17, 0x05, 0x00, 0x47,
    0x16, 0x02, 0x02, 0x0c, 0x12, 0x16, 0x00, 0x16, 0x13, 0x13, 0x00, 0x12, 0x16, 0x04, 0x00, 0x48,
    0x03, 0x02, 0x00, 0x00, 0x00, 0x00, 0x80, 0x38, 0x17, 0x00, 0x01, 0x38, 0x17, 0x01, 0x00, 0x47,
    0x16, 0x02, 0x02, 0x0c, 0x14, 0x16, 0x00, 0x16, 0x15, 0x14, 0x00, 0x4f, 0x08, 0x09, 0x15, 0x42,
    0x07, 0x08, 0x00, 0x35, 0x09, 0x16, 0x00, 0x00, 0x00, 0x50, 0x41, 0x3b, 0x0a, 0x02, 0x4d, 0x05,
    0x00, 0x00, 0x00, 0x16, 0x0b, 0x17, 0x00, 0x0c, 0x0c, 0x00, 0x00, 0x0c, 0x0d, 0x08, 0x00, 0x47,
    0x09, 0x05, 0x01, 0x48, 0x03, 0x15, 0x00, 0x00, 0x00, 0x00, 0x00, 0x35, 0x09, 0x16, 0x00, 0x00,
    0x00, 0x50, 0x41, 0x10, 0x0a, 0x00, 0x00, 0x41, 0x01, 0x03, 0x00, 0x47, 0x09, 0x02, 0x03, 0x23,
    0x0b, 0x00, 0x00, 0x46, 0x09, 0x02, 0x00, 0x0c, 0x0b, 0x0a, 0x00, 0x23, 0x0a, 0x00, 0x00, 0x12,
    0x0c, 0x01, 0x00, 0x3b, 0x0d, 0x02, 0x4d, 0x05, 0x00, 0x00, 0x00, 0x0c, 0x0e, 0x00, 0x00, 0x0c,
    0x0f, 0x03, 0x00, 0x0c, 0x10, 0x0a, 0x00, 0x16, 0x11, 0x18, 0x00, 0x38, 0x12, 0x00, 0x00, 0x0c,
    0x13, 0x09, 0x00, 0x0c, 0x14, 0x0b, 0x00, 0x47, 0x0c, 0x09, 0x01, 0x22, 0x03, 0x00, 0x00, 0x1b,
    0x00, 0x01, 0x00, 0x22, 0x03, 0x00, 0x00, 0x12, 0x03, 0x00, 0x00, 0x23, 0x04, 0x00, 0x00, 0x3d,
    0x04, 0x03, 0x00, 0x3b, 0x03, 0x02, 0xf2, 0x00, 0x00, 0x00, 0x00, 0x16, 0x1a, 0x19, 0x00, 0x0c,
    0x1b, 0x03, 0x00, 0x21, 0x1b, 0x17, 0x00, 0x1a, 0x00, 0x00, 0x00, 0x3b, 0x03, 0x02, 0x74, 0x1a,
    0x00, 0x00, 0x00, 0x48, 0x03, 0x6b, 0x00, 0x00, 0x00, 0x00, 0x00, 0x12, 0x03, 0x05, 0x00, 0x3b,
    0x04, 0x02, 0x74, 0x1a, 0x00, 0x00, 0x00, 0x3b, 0x06, 0x02, 0x33, 0x1b, 0x00, 0x00, 0x00, 0x48,
    0x06, 0x09, 0x00, 0x00, 0x00, 0x00, 0x00, 0x39, 0x05, 0x1d, 0x00, 0x3b, 0x06, 0x02, 0x33, 0x1b,
    0x00, 0x00, 0x00, 0x09, 0x06, 0x05, 0x33, 0x1b, 0x00, 0x00, 0x00, 0x09, 0x00, 0x05, 0xc1, 0x1c,
    0x00, 0x00, 0x00, 0x46, 0x05, 0x01, 0x00, 0x23, 0x05, 0x00, 0x00, 0x3d, 0x05, 0x03, 0x04, 0x1b,
    0x00, 0x01, 0x00, 0x3b, 0x03, 0x02, 0xf2, 0x00, 0x00, 0x00, 0x00, 0x16, 0x1a, 0x1e, 0x00, 0x0c,
    0x1b, 0x03, 0x00, 0x2c, 0x1b, 0x07, 0x00, 0x1a, 0x00, 0x00, 0x00, 0x3b, 0x03, 0x02, 0xf2, 0x00,
    0x00, 0x00, 0x00, 0x16, 0x1a, 0x1f, 0x00, 0x0c, 0x1b, 0x03, 0x00, 0x21, 0x1b, 0x4d, 0x00, 0x1a,
    0x00, 0x00, 0x00, 0x3b, 0x04, 0x02, 0xf2, 0x00, 0x00, 0x00, 0x00, 0x16, 0x1a, 0x1e, 0x00, 0x0c,
    0x1b, 0x04, 0x00, 0x21, 0x1b, 0x06, 0x00, 0x1a, 0x00, 0x00, 0x00, 0x12, 0x03, 0x06, 0x00, 0x3b,
    0x04, 0x02, 0xa4, 0x20, 0x00, 0x00, 0x00, 0x47, 0x03, 0x02, 0x02, 0x46, 0x03, 0x0e, 0x00, 0x17,
    0x28, 0x01, 0x03, 0x0c, 0x05, 0x01, 0x00, 0x35, 0x04, 0x03, 0x00, 0x00, 0x00, 0x20, 0x40, 0x47,
    0x04, 0x02, 0x02, 0x16, 0x1a, 0x04, 0x00, 0x0c, 0x1b, 0x04, 0x00, 0x21, 0x1b, 0x05, 0x00, 0x1a,
    0x00, 0x00, 0x00, 0x12, 0x03, 0x06, 0x00, 0x26, 0x04, 0x01, 0x00, 0x47, 0x03, 0x02, 0x02, 0x46,
    0x03, 0x01, 0x00, 0x23, 0x03, 0x00, 0x00, 0x16, 0x05, 0x0e, 0x00, 0x12, 0x12, 0x04, 0x00, 0x0c,
    0x13, 0x00, 0x00, 0x47, 0x12, 0x02, 0x02, 0x0c, 0x06, 0x12, 0x00, 0x16, 0x07, 0x21, 0x00, 0x12,
    0x12, 0x04, 0x00, 0x3b, 0x13, 0x02, 0xf2, 0x00, 0x00, 0x00, 0x00, 0x47, 0x12, 0x02, 0x02, 0x0c,
    0x08, 0x12, 0x00, 0x16, 0x09, 0x22, 0x00, 0x12, 0x12, 0x04, 0x00, 0x3b, 0x13, 0x02, 0xa4, 0x23,
    0x00, 0x00, 0x00, 0x47, 0x12, 0x02, 0x02, 0x0c, 0x0a, 0x12, 0x00, 0x16, 0x0b, 0x24, 0x00, 0x12,
    0x12, 0x04, 0x00, 0x3b, 0x13, 0x02, 0xe5, 0x25, 0x00, 0x00, 0x00, 0x47, 0x12, 0x02, 0x02, 0x0c,
    0x0c, 0x12, 0x00, 0x16, 0x0d, 0x26, 0x00, 0x12, 0x12, 0x04, 0x00, 0x0c, 0x13, 0x03, 0x00, 0x47,
    0x12, 0x02, 0x02, 0x0c, 0x0e, 0x12, 0x00, 0x16, 0x0f, 0x27, 0x00, 0x12, 0x12, 0x04, 0x00, 0x38,
    0x13, 0x00, 0x00, 0x3b, 0x14, 0x02, 0xe5, 0x25, 0x00, 0x00, 0x00, 0x48, 0x14, 0x05, 0x00, 0x00,
    0x00, 0x00, 0x00, 0x48, 0x03, 0x02, 0x00, 0x00, 0x00, 0x00, 0x80, 0x38, 0x13, 0x00, 0x01, 0x38,
    0x13, 0x01, 0x00, 0x47, 0x12, 0x02, 0x02, 0x0c, 0x10, 0x12, 0x00, 0x16, 0x11, 0x28, 0x00, 0x4f,
    0x04, 0x05, 0x11, 0x35, 0x05, 0x16, 0x00, 0x00, 0x00, 0x50, 0x41, 0x3b, 0x06, 0x02, 0x4d, 0x05,
    0x00, 0x00, 0x00, 0x16, 0x07, 0x29, 0x00, 0x0c, 0x08, 0x00, 0x00, 0x0c, 0x09, 0x04, 0x00, 0x47,
    0x05, 0x05, 0x01, 0x1b, 0x00, 0x01, 0x00, 0x2b, 0x03, 0xd7, 0x01, 0x03, 0xd5, 0x01, 0x01, 0x8c,
    0x8a, 0x4f, 0x40, 0x04, 0x00, 0x00, 0x20, 0x40, 0x03, 0x1d, 0x03, 0x23, 0x03, 0xd8, 0x01, 0x03,
    0xe4, 0x01, 0x03, 0xd6, 0x01, 0x01, 0xcd, 0xd9, 0x4e, 0x4d, 0x04, 0x00, 0x24, 0xa0, 0x82, 0x01,
    0x55, 0x00, 0x16, 0xcb, 0x04, 0x00, 0x00, 0xb0, 0x40, 0x03, 0x92, 0x01, 0x03, 0x93, 0x01, 0x03,
    0xe5, 0x01, 0x03, 0xe6, 0x01, 0x03, 0xe7, 0x01, 0x03, 0xe8, 0x01, 0x03, 0xe9, 0x01, 0x03, 0x60,
    0x01, 0x5e, 0x00, 0xfe, 0xd6, 0x04, 0x00, 0x00, 0x50, 0x41, 0x03, 0xea, 0x01, 0x03, 0xeb, 0x01,
    0x03, 0xd9, 0x01, 0x03, 0xe0, 0x01, 0x03, 0xdc, 0x01, 0x03, 0xdd, 0x01, 0x05, 0x02, 0x1b, 0x1c,
    0x03, 0xde, 0x01, 0x03, 0xdf, 0x01, 0x03, 0xe3, 0x01, 0x03, 0xc7, 0x01, 0x03, 0xec, 0x01, 0x03,
    0xe2, 0x01, 0x03, 0xed, 0x01, 0x03, 0xe1, 0x01, 0x03, 0xee, 0x01, 0x03, 0xef, 0x01, 0x03, 0xf0,
    0x01, 0x03, 0xf1, 0x01, 0x01, 0x03, 0x22, 0x96, 0x6e, 0x01, 0x52, 0x00, 0x00, 0x00, 0x00, 0x06,
    0x01, 0x00, 0x00, 0x00, 0x00, 0x1f, 0x48, 0x00, 0x03, 0x00, 0x00, 0x00, 0x00, 0x80, 0x38, 0x01,
    0x00, 0x00, 0x1b, 0x01, 0x02, 0x00, 0x35, 0x02, 0x01, 0x00, 0x00, 0x00, 0x00, 0x40, 0x17, 0x28,
    0x02, 0x02, 0x35, 0x01, 0x03, 0x00, 0x00, 0x00, 0x20, 0x40, 0x47, 0x01, 0x02, 0x02, 0x16, 0x04,
    0x04, 0x00, 0x0c, 0x05, 0x01, 0x00, 0x2c, 0x05, 0x03, 0x00, 0x04, 0x00, 0x00, 0x00, 0x38, 0x01,
    0x01, 0x00, 0x1b, 0x01, 0x02, 0x00, 0x35, 0x01, 0x06, 0x00, 0x00, 0x00, 0x50, 0x40, 0x35, 0x02,
    0x01, 0x00, 0x00, 0x00, 0x00, 0x40, 0x0c, 0x03, 0x00, 0x00, 0x47, 0x01, 0x03, 0x03, 0x0c, 0x03,
    0x01, 0x00, 0x42, 0x03, 0x06, 0x00, 0x38, 0x04, 0x00, 0x00, 0x0c, 0x05, 0x02, 0x00, 0x2c, 0x05,
    0x02, 0x00, 0x04, 0x00, 0x00, 0x00, 0x38, 0x03, 0x00, 0x01, 0x38, 0x03, 0x01, 0x00, 0x1b, 0x03,
    0x02, 0x00, 0x07, 0x01, 0x08, 0xb2, 0x14, 0x65, 0x04, 0x00, 0x00, 0x00, 0x40, 0x01, 0x8c, 0x8a,
    0x4f, 0x40, 0x04, 0x00, 0x00, 0x20, 0x40, 0x03, 0x5c, 0x01, 0x5e, 0x00, 0xfe, 0xd6, 0x04, 0x00,
    0x00, 0x50, 0x40, 0x00, 0x00, 0x00, 0x00, 0x00, 0x02, 0x00, 0x01, 0x00, 0x00, 0x00, 0x05, 0x12,
    0x00, 0x00, 0x00, 0x40, 0x00, 0x00, 0x00, 0x00, 0x00, 0x00, 0x00, 0x47, 0x00, 0x02, 0x00, 0x1b,
    0x00, 0x00, 0x00, 0x01, 0x01, 0x6e, 0x34, 0x0e, 0x8a, 0x00, 0x00, 0x00, 0x00, 0x00, 0x08, 0x01,
    0x01, 0x00, 0x00, 0x00, 0x2c, 0x0c, 0x01, 0x00, 0x00, 0x17, 0x28, 0x00, 0x03, 0x0c, 0x03, 0x00,
    0x00, 0x35, 0x02, 0x01, 0x00, 0x00, 0x00, 0x00, 0x40, 0x47, 0x02, 0x02, 0x02, 0x16, 0x06, 0x02,
    0x00, 0x0c, 0x07, 0x02, 0x00, 0x2c, 0x07, 0x19, 0x00, 0x06, 0x00, 0x00, 0x00, 0x12, 0x02, 0x00,
    0x00, 0x0c, 0x03, 0x00, 0x00, 0x47, 0x02, 0x02, 0x02, 0x46, 0x02, 0x02, 0x00, 0x23, 0x02, 0x00,
    0x00, 0x1b, 0x02, 0x02, 0x00, 0x35, 0x02, 0x04, 0x00, 0x00, 0x00, 0x30, 0x40, 0x10, 0x03, 0x00,
    0x00, 0x41, 0x00, 0x00, 0x00, 0x47, 0x02, 0x02, 0x03, 0x42, 0x02, 0x09, 0x00, 0x17, 0x28, 0x03,
    0x03, 0x0c, 0x05, 0x03, 0x00, 0x35, 0x04, 0x01, 0x00, 0x00, 0x00, 0x00, 0x40, 0x47, 0x04, 0x02,
    0x02, 0x16, 0x06, 0x02, 0x00, 0x0c, 0x07, 0x04, 0x00, 0x2c, 0x07, 0x03, 0x00, 0x06, 0x00, 0x00,
    0x00, 0x23, 0x04, 0x00, 0x00, 0x1b, 0x04, 0x02, 0x00, 0x0c, 0x01, 0x03, 0x00, 0x21, 0x01, 0x06,
    0x00, 0x01, 0x00, 0x00, 0x00, 0x52, 0x02, 0x01, 0x01, 0x16, 0x06, 0x05, 0x00, 0x0c, 0x07, 0x02,
    0x00, 0x2c, 0x07, 0x03, 0x00, 0x06, 0x00, 0x00, 0x00, 0x23, 0x02, 0x00, 0x00, 0x1b, 0x02, 0x02,
    0x00, 0x1b, 0x01, 0x02, 0x00, 0x06, 0x01, 0x8c, 0x8a, 0x4f, 0x40, 0x04, 0x00, 0x00, 0x00, 0x40,
    0x03, 0x01, 0x01, 0x5e, 0x00, 0xfe, 0xd6, 0x04, 0x00, 0x00, 0x30, 0x40, 0x02, 0x00, 0x00, 0x00,
    0x00, 0x00, 0x00, 0x00, 0x00, 0x01, 0x55, 0x00, 0x00, 0x00, 0x00, 0x04, 0x01, 0x00, 0x01, 0x00,
    0x00, 0x09, 0x0b, 0x01, 0x00, 0x00, 0x48, 0x00, 0x06, 0x00, 0x00, 0x00, 0x00, 0x00, 0x35, 0x01,
    0x01, 0x00, 0x00, 0x00, 0x00, 0x40, 0x0c, 0x02, 0x00, 0x00, 0x49, 0x03, 0x00, 0x00, 0x47, 0x01,
    0x00, 0x01, 0x1b, 0x00, 0x01, 0x00, 0x02, 0x01, 0x5e, 0x00, 0xfe, 0xd6, 0x04, 0x00, 0x00, 0x00,
    0x40, 0x00, 0x00, 0x00, 0x00, 0x00, 0x03, 0x00, 0x02, 0x00, 0x00, 0x00, 0x06, 0x12, 0x00, 0x00,
    0x00, 0x12, 0x02, 0x01, 0x00, 0x40, 0x00, 0x00, 0x00, 0x00, 0x00, 0x00, 0x00, 0x47, 0x00, 0x03,
    0x00, 0x1b, 0x00, 0x00, 0x00, 0x01, 0x01, 0xb4, 0x28, 0xae, 0xf4, 0x00, 0x00, 0x00, 0x00, 0x00,
    0x02, 0x00, 0x01, 0x00, 0x00, 0x00, 0x05, 0x12, 0x00, 0x00, 0x00, 0x40, 0x00, 0x00, 0x00, 0x00,
    0x00, 0x00, 0x00, 0x47, 0x00, 0x02, 0x00, 0x1b, 0x00, 0x00, 0x00, 0x01, 0x01, 0x66, 0x31, 0x2a,
    0x40, 0x00, 0x00, 0x00, 0x00, 0x00, 0x02, 0x00, 0x01, 0x00, 0x00, 0x00, 0x05, 0x12, 0x00, 0x00,
    0x00, 0x40, 0x00, 0x00, 0x00, 0x00, 0x00, 0x00, 0x00, 0x47, 0x00, 0x02, 0x00, 0x1b, 0x00, 0x00,
    0x00, 0x01, 0x01, 0xc0, 0x5f, 0x54, 0x03, 0x00, 0x00, 0x00, 0x00, 0x00, 0x02, 0x00, 0x01, 0x00,
    0x00, 0x00, 0x05, 0x12, 0x00, 0x00, 0x00, 0x40, 0x00, 0x00, 0x00, 0x00, 0x00, 0x00, 0x00, 0x47,
    0x00, 0x02, 0x00, 0x1b, 0x00, 0x00, 0x00, 0x01, 0x01, 0x11, 0xc4, 0xb6, 0xba, 0x00, 0x00, 0x00,
    0x00, 0x00, 0x1f, 0x05, 0x07, 0x00, 0x00, 0x00, 0xac, 0x01, 0x48, 0x00, 0x0a, 0x00, 0x00, 0x00,
    0x00, 0x00, 0x17, 0x28, 0x03, 0x03, 0x0c, 0x06, 0x03, 0x00, 0x35, 0x05, 0x01, 0x00, 0x00, 0x00,
    0x00, 0x40, 0x47, 0x05, 0x02, 0x02, 0x16, 0x1d, 0x02, 0x00, 0x0c, 0x1e, 0x05, 0x00, 0x2c, 0x1e,
    0x03, 0x00, 0x1d, 0x00, 0x00, 0x00, 0x08, 0x05, 0x00, 0x00, 0x1b, 0x05, 0x02, 0x00, 0x26, 0x05,
    0x03, 0x00, 0x26, 0x06, 0x03, 0x01, 0x12, 0x07, 0x00, 0x00, 0x0c, 0x08, 0x05, 0x00, 0x47, 0x07,
    0x02, 0x02, 0x42, 0x07, 0x04, 0x00, 0x12, 0x07, 0x00, 0x00, 0x0c, 0x08, 0x06, 0x00, 0x47, 0x07,
    0x02, 0x02, 0x46, 0x07, 0x08, 0x00, 0x12, 0x07, 0x01, 0x00, 0x0c, 0x08, 0x00, 0x00, 0x16, 0x09,
    0x03, 0x00, 0x16, 0x0a, 0x04, 0x00, 0x16, 0x0b, 0x05, 0x00, 0x47, 0x07, 0x05, 0x01, 0x08, 0x07,
    0x00, 0x00, 0x1b, 0x07, 0x02, 0x00, 0x17, 0x28, 0x04, 0x03, 0x0c, 0x08, 0x04, 0x00, 0x35, 0x07,
    0x01, 0x00, 0x00, 0x00, 0x00, 0x40, 0x47, 0x07, 0x02, 0x02, 0x16, 0x1d, 0x06, 0x00, 0x0c, 0x1e,
    0x07, 0x00, 0x21, 0x1e, 0x17, 0x00, 0x1d, 0x00, 0x00, 0x00, 0x12, 0x07, 0x02, 0x00, 0x10, 0x08,
    0x00, 0x00, 0x41, 0x00, 0x06, 0x00, 0x41, 0x00, 0x04, 0x00, 0x47, 0x07, 0x02, 0x03, 0x46, 0x08,
    0x0a, 0x00, 0x12, 0x09, 0x01, 0x00, 0x0c, 0x0a, 0x00, 0x00, 0x16, 0x0b, 0x03, 0x00, 0x16, 0x0c,
    0x04, 0x00, 0x16, 0x0d, 0x07, 0x00, 0x16, 0x0e, 0x08, 0x00, 0x0c, 0x0f, 0x04, 0x00, 0x47, 0x09,
    0x07, 0x01, 0x08, 0x09, 0x00, 0x00, 0x1b, 0x09, 0x02, 0x00, 0x16, 0x1d, 0x09, 0x00, 0x0c, 0x1e,
    0x07, 0x00, 0x21, 0x1e, 0x03, 0x00, 0x1d, 0x00, 0x00, 0x00, 0x08, 0x09, 0x00, 0x00, 0x1b, 0x09,
    0x02, 0x00, 0x35, 0x07, 0x0b, 0x00, 0x00, 0x00, 0xa0, 0x40, 0x10, 0x08, 0x01, 0x00, 0x41, 0x00,
    0x05, 0x00, 0x47, 0x07, 0x02, 0x03, 0x42, 0x07, 0x04, 0x00, 0x12, 0x09, 0x00, 0x00, 0x0c, 0x0a,
    0x08, 0x00, 0x47, 0x09, 0x02, 0x02, 0x46, 0x09, 0x0c, 0x00, 0x12, 0x09, 0x01, 0x00, 0x0c, 0x0a,
    0x00, 0x00, 0x16, 0x0b, 0x03, 0x00, 0x16, 0x0c, 0x04, 0x00, 0x16, 0x0d, 0x0c, 0x00, 0x16, 0x0e,
    0x0d, 0x00, 0x0c, 0x0f, 0x05, 0x00, 0x16, 0x10, 0x0e, 0x00, 0x0c, 0x11, 0x06, 0x00, 0x47, 0x09,
    0x09, 0x01, 0x08, 0x09, 0x00, 0x00, 0x1b, 0x09, 0x02, 0x00, 0x35, 0x09, 0x0b, 0x00, 0x00, 0x00,
    0xa0, 0x40, 0x10, 0x0a, 0x02, 0x00, 0x41, 0x00, 0x06, 0x00, 0x47, 0x09, 0x02, 0x03, 0x42, 0x09,
    0x04, 0x00, 0x12, 0x0b, 0x03, 0x00, 0x0c, 0x0c, 0x0a, 0x00, 0x47, 0x0b, 0x02, 0x02, 0x46, 0x0b,
    0x01, 0x00, 0x23, 0x0b, 0x00, 0x00, 0x23, 0x0c, 0x00, 0x00, 0x35, 0x0d, 0x0b, 0x00, 0x00, 0x00,
    0xa0, 0x40, 0x10, 0x0e, 0x03, 0x00, 0x41, 0x00, 0x05, 0x00, 0x47, 0x0d, 0x02, 0x03, 0x42, 0x0d,
    0x01, 0x00, 0x0c, 0x0c, 0x0e, 0x00, 0x12, 0x10, 0x04, 0x00, 0x32, 0x0f, 0x10, 0x0f, 0x3a, 0x0f,
    0x04, 0x00, 0x35, 0x0f, 0x0b, 0x00, 0x00, 0x00, 0xa0, 0x40, 0x12, 0x10, 0x05, 0x00, 0x0c, 0x11,
    0x00, 0x00, 0x39, 0x12, 0x27, 0x00, 0x09, 0x01, 0x12, 0x54, 0x12, 0x00, 0x00, 0x00, 0x09, 0x02,
    0x12, 0xc8, 0x13, 0x00, 0x00, 0x00, 0x09, 0x05, 0x12, 0x0c, 0x0d, 0x00, 0x00, 0x00, 0x09, 0x06,
    0x12, 0x3e, 0x0e, 0x00, 0x00, 0x00, 0x09, 0x08, 0x12, 0x36, 0x14, 0x00, 0x00, 0x00, 0x09, 0x0b,
    0x12, 0x90, 0x1b, 0x00, 0x00, 0x00, 0x09, 0x0b, 0x12, 0x92, 0x1d, 0x00, 0x00, 0x00, 0x09, 0x0b,
    0x12, 0x2e, 0x1e, 0x00, 0x00, 0x00, 0x12, 0x13, 0x04, 0x00, 0x09, 0x13, 0x12, 0xe1, 0x21, 0x00,
    0x00, 0x00, 0x47, 0x0f, 0x04, 0x03, 0x42, 0x0f, 0x02, 0x00, 0x48, 0x10, 0x0d, 0x00, 0x00, 0x00,
    0x00, 0x80, 0x12, 0x12, 0x04, 0x00, 0x16, 0x1d, 0x0f, 0x00, 0x52, 0x11, 0x12, 0x1d, 0x3a, 0x11,
    0x04, 0x00, 0x12, 0x11, 0x01, 0x00, 0x0c, 0x12, 0x00, 0x00, 0x16, 0x13, 0x03, 0x00, 0x16, 0x14,
    0x04, 0x00, 0x16, 0x15, 0x28, 0x00, 0x47, 0x11, 0x05, 0x01, 0x08, 0x11, 0x00, 0x00, 0x1b, 0x11,
    0x02, 0x00, 0x12, 0x11, 0x06, 0x00, 0x3b, 0x12, 0x10, 0xf4, 0x29, 0x00, 0x00, 0x00, 0x39, 0x13,
    0x2b, 0x00, 0x09, 0x10, 0x13, 0xe5, 0x2a, 0x00, 0x00, 0x00, 0x09, 0x0b, 0x13, 0x2e, 0x1e, 0x00,
    0x00, 0x00, 0x3d, 0x13, 0x11, 0x12, 0x12, 0x11, 0x01, 0x00, 0x0c, 0x12, 0x00, 0x00, 0x16, 0x13,
    0x2c, 0x00, 0x3b, 0x14, 0x10, 0xf4, 0x29, 0x00, 0x00, 0x00, 0x16, 0x15, 0x0d, 0x00, 0x0c, 0x16,
    0x05, 0x00, 0x16, 0x17, 0x2d, 0x00, 0x0c, 0x18, 0x0c, 0x00, 0x16, 0x19, 0x0e, 0x00, 0x0c, 0x1a,
    0x06, 0x00, 0x16, 0x1b, 0x2e, 0x00, 0x16, 0x1c, 0x2f, 0x00, 0x47, 0x11, 0x0c, 0x01, 0x3b, 0x11,
    0x10, 0xf4, 0x29, 0x00, 0x00, 0x00, 0x1b, 0x11, 0x02, 0x00, 0x30, 0x01, 0x8c, 0x8a, 0x4f, 0x40,
    0x04, 0x00, 0x00, 0x00, 0x40, 0x03, 0x1d, 0x03, 0xf2, 0x01, 0x03, 0xf3, 0x01, 0x03, 0xf4, 0x01,
    0x03, 0x01, 0x03, 0xf5, 0x01, 0x03, 0xf6, 0x01, 0x02, 0x00, 0x00, 0x00, 0x00, 0x00, 0x00, 0x00,
    0x00, 0x01, 0x5e, 0x00, 0xfe, 0xd6, 0x04, 0x00, 0x00, 0xa0, 0x40, 0x03, 0xf7, 0x01, 0x03, 0x1e,
    0x03, 0x20, 0x02, 0x00, 0x00, 0x00, 0x00, 0x00, 0x00, 0xf0, 0x3f, 0x03, 0x28, 0x03, 0xf8, 0x01,
    0x03, 0x29, 0x03, 0x2a, 0x03, 0x1f, 0x03, 0x2b, 0x00, 0x03, 0x2c, 0x01, 0x00, 0x00, 0x00, 0x00,
    0x03, 0x2d, 0x03, 0x2e, 0x03, 0x40, 0x03, 0x41, 0x03, 0x21, 0x03, 0x42, 0x03, 0x30, 0x03, 0x31,
    0x03, 0x32, 0x03, 0x33, 0x03, 0xf9, 0x01, 0x03, 0x35, 0x03, 0x16, 0x03, 0x36, 0x08, 0x14, 0x10,
    0x11, 0x00, 0x00, 0x00, 0x12, 0xff, 0xff, 0xff, 0xff, 0x13, 0xff, 0xff, 0xff, 0xff, 0x0d, 0xff,
    0xff, 0xff, 0xff, 0x0e, 0xff, 0xff, 0xff, 0xff, 0x14, 0xff, 0xff, 0xff, 0xff, 0x15, 0x16, 0x00,
    0x00, 0x00, 0x17, 0x18, 0x00, 0x00, 0x00, 0x19, 0x16, 0x00, 0x00, 0x00, 0x1a, 0x18, 0x00, 0x00,
    0x00, 0x1b, 0xff, 0xff, 0xff, 0xff, 0x1c, 0x0f, 0x00, 0x00, 0x00, 0x1d, 0xff, 0xff, 0xff, 0xff,
    0x1e, 0xff, 0xff, 0xff, 0xff, 0x1f, 0x09, 0x00, 0x00, 0x00, 0x20, 0x09, 0x00, 0x00, 0x00, 0x21,
    0xff, 0xff, 0xff, 0xff, 0x22, 0x23, 0x00, 0x00, 0x00, 0x24, 0x25, 0x00, 0x00, 0x00, 0x26, 0x0f,
    0x00, 0x00, 0x00, 0x03, 0xfa, 0x01, 0x03, 0x22, 0x03, 0xfb, 0x01, 0x05, 0x02, 0x2a, 0x1e, 0x03,
    0xfc, 0x01, 0x03, 0xfd, 0x01, 0x03, 0xfe, 0x01, 0x03, 0xff, 0x01, 0x04, 0x58, 0x59, 0x5a, 0x5b,
    0x00, 0x00, 0x00, 0x00, 0x0a, 0x02, 0x03, 0x00, 0x00, 0x00, 0x2f, 0x17, 0x28, 0x00, 0x03, 0x0c,
    0x03, 0x00, 0x00, 0x35, 0x02, 0x01, 0x00, 0x00, 0x00, 0x00, 0x40, 0x47, 0x02, 0x02, 0x02, 0x16,
    0x08, 0x02, 0x00, 0x0c, 0x09, 0x02, 0x00, 0x21, 0x09, 0x04, 0x00, 0x08, 0x00, 0x00, 0x00, 0x08,
    0x02, 0x00, 0x00, 0x04, 0x00, 0x02, 0x00, 0x02, 0x00, 0x00, 0x00, 0x1b, 0x00, 0x01, 0x00, 0x12,
    0x03, 0x00, 0x00, 0x43, 0x02, 0x03, 0x00, 0x48, 0x02, 0x02, 0x00, 0x00, 0x00, 0x00, 0x80, 0x1b,
    0x00, 0x01, 0x00, 0x12, 0x03, 0x00, 0x00, 0x23, 0x04, 0x00, 0x00, 0x3d, 0x04, 0x03, 0x00, 0x12,
    0x03, 0x01, 0x00, 0x08, 0x04, 0x00, 0x00, 0x53, 0x04, 0x05, 0x00, 0x03, 0x00, 0x00, 0x00, 0x12,
    0x04, 0x01, 0x00, 0x16, 0x08, 0x03, 0x00, 0x52, 0x03, 0x04, 0x08, 0x3a, 0x03, 0x01, 0x00, 0x35,
    0x03, 0x05, 0x00, 0x00, 0x00, 0x40, 0x40, 0x12, 0x04, 0x02, 0x00, 0x3b, 0x05, 0x02, 0xe5, 0x06,
    0x00, 0x00, 0x00, 0x39, 0x06, 0x0c, 0x00, 0x09, 0x01, 0x06, 0x1f, 0x07, 0x00, 0x00, 0x00, 0x3b,
    0x07, 0x02, 0x2e, 0x0d, 0x00, 0x00, 0x00, 0x09, 0x07, 0x06, 0xbf, 0x08, 0x00, 0x00, 0x00, 0x3b,
    0x07, 0x02, 0x2e, 0x0d, 0x00, 0x00, 0x00, 0x09, 0x07, 0x06, 0x53, 0x09, 0x00, 0x00, 0x00, 0x47,
    0x03, 0x04, 0x01, 0x1b, 0x00, 0x01, 0x00, 0x0e, 0x01, 0x8c, 0x8a, 0x4f, 0x40, 0x04, 0x00, 0x00,
    0x00, 0x40, 0x03, 0x01, 0x02, 0x00, 0x00, 0x00, 0x00, 0x00, 0x00, 0xf0, 0x3f, 0x01, 0x5e, 0x00,
    0xfe, 0xd6, 0x04, 0x00, 0x00, 0x40, 0x40, 0x03, 0xfb, 0x01, 0x03, 0x4e, 0x03, 0x43, 0x03, 0x49,
    0x03, 0x4a, 0x00, 0x08, 0x04, 0x07, 0xff, 0xff, 0xff, 0xff, 0x08, 0xff, 0xff, 0xff, 0xff, 0x09,
    0xff, 0xff, 0xff, 0xff, 0x0a, 0x0b, 0x00, 0x00, 0x00, 0x03, 0x42, 0x00, 0x00, 0x00, 0x00, 0x00,
    0x03, 0x00, 0x07, 0x00, 0x00, 0x00, 0x19, 0x0e, 0x01, 0x00, 0x00, 0x00, 0x00, 0x00, 0x00, 0x39,
    0x02, 0x02, 0x00, 0x31, 0x3d, 0x01, 0x03, 0x02, 0x00, 0x00, 0x00, 0x35, 0x00, 0x04, 0x00, 0x00,
    0x00, 0x30, 0x40, 0x47, 0x00, 0x03, 0x02, 0x3a, 0x00, 0x00, 0x00, 0x0e, 0x00, 0x00, 0x00, 0x00,
    0x00, 0x00, 0x00, 0x3a, 0x00, 0x01, 0x00, 0x0e, 0x00, 0x00, 0x00, 0x00, 0x00, 0x00, 0x00, 0x3a,
    0x00, 0x02, 0x00, 0x08, 0x00, 0x00, 0x00, 0x3a, 0x00, 0x03, 0x00, 0x0e, 0x00, 0x00, 0x00, 0x00,
    0x00, 0x00, 0x00, 0x3a, 0x00, 0x04, 0x00, 0x23, 0x00, 0x00, 0x00, 0x3a, 0x00, 0x05, 0x00, 0x12,
    0x00, 0x06, 0x00, 0x47, 0x00, 0x01, 0x01, 0x1b, 0x00, 0x01, 0x00, 0x05, 0x03, 0x80, 0x02, 0x03,
    0x81, 0x02, 0x08, 0x01, 0x00, 0x01, 0x00, 0x00, 0x00, 0x01, 0x44, 0x96, 0xc0, 0x44, 0x04, 0x00,
    0x00, 0x30, 0x40, 0x00, 0x00, 0x00, 0x00, 0x00, 0x27, 0x00, 0x00, 0x01, 0x00, 0x00, 0x84, 0x01,
    0x0b, 0x00, 0x00, 0x00, 0x08, 0x00, 0x00, 0x00, 0x0d, 0x01, 0x00, 0x00, 0x0d, 0x02, 0x01, 0x00,
    0x0d, 0x03, 0x02, 0x00, 0x0d, 0x04, 0x03, 0x00, 0x41, 0x00, 0x01, 0x00, 0x41, 0x00, 0x02, 0x00,
    0x41, 0x00, 0x03, 0x00, 0x0d, 0x05, 0x04, 0x00, 0x41, 0x00, 0x01, 0x00, 0x0d, 0x06, 0x05, 0x00,
    0x41, 0x00, 0x01, 0x00, 0x0d, 0x07, 0x06, 0x00, 0x0d, 0x08, 0x07, 0x00, 0x10, 0x09, 0x08, 0x00,
    0x41, 0x01, 0x00, 0x00, 0x41, 0x00, 0x04, 0x00, 0x41, 0x00, 0x05, 0x00, 0x41, 0x00, 0x06, 0x00,
    0x41, 0x00, 0x08, 0x00, 0x0d, 0x0a, 0x08, 0x00, 0x41, 0x00, 0x04, 0x00, 0x41, 0x00, 0x07, 0x00,
    0x41, 0x00, 0x05, 0x00, 0x41, 0x00, 0x08, 0x00, 0x10, 0x0b, 0x0a, 0x00, 0x41, 0x01, 0x00, 0x00,
    0x0e, 0x0d, 0x00, 0x00, 0x00, 0x00, 0x00, 0x00, 0x39, 0x0e, 0x0b, 0x00, 0x31, 0x3d, 0x0d, 0x03,
    0x0e, 0x00, 0x00, 0x00, 0x35, 0x0c, 0x0d, 0x00, 0x00, 0x00, 0xc0, 0x40, 0x47, 0x0c, 0x03, 0x02,
    0x0e, 0x0d, 0x00, 0x00, 0x00, 0x00, 0x00, 0x00, 0x0e, 0x0e, 0x00, 0x00, 0x00, 0x00, 0x00, 0x00,
    0x23, 0x0f, 0x00, 0x00, 0x0d, 0x10, 0x0e, 0x00, 0x0d, 0x11, 0x0f, 0x00, 0x0d, 0x12, 0x10, 0x00,
    0x41, 0x00, 0x11, 0x00, 0x0d, 0x13, 0x11, 0x00, 0x0d, 0x14, 0x12, 0x00, 0x41, 0x00, 0x11, 0x00,
    0x41, 0x00, 0x10, 0x00, 0x0d, 0x15, 0x13, 0x00, 0x0d, 0x16, 0x14, 0x00, 0x0d, 0x17, 0x15, 0x00,
    0x0d, 0x18, 0x16, 0x00, 0x41, 0x00, 0x15, 0x00, 0x41, 0x00, 0x13, 0x00, 0x41, 0x00, 0x16, 0x00,
    0x41, 0x00, 0x11, 0x00, 0x41, 0x00, 0x17, 0x00, 0x41, 0x00, 0x10, 0x00, 0x0d, 0x19, 0x17, 0x00,
    0x10, 0x1a, 0x15, 0x00, 0x41, 0x00, 0x18, 0x00, 0x41, 0x00, 0x16, 0x00, 0x41, 0x00, 0x15, 0x00,
    0x41, 0x00, 0x19, 0x00, 0x41, 0x01, 0x0e, 0x00, 0x41, 0x00, 0x10, 0x00, 0x0d, 0x1b, 0x18, 0x00,
    0x41, 0x00, 0x11, 0x00, 0x41, 0x00, 0x10, 0x00, 0x41, 0x00, 0x13, 0x00, 0x41, 0x00, 0x05, 0x00,
    0x41, 0x00, 0x14, 0x00, 0x41, 0x00, 0x1a, 0x00, 0x10, 0x1c, 0x17, 0x00, 0x41, 0x01, 0x0d, 0x00,
    0x41, 0x01, 0x0c, 0x00, 0x41, 0x00, 0x13, 0x00, 0x41, 0x00, 0x1b, 0x00, 0x41, 0x00, 0x12, 0x00,
    0x10, 0x1d, 0x18, 0x00, 0x41, 0x01, 0x0d, 0x00, 0x41, 0x00, 0x1a, 0x00, 0x41, 0x00, 0x16, 0x00,
    0x41, 0x01, 0x0f, 0x00, 0x41, 0x00, 0x10, 0x00, 0x41, 0x01, 0x0c, 0x00, 0x41, 0x00, 0x12, 0x00,
    0x0e, 0x1e, 0x00, 0x00, 0x00, 0x00, 0x00, 0x00, 0x08, 0x1f, 0x00, 0x00, 0x0d, 0x20, 0x19, 0x00,
    0x0d, 0x21, 0x1a, 0x00, 0x41, 0x00, 0x20, 0x00, 0x0d, 0x22, 0x1b, 0x00, 0x10, 0x23, 0x1c, 0x00,
    0x41, 0x00, 0x20, 0x00, 0x41, 0x00, 0x22, 0x00, 0x41, 0x00, 0x01, 0x00, 0x41, 0x00, 0x21, 0x00,
    0x41, 0x01, 0x1f, 0x00, 0x41, 0x00, 0x09, 0x00, 0x41, 0x01, 0x1e, 0x00, 0x10, 0x24, 0x1d, 0x00,
    0x41, 0x01, 0x1e, 0x00, 0x41, 0x01, 0x1f, 0x00, 0x41, 0x00, 0x0a, 0x00, 0x10, 0x25, 0x1e, 0x00,
    0x41, 0x01, 0x0c, 0x00, 0x41, 0x01, 0x0d, 0x00, 0x41, 0x01, 0x1e, 0x00, 0x41, 0x01, 0x1f, 0x00,
    0x41, 0x01, 0x0e, 0x00, 0x41, 0x01, 0x0f, 0x00, 0x41, 0x00, 0x0b, 0x00, 0x39, 0x26, 0x23, 0x00,
    0x09, 0x25, 0x26, 0x21, 0x1c, 0x00, 0x00, 0x00, 0x09, 0x25, 0x26, 0x91, 0x1d, 0x00, 0x00, 0x00,
    0x09, 0x23, 0x26, 0x68, 0x1e, 0x00, 0x00, 0x00, 0x09, 0x24, 0x26, 0xf2, 0x1f, 0x00, 0x00, 0x00,
    0x09, 0x25, 0x26, 0x9f, 0x20, 0x00, 0x00, 0x00, 0x09, 0x1c, 0x26, 0xa7, 0x21, 0x00, 0x00, 0x00,
    0x09, 0x1d, 0x26, 0xb1, 0x22, 0x00, 0x00, 0x00, 0x22, 0x00, 0x00, 0x00, 0x1b, 0x26, 0x02, 0x00,
    0x24, 0x06, 0x00, 0x06, 0x01, 0x06, 0x02, 0x06, 0x0c, 0x06, 0x0e, 0x06, 0x10, 0x06, 0x11, 0x06,
    0x12, 0x06, 0x14, 0x03, 0x80, 0x02, 0x03, 0x81, 0x02, 0x08, 0x01, 0x09, 0x0a, 0x00, 0x00, 0x00,
    0x01, 0x44, 0x96, 0xc0, 0x44, 0x04, 0x00, 0x00, 0xc0, 0x40, 0x06, 0x16, 0x06, 0x17, 0x06, 0x1a,
    0x06, 0x1b, 0x06, 0x1f, 0x06, 0x20, 0x06, 0x21, 0x06, 0x22, 0x06, 0x33, 0x06, 0x34, 0x06, 0x4e,
    0x06, 0x54, 0x06, 0x56, 0x06, 0x57, 0x03, 0x82, 0x02, 0x03, 0x83, 0x02, 0x03, 0x25, 0x03, 0x84,
    0x02, 0x03, 0x85, 0x02, 0x03, 0x86, 0x02, 0x03, 0x87, 0x02, 0x05, 0x07, 0x1c, 0x1d, 0x1e, 0x1f,
    0x20, 0x21, 0x22, 0x1f, 0x00, 0x01, 0x02, 0x0c, 0x0e, 0x10, 0x11, 0x12, 0x13, 0x14, 0x15, 0x16,
    0x17, 0x1a, 0x1b, 0x1f, 0x20, 0x21, 0x22, 0x33, 0x34, 0x36, 0x4e, 0x51, 0x53, 0x54, 0x56, 0x57,
    0x5c, 0x5d, 0x5e, 0x00, 0x00, 0x00, 0x00, 0x5f,
};
}
